{"name":"outOfBoundTrigger","class":"BeamNGTrigger","persistentId":"cc107bde-ba15-4bee-adf0-6ededbcd5a92","__parent":"SimGroup_","position":[199.616989,419.627075,357.016693],"luaFunction":"onSumoTrigger","scale":[800,800,50],"triggerMode":"Overlaps","triggerTestType":"Bounding box"}
{"name":"SimGroup_","class":"SimGroup","persistentId":"5716ec0a-0a82-408a-a3a3-ab49cfee4cb5","groupPosition":"0 0 0"}
{"class":"TSStatic","persistentId":"037ac442-c563-4025-ab79-21eb2202ea58","__parent":"SimGroup_","position":[173.64505,565.522949,420.200897],"allowPlayerStep":"1","isRenderEnabled":false,"mode":"Ignore","rotationMatrix":[-0.569609523,0.821915448,0,-0.821915448,-0.569609523,0,0,0,0.999999881],"scale":[10,1.5,4],"shapeName":"/art/ind_jumpramp_large.dae"}
{"class":"TSStatic","persistentId":"0774f73e-9251-4539-b181-675787ed5f49","__parent":"SimGroup_","position":[235.657074,279.213684,420.096191],"allowPlayerStep":"1","isRenderEnabled":false,"mode":"Ignore","rotationMatrix":[0.569609404,-0.821915507,0,0.821915507,0.569609404,0,0,0,0.999999881],"scale":[10,1.5,4],"shapeName":"/art/ind_jumpramp_large.dae"}
{"name":"target9","class":"TSStatic","persistentId":"0988ca77-eed3-44d1-bbb6-a27a08c297c7","__parent":"SimGroup_","position":[369.722382,426.559937,408.5401],"collisionType":"Visible Mesh Final","decalType":"Visible Mesh Final","isRenderEnabled":false,"mode":"Ignore","rotationMatrix":[-0.00957965851,-0.999954045,-8.73114914e-11,0.999953806,-0.00957965851,-0.000690534129,0.000690502464,-6.61521335e-06,0.999999762],"scale":[5,5,2],"shapeName":"/art/target.dae"}
{"class":"TSStatic","persistentId":"09adee7e-721f-4901-8a3f-aa8f5a279d04","__parent":"SimGroup_","position":[350.399597,459.111084,420.096191],"allowPlayerStep":"1","isRenderEnabled":false,"mode":"Ignore","rotationMatrix":[0.821915448,0.569609523,0,-0.569609523,0.821915448,0,0,0,0.999999881],"scale":[10,1.5,4],"shapeName":"/art/ind_jumpramp_large.dae"}
{"class":"TSStatic","persistentId":"09f2b095-9185-4774-bae0-3a4eb7b0fbe9","__parent":"SimGroup_","position":[260.955078,336.177094,408.535217],"allowPlayerStep":"1","isRenderEnabled":false,"mode":"Ignore","rotationMatrix":[0.824690223,0.565584719,0,-0.565584719,0.824690223,0,0,0,1],"scale":[1,2,1],"shapeName":"/art/ind_platform_10x10.dae"}
{"class":"TSStatic","persistentId":"0f735268-11d7-4f18-86cc-d2b8aba50d38","__parent":"SimGroup_","position":[122.766212,301.665985,420.252289],"allowPlayerStep":"1","isRenderEnabled":false,"mode":"Ignore","rotationMatrix":[0.821915448,0.569609523,0,-0.569609523,0.821915448,0,0,0,0.999999881],"scale":[10,1.5,4],"shapeName":"/art/ind_jumpramp_large.dae"}
{"class":"TSStatic","persistentId":"10c9e839-2cd4-43df-81fc-4a94d2776f46","__parent":"SimGroup_","position":[217.814072,492.796478,408.535217],"allowPlayerStep":"1","isRenderEnabled":false,"mode":"Ignore","rotationMatrix":[0.824690223,0.565584719,0,-0.565584719,0.824690223,0,0,0,1],"scale":[10,10,1],"shapeName":"/art/ind_platform_10x10.dae"}
{"class":"TSStatic","persistentId":"194dc187-08f2-477e-895f-7ca63a45eb90","__parent":"SimGroup_","position":[98.4223022,514.087585,420.200897],"allowPlayerStep":"1","isRenderEnabled":false,"mode":"Ignore","rotationMatrix":[-0.569609523,0.821915448,0,-0.821915448,-0.569609523,0,0,0,0.999999881],"scale":[10,1.5,4],"shapeName":"/art/ind_jumpramp_large.dae"}
{"class":"TSStatic","persistentId":"227d6d7c-51e0-4b2c-a090-4e7c54a323c9","__parent":"SimGroup_","position":[292.149994,483.186584,408.535217],"allowPlayerStep":"1","isRenderEnabled":false,"mode":"Ignore","rotationMatrix":[0.824690223,0.565584719,0,-0.565584719,0.824690223,0,0,0,1],"scale":[2,1,1],"shapeName":"/art/ind_platform_10x10.dae"}
{"name":"target3","class":"TSStatic","persistentId":"249ed2f5-d749-48b4-98fe-6a9db50df2cd","__parent":"SimGroup_","position":[92.9978714,345.19931,408.730652],"collisionType":"Visible Mesh Final","decalType":"Visible Mesh Final","isRenderEnabled":false,"mode":"Ignore","rotationMatrix":[-0.00957965851,-0.999954045,-8.73114914e-11,0.999953806,-0.00957965851,-0.000690534129,0.000690502464,-6.61521335e-06,0.999999762],"scale":[5,5,2],"shapeName":"/art/target.dae"}
{"class":"TSStatic","persistentId":"29e96cd5-763f-4169-9a51-3f2c421274ad","__parent":"SimGroup_","position":[297.742493,535.092407,420.096191],"allowPlayerStep":"1","isRenderEnabled":false,"mode":"Ignore","rotationMatrix":[0.821915448,0.569609523,0,-0.569609523,0.821915448,0,0,0,0.999999881],"scale":[10,1.5,4],"shapeName":"/art/ind_jumpramp_large.dae"}
{"name":"target6","class":"TSStatic","persistentId":"2cc6dfad-c2c1-4f67-9599-8872125c8390","__parent":"SimGroup_","position":[279.37149,309.229553,408.55011],"collisionType":"Visible Mesh Final","decalType":"Visible Mesh Final","isRenderEnabled":false,"mode":"Ignore","rotationMatrix":[-0.00957965851,-0.999954045,-8.73114914e-11,0.999953806,-0.00957965851,-0.000690534129,0.000690502464,-6.61521335e-06,0.999999762],"scale":[5,5,2],"shapeName":"/art/target.dae"}
{"class":"TSStatic","persistentId":"2d89866f-f808-494f-b4d5-5fb0e92f724e","__parent":"SimGroup_","position":[343.581482,398.345154,408.535217],"allowPlayerStep":"1","isRenderEnabled":false,"mode":"Ignore","rotationMatrix":[0.824690223,0.565584719,0,-0.565584719,0.824690223,0,0,0,1],"scale":[5,5,1],"shapeName":"/art/ind_platform_10x10.dae"}
{"class":"TSStatic","persistentId":"2da36824-6fb7-412e-846a-ad85ddadbd90","__parent":"SimGroup_","position":[60.8461685,389.83551,420.252289],"allowPlayerStep":"1","isRenderEnabled":false,"mode":"Ignore","rotationMatrix":[-0.821915209,-0.569609642,0,0.569609642,-0.821915209,0,0,0,0.999999881],"scale":[10,1.5,4],"shapeName":"/art/ind_jumpramp_large.dae"}
{"class":"TSStatic","persistentId":"38b6ca25-7c10-4df2-808f-0a9128af466b","__parent":"SimGroup_","position":[181.283493,457.695831,408.056519],"allowPlayerStep":"1","isRenderEnabled":false,"mode":"Ignore","rotationMatrix":[0.565542996,-0.824718773,0,0.824718773,0.565542996,0,0,0,0.999999881],"scale":[3,5,5],"shapeName":"/art/ind_platform_10x5_tilt.dae"}
{"name":"target16","class":"TSStatic","persistentId":"3e8bb07d-251e-4bc9-9b5e-6ff4a8b93619","__parent":"SimGroup_","position":[203.519562,423.501465,408.654846],"collisionType":"Visible Mesh Final","decalType":"Visible Mesh Final","isRenderEnabled":false,"mode":"Ignore","rotationMatrix":[-0.00957965851,-0.999954045,-8.73114914e-11,0.999953806,-0.00957965851,-0.000690534129,0.000690502464,-6.61521335e-06,0.999999762],"scale":[5,5,2],"shapeName":"/art/target.dae"}
{"class":"TSStatic","persistentId":"419b55ce-6e29-4fc7-9ea7-0edf648113a4","__parent":"SimGroup_","position":[168.598663,398.669861,408.056519],"allowPlayerStep":"1","isRenderEnabled":false,"mode":"Ignore","rotationMatrix":[0.824719012,0.565542698,0,-0.565542698,0.824719012,0,0,0,0.999999881],"scale":[3,5,5],"shapeName":"/art/ind_platform_10x5_tilt.dae"}
{"class":"TSStatic","persistentId":"43867a66-bf7c-44a8-9404-12c99a1da7cc","__parent":"SimGroup_","position":[118.987869,364.429443,408.535217],"allowPlayerStep":"1","isRenderEnabled":false,"mode":"Ignore","rotationMatrix":[0.824690223,0.565584719,0,-0.565584719,0.824690223,0,0,0,1],"scale":[2,1,1],"shapeName":"/art/ind_platform_10x10.dae"}
{"class":"TSStatic","persistentId":"4876e004-243c-4023-8f20-e751f46e3d0e","__parent":"SimGroup_","position":[228.038116,389.514587,408.056519],"allowPlayerStep":"1","isRenderEnabled":false,"mode":"Ignore","rotationMatrix":[-0.565542698,0.824718773,0,-0.824718773,-0.565542698,0,0,0,0.999999881],"scale":[3,5,5],"shapeName":"/art/ind_platform_10x5_tilt.dae"}
{"name":"target2","class":"TSStatic","persistentId":"4d1cc920-89da-4ed5-9066-5fab56263ded","__parent":"SimGroup_","position":[40.3407669,421.180603,408.730652],"collisionType":"Visible Mesh Final","decalType":"Visible Mesh Final","isRenderEnabled":false,"mode":"Ignore","rotationMatrix":[-0.00957965851,-0.999954045,-8.73114914e-11,0.999953806,-0.00957965851,-0.000690534129,0.000690502464,-6.61521335e-06,0.999999762],"scale":[5,5,2],"shapeName":"/art/target.dae"}
{"class":"TSStatic","persistentId":"71d7e79e-2ec9-455d-b31b-dc1b16821676","__parent":"SimGroup_","position":[161.419464,556.320923,420.200897],"allowPlayerStep":"1","isRenderEnabled":false,"mode":"Ignore","rotationMatrix":[0.569609404,-0.821915507,0,0.821915507,0.569609404,0,0,0,0.999999881],"scale":[10,1.5,4],"shapeName":"/art/ind_jumpramp_large.dae"}
{"class":"TSStatic","persistentId":"7476a39b-0d9f-4e5c-8ae7-2302bb433b2a","__parent":"SimGroup_","position":[113.503273,313.854156,420.252289],"allowPlayerStep":"1","isRenderEnabled":false,"mode":"Ignore","rotationMatrix":[-0.821915209,-0.569609642,0,0.569609642,-0.821915209,0,0,0,0.999999881],"scale":[10,1.5,4],"shapeName":"/art/ind_jumpramp_large.dae"}
{"class":"TSStatic","persistentId":"7741940c-fc27-42fd-a9f0-1f1cd27725e2","__parent":"SimGroup_","position":[191.819931,354.950714,408.535217],"allowPlayerStep":"1","isRenderEnabled":false,"mode":"Ignore","rotationMatrix":[0.824690223,0.565584719,0,-0.565584719,0.824690223,0,0,0,1],"scale":[10,10,1],"shapeName":"/art/ind_platform_10x10.dae"}
{"class":"TSStatic","persistentId":"784b4469-656d-4087-b1ed-d0f0c2fa860c","__parent":"SimGroup_","position":[147.277481,509.872528,408.535217],"allowPlayerStep":"1","isRenderEnabled":false,"mode":"Ignore","rotationMatrix":[0.824690223,0.565584719,0,-0.565584719,0.824690223,0,0,0,1],"shapeName":"/art/ind_platform_10x10.dae"}
{"name":"target10","class":"TSStatic","persistentId":"7a84684e-120a-465d-97ef-e67b5650c697","__parent":"SimGroup_","position":[320.631256,502.644409,408.574554],"collisionType":"Visible Mesh Final","decalType":"Visible Mesh Final","isRenderEnabled":false,"mode":"Ignore","rotationMatrix":[-0.00957965851,-0.999954045,-8.73114914e-11,0.999953806,-0.00957965851,-0.000690534129,0.000690502464,-6.61521335e-06,0.999999762],"scale":[5,5,2],"shapeName":"/art/target.dae"}
{"name":"target8","class":"TSStatic","persistentId":"840e9403-f50c-4853-b233-67159f098388","__parent":"SimGroup_","position":[129.911133,534.90155,408.654816],"collisionType":"Visible Mesh Final","decalType":"Visible Mesh Final","isRenderEnabled":false,"mode":"Ignore","rotationMatrix":[-0.00957965851,-0.999954045,-8.73114914e-11,0.999953806,-0.00957965851,-0.000690534129,0.000690502464,-6.61521335e-06,0.999999762],"scale":[5,5,2],"shapeName":"/art/target.dae"}
{"class":"TSStatic","persistentId":"912b53ca-d706-431e-9c4f-da42be0ee068","__parent":"SimGroup_","position":[273.82724,411.122559,408.535217],"allowPlayerStep":"1","isRenderEnabled":false,"mode":"Ignore","rotationMatrix":[0.824690223,0.565584719,0,-0.565584719,0.824690223,0,0,0,1],"scale":[10,10,1],"shapeName":"/art/ind_platform_10x10.dae"}
{"class":"TSStatic","persistentId":"939ee7a4-7f1a-4643-b04d-cc688ca88045","__parent":"SimGroup_","position":[135.839401,436.577026,408.535217],"allowPlayerStep":"1","isRenderEnabled":false,"mode":"Ignore","rotationMatrix":[0.824690223,0.565584719,0,-0.565584719,0.824690223,0,0,0,1],"scale":[10,10,1],"shapeName":"/art/ind_platform_10x10.dae"}
{"class":"TSStatic","persistentId":"93c85593-f34a-464e-ae44-645959bea920","__parent":"SimGroup_","position":[86.1967163,504.885681,420.200897],"allowPlayerStep":"1","isRenderEnabled":false,"mode":"Ignore","rotationMatrix":[0.569609404,-0.821915507,0,0.821915507,0.569609404,0,0,0,0.999999881],"scale":[10,1.5,4],"shapeName":"/art/ind_jumpramp_large.dae"}
{"class":"TSStatic","persistentId":"9c2150dd-1870-49ed-a9c3-c1ba2b7d6ab3","__parent":"SimGroup_","position":[231.103409,562.362854,408.535217],"allowPlayerStep":"1","isRenderEnabled":false,"mode":"Ignore","rotationMatrix":[0.824690223,0.565584719,0,-0.565584719,0.824690223,0,0,0,1],"scale":[5,5,1],"shapeName":"/art/ind_platform_10x10.dae"}
{"name":"target1","class":"TSStatic","persistentId":"9ce49d85-b28b-46ae-870f-ac35c931df0a","__parent":"SimGroup_","position":[267.974152,578.625671,408.574554],"collisionType":"Visible Mesh Final","decalType":"Visible Mesh Final","isRenderEnabled":false,"mode":"Ignore","rotationMatrix":[-0.00957965851,-0.999954045,-8.73114914e-11,0.999953806,-0.00957965851,-0.000690534129,0.000690502464,-6.61521335e-06,0.999999762],"scale":[5,5,2],"shapeName":"/art/target.dae"}
{"class":"TSStatic","persistentId":"a5d587f2-362a-41a8-a11e-29679d5fea8e","__parent":"SimGroup_","position":[288.479553,547.280579,420.096191],"allowPlayerStep":"1","isRenderEnabled":false,"mode":"Ignore","rotationMatrix":[-0.821915209,-0.569609642,0,0.569609642,-0.821915209,0,0,0,0.999999881],"scale":[10,1.5,4],"shapeName":"/art/ind_jumpramp_large.dae"}
{"class":"TSStatic","persistentId":"b1760c93-f6cc-4982-b566-a97189319212","__parent":"SimGroup_","position":[310.879822,330.649078,420.096191],"allowPlayerStep":"1","isRenderEnabled":false,"mode":"Ignore","rotationMatrix":[0.569609404,-0.821915507,0,0.821915507,0.569609404,0,0,0,0.999999881],"scale":[10,1.5,4],"shapeName":"/art/ind_jumpramp_large.dae"}
{"name":"target5","class":"TSStatic","persistentId":"badc9332-52a1-4ccf-9abd-71dc49da6a8a","__parent":"SimGroup_","position":[354.594238,360.664948,408.55011],"collisionType":"Visible Mesh Final","decalType":"Visible Mesh Final","isRenderEnabled":false,"mode":"Ignore","rotationMatrix":[-0.00957965851,-0.999954045,-8.73114914e-11,0.999953806,-0.00957965851,-0.000690534129,0.000690502464,-6.61521335e-06,0.999999762],"scale":[5,5,2],"shapeName":"/art/target.dae"}
{"class":"TSStatic","persistentId":"c21d68b4-737f-4ea9-9b16-82abd11a7fa9","__parent":"SimGroup_","position":[178.09462,285.220642,408.535217],"allowPlayerStep":"1","isRenderEnabled":false,"mode":"Ignore","rotationMatrix":[0.824690223,0.565584719,0,-0.565584719,0.824690223,0,0,0,1],"scale":[5,5,1],"shapeName":"/art/ind_platform_10x10.dae"}
{"class":"TSStatic","persistentId":"d4b17198-e801-4bcb-8c6a-5ad616a65486","__parent":"SimGroup_","position":[341.136658,471.299255,420.096191],"allowPlayerStep":"1","isRenderEnabled":false,"mode":"Ignore","rotationMatrix":[-0.821915209,-0.569609642,0,0.569609642,-0.821915209,0,0,0,0.999999881],"scale":[10,1.5,4],"shapeName":"/art/ind_jumpramp_large.dae"}
{"class":"TSStatic","persistentId":"dcadc45e-154f-40f6-856c-60fbdecc5505","__parent":"SimGroup_","position":[323.105408,339.850983,420.096191],"allowPlayerStep":"1","isRenderEnabled":false,"mode":"Ignore","rotationMatrix":[-0.569609523,0.821915448,0,-0.821915448,-0.569609523,0,0,0,0.999999881],"scale":[10,1.5,4],"shapeName":"/art/ind_jumpramp_large.dae"}
{"name":"target11","class":"TSStatic","persistentId":"e594192b-ca19-4425-b45f-8a42918fb153","__parent":"SimGroup_","position":[56.9586029,484.755615,408.704865],"collisionType":"Visible Mesh Final","decalType":"Visible Mesh Final","isRenderEnabled":false,"mode":"Ignore","rotationMatrix":[-0.00957965851,-0.999954045,-8.73114914e-11,0.999953806,-0.00957965851,-0.000690534129,0.000690502464,-6.61521335e-06,0.999999762],"scale":[5,5,2],"shapeName":"/art/target.dae"}
{"name":"target4","class":"TSStatic","persistentId":"e7cdce28-2db7-411c-bcdb-70896a574953","__parent":"SimGroup_","position":[142.08902,269.114838,408.696198],"collisionType":"Visible Mesh Final","decalType":"Visible Mesh Final","isRenderEnabled":false,"mode":"Ignore","rotationMatrix":[-0.00957965851,-0.999954045,-8.73114914e-11,0.999953806,-0.00957965851,-0.000690534129,0.000690502464,-6.61521335e-06,0.999999762],"scale":[5,5,2],"shapeName":"/art/target.dae"}
{"name":"target7","class":"TSStatic","persistentId":"f16f3e1b-3c18-4075-ae69-54da096af927","__parent":"SimGroup_","position":[206.418961,259.083618,408.600159],"collisionType":"Visible Mesh Final","decalType":"Visible Mesh Final","isRenderEnabled":false,"mode":"Ignore","rotationMatrix":[-0.00957965851,-0.999954045,-8.73114914e-11,0.999953806,-0.00957965851,-0.000690534129,0.000690502464,-6.61521335e-06,0.999999762],"scale":[5,5,2],"shapeName":"/art/target.dae"}
{"class":"TSStatic","persistentId":"f99f4295-fd55-462e-92e3-edb384ab430b","__parent":"SimGroup_","position":[238.655136,446.710358,408.056519],"allowPlayerStep":"1","isRenderEnabled":false,"mode":"Ignore","rotationMatrix":[-0.824718952,-0.565542817,0,0.565542817,-0.824718952,0,0,0,1],"scale":[3,5,5],"shapeName":"/art/ind_platform_10x5_tilt.dae"}
{"class":"TSStatic","persistentId":"f9d97cc2-3815-4bdd-97ef-8ade66c48ad4","__parent":"SimGroup_","position":[247.88266,288.415588,420.096191],"allowPlayerStep":"1","isRenderEnabled":false,"mode":"Ignore","rotationMatrix":[-0.569609523,0.821915448,0,-0.821915448,-0.569609523,0,0,0,0.999999881],"scale":[10,1.5,4],"shapeName":"/art/ind_jumpramp_large.dae"}
{"name":"target12","class":"TSStatic","persistentId":"fabad211-790a-4dac-b688-3325ec0d4f5c","__parent":"SimGroup_","position":[205.133896,586.336914,408.654816],"collisionType":"Visible Mesh Final","decalType":"Visible Mesh Final","isRenderEnabled":false,"mode":"Ignore","rotationMatrix":[-0.00957965851,-0.999954045,-8.73114914e-11,0.999953806,-0.00957965851,-0.000690534129,0.000690502464,-6.61521335e-06,0.999999762],"scale":[5,5,2],"shapeName":"/art/target.dae"}
{"class":"TSStatic","persistentId":"fc43f146-a0d2-4b7a-9402-5c668f72fc58","__parent":"SimGroup_","position":[65.8243256,451.332031,408.535217],"allowPlayerStep":"1","isRenderEnabled":false,"mode":"Ignore","rotationMatrix":[0.824690223,0.565584719,0,-0.565584719,0.824690223,0,0,0,1],"scale":[5,5,1],"shapeName":"/art/ind_platform_10x10.dae"}
{"class":"TSStatic","persistentId":"fc469880-5efa-4d90-97a6-8e15c4a90a8e","__parent":"SimGroup_","position":[70.109108,377.6474,420.252289],"allowPlayerStep":"1","isRenderEnabled":false,"mode":"Ignore","rotationMatrix":[0.821915448,0.569609523,0,-0.569609523,0.821915448,0,0,0,0.999999881],"scale":[10,1.5,4],"shapeName":"/art/ind_jumpramp_large.dae"}
