{"name":"goalTrigger","class":"BeamNGTrigger","persistentId":"7c79e158-ef91-446d-adfe-7da0490789f3","__parent":"SimGroup_2","position":[0,0,0],"luaFunction":"onSumoTrigger","scale":[10,10,13.1018314],"triggerMode":"Overlaps","triggerTestType":"Bounding box","triggerType":"Sphere"}
{"name":"SimGroup_2","class":"SimGroup","persistentId":"66c76342-4d6e-48a9-bb69-38aa42ffb2cb","groupPosition":"0 0 0"}
{"name":"goal4TSStatic","class":"TSStatic","persistentId":"74dc2f7c-a440-45a9-9151-ae7fd4c86f8e","__parent":"SimGroup_2","position":[0,0,11],"annotation":"OBSTACLES","collisionType":"None","decalType":"None","instanceColor":[0.129283324,0.326281816,0.863942921,1],"instanceColor1":[0.961126566,0.961126566,0.961126566,1],"isRenderEnabled":false,"rotationMatrix":[1,1.34110451e-07,-1.74845553e-07,1.34110394e-07,-1,-3.2584137e-07,-1.7484561e-07,3.25841341e-07,-1],"scale":[90,90,0.5],"shapeName":"/art/shapes/interface/single_faded_column.dae","useInstanceRenderData":true}
