{
  "sumo_m_concrete_plain": {
    "name": "sumo_m_concrete_plain",
    "mapTo": "sumo_m_concrete_plain",
    "class": "Material",
    "persistentId": "40319074-87c9-4ffc-9d47-cf86d428ea3e",
    "Stages": [
      {
        "ambientOcclusionMap": "/art/SumoMaterials/t_concrete_plain_ao.data.png",
        "baseColorFactor": [
          0.992156923,
          0.992156923,
          0.992156923,
          1
        ],
        "baseColorMap": "/art/SumoMaterials/t_concrete_plain_b.color.png",
        "detailMap": "/art/SumoMaterials/t_macro_asphalt_b.png",
        "detailNormalMap": "/art/SumoMaterials/t_macro_asphalt_nm.png",
        "detailNormalMapStrength": 0.209999993,
        "detailScale": [
          0.100000001,
          0.100000001
        ],
        "diffuseMapUseUV": null,
        "normalMap": "/art/SumoMaterials/t_concrete_plain_nm.normal.png",
        "opacityMapUseUV": null,
        "pixelSpecular": true,
        "roughnessFactor": 0.607767701,
        "roughnessMap": "/art/SumoMaterials/t_concrete_plain_r.data.png",
        "specular": [
          0.517175972,
          0.517170012,
          0.517170012,
          1
        ],
        "vertColor": true
      },
      {
        "baseColorFactor": null,
        "baseColorMap": "/art/SumoMaterials/t_breakup_general_b.color.png",
        "detailNormalMapStrength": null,
        "detailScale": null,
        "diffuseMapUseUV": 1,
        "opacityMap": "/art/SumoMaterials/t_breakup_general_o.data.png",
        "opacityMapUseUV": 1,
        "pixelSpecular": null,
        "roughnessFactor": 0.699999988,
        "specular": null,
        "vertColor": true
      },
      {
        "baseColorFactor": null,
        "detailNormalMapStrength": null,
        "detailScale": null,
        "diffuseMapUseUV": null,
        "opacityMapUseUV": null,
        "pixelSpecular": null,
        "roughnessFactor": null,
        "specular": null,
        "vertColor": null
      },
      {
        "baseColorFactor": null,
        "detailNormalMapStrength": null,
        "detailScale": null,
        "diffuseMapUseUV": null,
        "opacityMapUseUV": null,
        "pixelSpecular": null,
        "roughnessFactor": null,
        "specular": null,
        "vertColor": null
      }
    ],
    "activeLayers": 2,
    "alphaRef": 0,
    "annotation": "BUILDINGS",
    "groundType": "CONCRETE",
    "materialTag0": "beamng",
    "materialTag1": "building",
    "materialTag2": "concrete",
    "specularStrength0": "0.490196",
    "translucentBlendOp": "None",
    "version": 1.5
  },
  "Concrete_Road_Barrier_b": {
    "name": "Concrete_Road_Barrier_b",
    "mapTo": "concrete_road_barrier_b",
    "class": "Material",
    "persistentId": "dcdaef9f-31fe-4215-9a38-244c398fb0f4",
    "Stages": [
      {
        "colorMap": "levels/driver_training/art/shapes/misc/concrete_road_barriers.color.png",
        "diffuseColor": [
          0.992156982,
          0.992156982,
          0.992156982,
          1
        ],
        "normalMap": "levels/driver_training/art/shapes/misc/concrete_road_barriers.normal.png",
        "specularMap": "levels/driver_training/art/shapes/misc/concrete_road_barriers_s.color.png",
        "specularPower": 1
      },
      {},
      {},
      {}
    ],
    "groundType": "ASPHALT_OLD",
    "materialTag0": "beamng",
    "materialTag1": "Industrial"
  },
  "eca_backdrop": {
    "name": "eca_backdrop",
    "mapTo": "eca_backdrop",
    "class": "Material",
    "persistentId": "96b53b88-5e86-45e9-b448-84c91a69a017",
    "Stages": [
      {
        "ambientOcclusionMap": "/levels/driver_training/art/shapes/misc/t_driver_training_backdrop_ao.data.png",
        "baseColorFactor": [
          1,
          0.999996006,
          0.999989986,
          1.37199998
        ],
        "baseColorMap": "/levels/driver_training/art/shapes/misc/t_driver_training_backdrop_b.color.png",
        "detailScale": [
          1,
          1
        ],
        "normalMap": "/levels/driver_training/art/shapes/misc/t_driver_training_backdrop_nm.normal.png",
        "roughnessMap": "/levels/driver_training/art/shapes/misc/t_driver_training_backdrop_r.data.png"
      },
      {},
      {},
      {}
    ],
    "alphaRef": 120,
    "castShadows": false,
    "groundType": "GRAVEL",
    "materialTag0": "beamng",
    "materialTag1": "Natural",
    "version": 1.5
  },
  "far_backdrop": {
    "name": "far_backdrop",
    "mapTo": "far_backdrop",
    "class": "Material",
    "persistentId": "20457574-fc70-49e2-a976-3c9c13187442",
    "Stages": [
      {
        "ambientOcclusionMap": "/levels/driver_training/art/shapes/misc/t_far_backdrop_ao.data.png",
        "baseColorMap": "/levels/driver_training/art/shapes/misc/t_far_backdrop_b.color.png",
        "normalMap": "/levels/driver_training/art/shapes/misc/t_far_backdrop_nm.normal.png",
        "roughnessMap": "/levels/driver_training/art/shapes/misc/t_far_backdrop_r.data.png"
      },
      {},
      {},
      {}
    ],
    "version": 1.5
  },
  "m_gm_concrete_tiles_vertical": {
    "name": "m_gm_concrete_tiles_vertical",
    "mapTo": "m_gm_concrete_tiles_vertical",
    "class": "Material",
    "persistentId": "d0cbff52-0a39-4a41-8ccd-6e9c6ee8ddf1",
    "Stages": [
      {
        "colorMap": "/levels/driver_training/art/shapes/misc/t_gm_concrete_tiles_vertical_d.color.png",
        "detailMap": "/levels/driver_training/art/shapes/misc/t_gm_concrete_plain_detail.data.png",
        "detailNormalMap": "/levels/driver_training/art/shapes/misc/t_gm_concrete_plain_nm.normal.png",
        "detailNormalMapStrength": 0.300000012,
        "detailScale": [
          4,
          4
        ],
        "diffuseColor": [
          0.992156982,
          0.992156982,
          0.992156982,
          1
        ],
        "normalMap": "/levels/driver_training/art/shapes/misc/t_gm_concrete_tiles_vertical_nm.normal.png",
        "specularMap": "/levels/driver_training/art/shapes/misc/t_gm_concrete_tiles_vertical_s.color.png",
        "useAnisotropic": true,
        "vertColor": true
      },
      {},
      {},
      {}
    ],
    "groundType": "CONCRETE",
    "materialTag0": "beamng",
    "materialTag1": "Industrial"
  }
}