{
  "sumo_m_concrete_plain": {
    "name": "sumo_m_concrete_plain",
    "mapTo": "sumo_m_concrete_plain",
    "class": "Material",
    "persistentId": "40319074-87c9-4ffc-9d47-cf86d428ea3e",
    "Stages": [
      {
        "ambientOcclusionMap": "/art/SumoMaterials/t_concrete_plain_ao.data.png",
        "baseColorFactor": [
          0.992156923,
          0.992156923,
          0.992156923,
          1
        ],
        "baseColorMap": "/art/SumoMaterials/t_concrete_plain_b.color.png",
        "detailMap": "/art/SumoMaterials/t_macro_asphalt_b.png",
        "detailNormalMap": "/art/SumoMaterials/t_macro_asphalt_nm.png",
        "detailNormalMapStrength": 0.209999993,
        "detailScale": [
          0.100000001,
          0.100000001
        ],
        "diffuseMapUseUV": null,
        "normalMap": "/art/SumoMaterials/t_concrete_plain_nm.normal.png",
        "opacityMapUseUV": null,
        "pixelSpecular": true,
        "roughnessFactor": 0.607767701,
        "roughnessMap": "/art/SumoMaterials/t_concrete_plain_r.data.png",
        "specular": [
          0.517175972,
          0.517170012,
          0.517170012,
          1
        ],
        "vertColor": true
      },
      {
        "baseColorFactor": null,
        "baseColorMap": "/art/SumoMaterials/t_breakup_general_b.color.png",
        "detailNormalMapStrength": null,
        "detailScale": null,
        "diffuseMapUseUV": 1,
        "opacityMap": "/art/SumoMaterials/t_breakup_general_o.data.png",
        "opacityMapUseUV": 1,
        "pixelSpecular": null,
        "roughnessFactor": 0.699999988,
        "specular": null,
        "vertColor": true
      },
      {
        "baseColorFactor": null,
        "detailNormalMapStrength": null,
        "detailScale": null,
        "diffuseMapUseUV": null,
        "opacityMapUseUV": null,
        "pixelSpecular": null,
        "roughnessFactor": null,
        "specular": null,
        "vertColor": null
      },
      {
        "baseColorFactor": null,
        "detailNormalMapStrength": null,
        "detailScale": null,
        "diffuseMapUseUV": null,
        "opacityMapUseUV": null,
        "pixelSpecular": null,
        "roughnessFactor": null,
        "specular": null,
        "vertColor": null
      }
    ],
    "activeLayers": 2,
    "alphaRef": 0,
    "annotation": "BUILDINGS",
    "groundType": "CONCRETE",
    "materialTag0": "beamng",
    "materialTag1": "building",
    "materialTag2": "concrete",
    "specularStrength0": "0.490196",
    "translucentBlendOp": "None",
    "version": 1.5
  },
  "AsphaltRoad_laned_mesh": {
    "name": "AsphaltRoad_laned_mesh",
    "mapTo": "AsphaltRoad_laned_mesh",
    "class": "Material",
    "persistentId": "83b48e0a-9647-4158-8d25-725bda22c632",
    "Stages": [
      {
        "colorMap": "levels/industrial/art/road/AsphaltRoad_laned_d.dds",
        "normalMap": "levels/industrial/art/road/AsphaltRoad_laned_n.dds",
        "specular": [
          0.9960780143737792,
          0.9960780143737792,
          0.9960780143737792,
          1
        ],
        "specularMap": "levels/industrial/art/road/AsphaltRoad_laned_s.dds",
        "specularPower": 1,
        "useAnisotropic": true
      },
      {},
      {},
      {}
    ],
    "groundType": "ASPHALT_OLD",
    "materialTag0": "beamng",
    "materialTag1": "RoadAndPath",
    "materialTag2": "RoadAndPath"
  },
  "Concrete_Road_Barrier_a": {
    "name": "Concrete_Road_Barrier_a",
    "mapTo": "concrete_road_barrier_a",
    "class": "Material",
    "persistentId": "dcdaef9f-31fe-4215-9a38-244c398fb0f4",
    "Stages": [
      {
        "colorMap": "levels/Industrial/art/shapes/misc/concrete_road_barriers.color.png",
        "diffuseColor": [
          0.992156982,
          0.992156982,
          0.992156982,
          1
        ],
        "normalMap": "levels/Industrial/art/shapes/misc/concrete_road_barriers.normal.png",
        "specularMap": "levels/Industrial/art/shapes/misc/concrete_road_barriers_s.color.png",
        "specularPower": 1
      },
      {},
      {},
      {}
    ],
    "groundType": "ASPHALT_OLD",
    "materialTag0": "beamng",
    "materialTag1": "Industrial"
  },
  "containers_shipping": {
    "name": "containers_shipping",
    "mapTo": "containers_shipping",
    "class": "Material",
    "persistentId": "54ab4b85-e352-4833-a604-3fb87a8fddd6",
    "Stages": [
      {
        "diffuseColor": [
          0.992156982,
          0.992156982,
          0.992156982,
          1
        ],
        "normalMap": "/levels/industrial/art/shapes/misc/containers_n.normal.png",
        "specularMap": "/levels/industrial/art/shapes/misc/containers_s.color.png",
        "useAnisotropic": true,
        "vertColor": true
      },
      {
        "colorMap": "/levels/industrial/art/shapes/misc/containers_d.color.png",
        "normalMap": "/levels/industrial/art/shapes/misc/containers_n.normal.png",
        "specularMap": "/levels/industrial/art/shapes/misc/containers_s.color.png"
      },
      {},
      {}
    ],
    "annotation": "OBSTACLES",
    "groundType": "METAL",
    "materialTag0": "beamng",
    "materialTag1": "Industrial"
  },
  "containers_shipping_branding": {
    "name": "containers_shipping_branding",
    "mapTo": "containers_shipping_branding",
    "class": "Material",
    "persistentId": "db16d184-65a8-47b8-b1c7-39e2f545323d",
    "Stages": [
      {
        "colorMap": "/levels/industrial/art/shapes/misc/containers_branding.png",
        "diffuseColor": [
          0.992156982,
          0.992156982,
          0.992156982,
          1
        ],
        "useAnisotropic": true,
        "vertColor": true
      },
      {},
      {},
      {}
    ],
    "castShadows": false,
    "groundType": "ASPHALT_OLD",
    "materialTag0": "beamng",
    "materialTag1": "Industrial",
    "translucent": true,
    "translucentZWrite": true
  },
  "ferry_black": {
    "name": "ferry_black",
    "mapTo": "ferry_black",
    "class": "Material",
    "persistentId": "1b373f80-e3a7-4065-b959-7d6ddf2f9141",
    "Stages": [
      {
        "colorMap": "levels/industrial/art/shapes/misc/ferry_black.dds",
        "normalMap": "levels/industrial/art/shapes/misc/ferry_n.dds",
        "pixelSpecular": true,
        "specularMap": "levels/industrial/art/shapes/misc/ferry_s.dds",
        "specularPower": 4,
        "useAnisotropic": true
      },
      {},
      {},
      {}
    ],
    "materialTag0": "beamng",
    "materialTag1": "Industrial"
  },
  "ferry_blue": {
    "name": "ferry_blue",
    "mapTo": "ferry_blue",
    "class": "Material",
    "persistentId": "c3084283-b6a4-40e5-8089-7b482b7c14e1",
    "Stages": [
      {
        "colorMap": "levels/industrial/art/shapes/misc/ferry_blue.dds",
        "normalMap": "levels/industrial/art/shapes/misc/ferry_n.dds",
        "pixelSpecular": true,
        "specularMap": "levels/industrial/art/shapes/misc/ferry_s.dds",
        "specularPower": 4,
        "useAnisotropic": true
      },
      {},
      {},
      {}
    ],
    "materialTag0": "beamng",
    "materialTag1": "Industrial"
  },
  "ferry_hazard": {
    "name": "ferry_hazard",
    "mapTo": "ferry_hazard",
    "class": "Material",
    "persistentId": "3bf70c71-4254-4d5c-b627-063092905b7c",
    "Stages": [
      {
        "colorMap": "levels/industrial/art/shapes/misc/ferry_hazard.dds",
        "normalMap": "levels/industrial/art/shapes/misc/ferry_n.dds",
        "pixelSpecular": true,
        "specularMap": "levels/industrial/art/shapes/misc/ferry_s.dds",
        "specularPower": 4,
        "useAnisotropic": true
      },
      {},
      {},
      {}
    ],
    "materialTag0": "beamng",
    "materialTag1": "Industrial"
  },
  "ferry_railing": {
    "name": "ferry_railing",
    "mapTo": "ferry_railing",
    "class": "Material",
    "persistentId": "2219cfdd-a300-4858-9d86-8068e9cb3c70",
    "Stages": [
      {
        "colorMap": "levels/industrial/art/shapes/misc/ferry_railing_d.dds",
        "normalMap": "levels/industrial/art/shapes/misc/ferry_railing_n.dds",
        "pixelSpecular": true,
        "specularMap": "levels/industrial/art/shapes/misc/ferry_s.dds",
        "specularPower": 4,
        "useAnisotropic": true
      },
      {},
      {},
      {}
    ],
    "alphaRef": 50,
    "alphaTest": true,
    "doubleSided": true,
    "materialTag0": "beamng",
    "materialTag1": "Industrial"
  },
  "ferry_red": {
    "name": "ferry_red",
    "mapTo": "ferry_red",
    "class": "Material",
    "persistentId": "d708ad1d-180d-4bc4-aee3-7baadc21f8c8",
    "Stages": [
      {
        "colorMap": "levels/industrial/art/shapes/misc/ferry_red.dds",
        "normalMap": "levels/industrial/art/shapes/misc/ferry_n.dds",
        "pixelSpecular": true,
        "specularMap": "levels/industrial/art/shapes/misc/ferry_s.dds",
        "specularPower": 4,
        "useAnisotropic": true
      },
      {},
      {},
      {}
    ],
    "materialTag0": "beamng",
    "materialTag1": "Industrial"
  },
  "ferry_white": {
    "name": "ferry_white",
    "mapTo": "ferry_white",
    "class": "Material",
    "persistentId": "e6a37ac0-1d2f-42d6-8146-98edb077804d",
    "Stages": [
      {
        "colorMap": "levels/industrial/art/shapes/misc/ferry_white.dds",
        "normalMap": "levels/industrial/art/shapes/misc/ferry_n.dds",
        "pixelSpecular": true,
        "specularMap": "levels/industrial/art/shapes/misc/ferry_s.dds",
        "specularPower": 4,
        "useAnisotropic": true
      },
      {},
      {},
      {}
    ],
    "materialTag0": "beamng",
    "materialTag1": "Industrial"
  },
  "ferry_white_paint": {
    "name": "ferry_white_paint",
    "mapTo": "ferry_white_paint",
    "class": "Material",
    "persistentId": "86be54b6-6149-4492-ad2a-e99d01e8e2d0",
    "Stages": [
      {
        "colorMap": "levels/industrial/art/shapes/misc/ferry_white_paint.dds",
        "normalMap": "levels/industrial/art/shapes/misc/ferry_n.dds",
        "specular": [
          0.5,
          0.5,
          0.5,
          1
        ],
        "specularMap": "levels/industrial/art/shapes/misc/ferry_s.dds",
        "specularPower": 50
      },
      {},
      {},
      {}
    ],
    "materialTag0": "beamng",
    "materialTag1": "Industrial",
    "translucentBlendOp": "None"
  },
  "ferry_window": {
    "name": "ferry_window",
    "mapTo": "ferry_window",
    "class": "Material",
    "persistentId": "a63f3a73-7b55-46f7-b9fc-a7fefc7ae942",
    "Stages": [
      {
        "colorMap": "levels/industrial/art/shapes/misc/ferry_white_paint.dds",
        "diffuseColor": [
          0,
          0.580392003,
          1,
          0.00800000038
        ],
        "normalMap": "levels/industrial/art/shapes/misc/ferry_n.dds",
        "pixelSpecular": true,
        "specularMap": "levels/industrial/art/shapes/misc/ferry_s.dds",
        "specularPower": 4,
        "useAnisotropic": true
      },
      {},
      {},
      {}
    ],
    "cubemap": "BNG_Sky_02_cubemap",
    "materialTag0": "beamng",
    "materialTag1": "Industrial"
  },
  "ind_backdrop": {
    "name": "ind_backdrop",
    "mapTo": "ind_backdrop",
    "class": "Material",
    "persistentId": "842ccaca-90d8-4156-a380-66327b179b5e",
    "Stages": [
      {
        "baseColorMap": "/levels/industrial/art/shapes/misc/t_ind_backdrop_b.color.png",
        "detailMap": "/levels/industrial/art/shapes/misc/t_ind_backdrop_detail_b.data.png",
        "detailNormalMap": "/levels/industrial/art/shapes/misc/t_ind_backdrop_detail_nm.normal.png",
        "detailScale": [
          20,
          20
        ],
        "roughnessMap": "/levels/industrial/art/shapes/misc/t_ind_backdrop_r.data.png",
        "specular": [
          0.996078014,
          0.996078014,
          0.996078014,
          1
        ],
        "vertColor": true
      },
      {},
      {},
      {}
    ],
    "groundType": "DIRT",
    "materialTag0": "beamng",
    "materialTag1": "RoadAndPath",
    "materialTag2": "RoadAndPath",
    "version": 1.5
  },
  "misc_markings_01": {
    "name": "misc_markings_01",
    "mapTo": "misc_markings_01",
    "class": "Material",
    "persistentId": "cbcd947f-f630-44e4-a550-7138adcda1f1",
    "Stages": [
      {
        "colorMap": "misc_markings.dds",
        "diffuseColor": [
          0.9960780143737792,
          0.9960780143737792,
          0.9960780143737792,
          1
        ],
        "pixelSpecular": true,
        "specular": [
          0.5,
          0.5,
          0.5,
          1
        ],
        "specularPower": 1
      },
      {},
      {},
      {}
    ],
    "alphaRef": 40,
    "alphaTest": true,
    "castShadows": false,
    "doubleSided": true,
    "groundType": "PLASTIC",
    "materialTag0": "beamng",
    "materialTag1": "Industrial",
    "translucentZWrite": true
  },
  "speedbump_01a": {
    "name": "speedbump_01a",
    "mapTo": "speedbump_01a",
    "class": "Material",
    "persistentId": "0f6e1e43-da99-445f-9900-02c075ea6595",
    "Stages": [
      {
        "colorMap": "speedbump_01a_d.dds",
        "normalMap": "speedbump_01a_n.dds",
        "pixelSpecular": true,
        "specularMap": "speedbump_01a_s.dds",
        "specularPower": 3,
        "useAnisotropic": true
      },
      {},
      {},
      {}
    ],
    "groundType": "ASPHALT_OLD",
    "materialTag0": "beamng",
    "materialTag1": "Industrial"
  },
  "terrain_grass2": {
    "name": "terrain_grass2",
    "mapTo": "terrain_grass2",
    "class": "Material",
    "persistentId": "463790d2-5aaa-40e8-a8c7-4d9db0954fa3",
    "Stages": [
      {
        "colorMap": "levels/industrial/art/terrains/Grass-02-D.dds",
        "diffuseColor": [
          0.87450999,
          0.854902029,
          0.639216006,
          1
        ],
        "normalMap": "levels/industrial/art/terrains/Grass-02-N.dds"
      },
      {},
      {},
      {}
    ],
    "doubleSided": true,
    "groundType": "GRASS",
    "materialTag0": "beamng",
    "materialTag1": "Natural",
    "translucentBlendOp": "None"
  },
  "zebra": {
    "name": "zebra",
    "mapTo": "zebra",
    "class": "Material",
    "persistentId": "ca5455ab-235c-495a-92e2-2421bb04eda1",
    "Stages": [
      {
        "colorMap": "/levels/industrial/art/shapes/misc/zebra_d.color.png",
        "diffuseColor": [
          1,
          0.999997973,
          0.999989986,
          0.587541997
        ],
        "normalMap": "/levels/industrial/art/shapes/misc/zebra_n.normal.png",
        "overlayMap": "/levels/industrial/art/shapes/buildings/utah_breakup_texture.dds",
        "specularMap": "/levels/industrial/art/shapes/misc/zebra_s.color.png",
        "vertColor": true
      },
      {},
      {},
      {}
    ],
    "alphaRef": 0,
    "translucent": true,
    "translucentZWrite": true
  }
}