{
  "sumo_canal": {
    "name": "sumo_canal",
    "mapTo": "sumo_canal",
    "class": "Material",
    "persistentId": "0b2a4111-4209-46a8-aaee-6ffd27c82c66",
    "Stages": [
      {
        "colorMap": "/art/SumoMaterials/buildings/canal_d.dds",
        "detailMap": "/art/SumoMaterials/roads/Concrete-04-diff.dds",
        "detailScale": [
          6,
          6
        ],
        "normalMap": "/art/SumoMaterials/buildings/canal_n.dds",
        "pixelSpecular": true,
        "reflectivityMap": "/art/SumoMaterials/buildings/canal_r.dds",
        "roughnessFactor": 0.607767701,
        "specularMap": "/art/SumoMaterials/buildings/canal_s.dds",
        "useAnisotropic": true,
        "vertColor": true
      },
      {},
      {},
      {}
    ],
    "alphaRef": 0,
    "annotation": "BUILDINGS",
    "cubemap": "global_cubemap_metalblurred",
    "materialTag0": "beamng",
    "materialTag1": "building",
    "translucentBlendOp": "None"
  },
  "asphalt_decayed": {
    "name": "asphalt_decayed",
    "mapTo": "asphalt_decayed",
    "class": "Material",
    "persistentId": "24d5bc65-675b-4288-a494-33eda5f0f7f9",
    "Stages": [
      {
        "colorMap": "/levels/industrial/art/shapes/buildings/terrain_gravel_d.color.png",
        "detailMap": "/levels/industrial/art/shapes/buildings/concrete_damage_detail.data.png",
        "detailNormalMap": "/levels/industrial/art/shapes/buildings/concrete_damage_n.normal.png",
        "detailNormalMapStrength": 2,
        "detailScale": [
          0.200000003,
          0.200000003
        ],
        "diffuseColor": [
          0.840067029,
          0.840058982,
          0.840058982,
          1
        ],
        "normalMap": "/levels/industrial/art/shapes/buildings/terrain_gravel_n.normal.png",
        "overlayMap": "/levels/industrial/art/shapes/buildings/utah_breakup_texture.dds",
        "roughnessFactor": 0.703999996,
        "specularMap": "/levels/industrial/art/shapes/buildings/terrain_gravel_s.data.png",
        "useAnisotropic": true,
        "vertColor": true
      },
      {},
      {},
      {}
    ],
    "annotation": "STREET",
    "groundType": "ASPHALT_OLD",
    "materialTag0": "beamng",
    "materialTag1": "Industrial",
    "specularStrength0": "0.3",
    "specularStrength1": "0.2",
    "translucentBlendOp": "None"
  },
  "floodlight": {
    "name": "floodlight",
    "mapTo": "floodlight",
    "class": "Material",
    "persistentId": "2c36c2cc-25a3-4244-8a25-cf9aa4ca5dea",
    "Stages": [
      {
        "colorMap": "/levels/industrial/art/shapes/buildings/floodlight_d.dds",
        "normalMap": "/levels/industrial/art/shapes/buildings/floodlight_n.dds",
        "reflectivityMap": "/levels/industrial/art/shapes/buildings/floodlight_r.dds",
        "specularMap": "/levels/industrial/art/shapes/buildings/floodlight_s.dds"
      },
      {},
      {},
      {}
    ],
    "annotation": "OBSTACLES"
  },
  "ind_bricks_01": {
    "name": "ind_bricks_01",
    "mapTo": "ind_bricks_01",
    "class": "Material",
    "persistentId": "0bfcbd0f-73f6-414a-a746-3f32be522e17",
    "Stages": [
      {
        "colorMap": "/levels/industrial/art/shapes/buildings/ind_bricks_01_d.color.png",
        "detailScale": [
          0.100000001,
          0.100000001
        ],
        "diffuseColor": [
          0.996078491,
          0.996078491,
          0.996078491,
          1
        ],
        "normalMap": "/levels/industrial/art/shapes/buildings/ind_bricks_01_nm.normal.png",
        "overlayMap": "levels/industrial/art/shapes/buildings/utah_breakup_texture.dds",
        "roughnessFactor": 0.634000003,
        "specular": [
          0.517647088,
          0.517647088,
          0.517647088,
          1
        ],
        "specularMap": "/levels/industrial/art/shapes/buildings/ind_bricks_02_s.color.png",
        "useAnisotropic": true,
        "vertColor": true
      },
      {},
      {},
      {}
    ],
    "annotation": "BUILDINGS",
    "groundType": "ASPHALT_OLD",
    "invertBackFaceNormals": true,
    "materialTag0": "beamng",
    "materialTag1": "Industrial",
    "materialTag2": "Industrial",
    "specularStrength0": "1.3",
    "specularStrength1": "0.2",
    "translucentBlendOp": "None"
  },
  "ind_bricks_02": {
    "name": "ind_bricks_02",
    "mapTo": "ind_bricks_02",
    "class": "Material",
    "persistentId": "38baa51b-b451-4ac4-81dc-6a016da405ed",
    "Stages": [
      {
        "colorMap": "/levels/industrial/art/shapes/buildings/ind_bricks_02_d.color.png",
        "detailScale": [
          0.200000003,
          0.200000003
        ],
        "diffuseColor": [
          0.996078491,
          0.996078491,
          0.996078491,
          1
        ],
        "normalMap": "/levels/industrial/art/shapes/buildings/ind_bricks_02_nm.normal.png",
        "overlayMap": "levels/industrial/art/shapes/buildings/utah_breakup_texture.dds",
        "roughnessFactor": 0.714999974,
        "specular": [
          0.517647088,
          0.517647088,
          0.517647088,
          1
        ],
        "specularMap": "/levels/industrial/art/shapes/buildings/ind_bricks_02_s.color.png",
        "useAnisotropic": true,
        "vertColor": true
      },
      {},
      {},
      {}
    ],
    "alphaRef": 28,
    "alphaTest": true,
    "annotation": "BUILDINGS",
    "groundType": "ASPHALT_OLD",
    "materialTag0": "beamng",
    "materialTag1": "Industrial",
    "materialTag2": "Industrial",
    "specularStrength0": "1.3",
    "specularStrength1": "0.2",
    "translucentBlendOp": "Add"
  },
  "ind_concrete": {
    "name": "ind_concrete",
    "mapTo": "ind_concrete",
    "class": "Material",
    "persistentId": "2ecf1b1b-a360-4423-ac8c-a511f1decfca",
    "Stages": [
      {
        "colorMap": "/levels/industrial/art/shapes/buildings/ind_concrete_d.color.png",
        "detailScale": [
          0.150000006,
          0.150000006
        ],
        "diffuseColor": [
          0.992156923,
          0.992156923,
          0.992156923,
          1
        ],
        "normalMap": "/levels/industrial/art/shapes/buildings/ind_concrete_nm.normal.png",
        "overlayMap": "levels/industrial/art/shapes/buildings/utah_breakup_texture.dds",
        "specular": [
          0.996078014,
          0.996078014,
          0.996078014,
          1
        ],
        "specularMap": "/levels/industrial/art/shapes/buildings/ind_concrete_s.color.png",
        "useAnisotropic": true,
        "vertColor": true
      },
      {},
      {},
      {}
    ],
    "annotation": "BUILDINGS",
    "groundType": "ASPHALT_OLD",
    "materialTag0": "beamng",
    "materialTag1": "beamng",
    "materialTag2": "Industrial",
    "materialTag3": "vegetation",
    "materialTag4": "east_coast_usa",
    "specularStrength0": "0.3",
    "specularStrength1": "0.2",
    "translucentBlendOp": "None"
  },
  "ind_concrete_broken_decals": {
    "name": "ind_concrete_broken_decals",
    "mapTo": "ind_concrete_broken_decals",
    "class": "Material",
    "persistentId": "3563bb08-5572-4e60-813d-163272977b4b",
    "Stages": [
      {
        "colorMap": "/levels/industrial/art/shapes/buildings/ut_concrete_decals_d.color.png",
        "detailScale": [
          0.150000006,
          0.150000006
        ],
        "diffuseColor": [
          0.992156923,
          0.992156923,
          0.992156923,
          1
        ],
        "normalMap": "/levels/industrial/art/shapes/buildings/ut_concrete_decals_nm.normal.png",
        "specular": [
          0.996078014,
          0.996078014,
          0.996078014,
          1
        ],
        "specularMap": "/levels/industrial/art/shapes/buildings/ut_concrete_decals_s.color.png",
        "useAnisotropic": true
      },
      {},
      {},
      {}
    ],
    "alphaRef": 0,
    "annotation": "NATURE",
    "doubleSided": true,
    "groundType": "ASPHALT_OLD",
    "materialTag0": "beamng",
    "materialTag1": "beamng",
    "materialTag2": "Industrial",
    "materialTag3": "vegetation",
    "materialTag4": "east_coast_usa",
    "specularStrength0": "0.3",
    "specularStrength1": "0.2",
    "translucent": true,
    "translucentZWrite": true
  },
  "ind_concrete_eroded": {
    "name": "ind_concrete_eroded",
    "mapTo": "ind_concrete_eroded",
    "class": "Material",
    "persistentId": "2faa22b4-0122-4e79-895f-f199eab82c4a",
    "Stages": [
      {
        "colorMap": "/levels/industrial/art/shapes/buildings/ind_concrete_eroded_d.color.png",
        "detailNormalMapStrength": 5,
        "detailScale": [
          0.200000003,
          0.200000003
        ],
        "diffuseColor": [
          0.992156923,
          0.992156923,
          0.992156923,
          1
        ],
        "normalMap": "/levels/industrial/art/shapes/buildings/ind_concrete_eroded_nm.normal.png",
        "overlayMap": "levels/industrial/art/shapes/buildings/utah_breakup_texture.dds",
        "pixelSpecular": true,
        "specular": [
          0.254901975,
          0.254901975,
          0.254901975,
          1
        ],
        "specularMap": "/levels/industrial/art/shapes/buildings/ind_concrete_eroded_s.color.png",
        "useAnisotropic": true,
        "vertColor": true
      },
      {},
      {},
      {}
    ],
    "annotation": "BUILDINGS",
    "groundType": "ASPHALT_OLD",
    "materialTag0": "beamng",
    "materialTag1": "beamng",
    "materialTag2": "Industrial",
    "materialTag3": "vegetation",
    "materialTag4": "east_coast_usa",
    "specularStrength0": "0.3",
    "specularStrength1": "0.2",
    "translucentBlendOp": "None"
  },
  "ind_concrete_road": {
    "name": "ind_concrete_road",
    "mapTo": "ind_concrete_road",
    "class": "Material",
    "persistentId": "34e4efa7-2e92-4cef-bfd1-9626ffb67e20",
    "Stages": [
      {
        "colorMap": "/levels/industrial/art/shapes/buildings/ind_concrete_road_b.color.png",
        "diffuseColor": [
          0.988235354,
          0.988235354,
          0.988235354,
          1
        ],
        "normalMap": "/levels/industrial/art/shapes/buildings/ind_concrete_road_nm.normal.png",
        "overlayMap": "levels/industrial/art/shapes/buildings/utah_breakup_texture.dds",
        "pixelSpecular": true,
        "roughnessFactor": 0.787999988,
        "specularMap": "/levels/industrial/art/shapes/buildings/ind_concrete_road_s.color.png",
        "useAnisotropic": true,
        "vertColor": true
      },
      {},
      {},
      {}
    ],
    "annotation": "BUILDINGS",
    "groundType": "ASPHALT_OLD",
    "materialTag0": "beamng",
    "materialTag1": "building",
    "materialTag2": "Industrial",
    "specularColor0": "0.1 0.1 0.1 0.1",
    "specularStrength0": "0.05",
    "specularStrength1": "0.2",
    "translucentBlendOp": "None"
  },
  "ind_concrete_rough": {
    "name": "ind_concrete_rough",
    "mapTo": "ind_concrete_rough",
    "class": "material",
    "persistentId": "9248830c-6b43-4f99-a8cb-de8709e0c703",
    "Stages": [
      {
        "colorMap": "levels/industrial/art/shapes/buildings/ut_rough_concrete_d.dds",
        "detailScale": [
          0.100000001,
          0.100000001
        ],
        "diffuseColor": [
          0.858823597,
          0.858823597,
          0.858823597,
          1
        ],
        "normalMap": "levels/industrial/art/shapes/buildings/ut_rough_concrete_n.dds",
        "overlayMap": "levels/industrial/art/shapes/buildings/utah_breakup_texture.dds",
        "specular": [
          0.996078014,
          0.996078014,
          0.996078014,
          1
        ],
        "specularMap": "levels/industrial/art/shapes/buildings/ut_rough_concrete_s.dds",
        "useAnisotropic": true
      },
      {},
      {},
      {}
    ],
    "annotation": "BUILDINGS",
    "groundType": "ASPHALT_OLD",
    "materialTag0": "beamng",
    "materialTag1": "beamng",
    "materialTag2": "Industrial",
    "materialTag3": "vegetation",
    "materialTag4": "east_coast_usa",
    "specularStrength0": "0.3",
    "specularStrength1": "0.2",
    "translucentBlendOp": "None"
  },
  "ind_decaying_industrial_interiors": {
    "name": "ind_decaying_industrial_interiors",
    "mapTo": "ind_decaying_industrial_interiors",
    "class": "Material",
    "persistentId": "5961928d-9b6b-4d85-b858-53c6781f42e6",
    "Stages": [
      {
        "colorMap": "/levels/industrial/art/shapes/buildings/ind_decaying_industrial_interiors.color.png",
        "detailScale": [
          6,
          6
        ],
        "useAnisotropic": true
      },
      {},
      {},
      {}
    ],
    "alphaRef": 63,
    "alphaTest": true,
    "annotation": "BUILDINGS",
    "doubleSided": true,
    "groundType": "METAL",
    "invertBackFaceNormals": true,
    "materialTag0": "beamng",
    "materialTag1": "italy",
    "specularStrength0": "0.490196"
  },
  "ind_doors_windows": {
    "name": "ind_doors_windows",
    "mapTo": "ind_doors_windows",
    "class": "material",
    "persistentId": "e6f536ee-1190-4974-9742-ac42ec4515c6",
    "Stages": [
      {
        "pixelSpecular": true
      },
      {},
      {},
      {}
    ],
    "alphaRef": 70,
    "alphaTest": true,
    "annotation": "BUILDINGS",
    "cubemap": "BNG_Sky_02_cubemap",
    "doubleSided": true,
    "groundType": "ASPHALT_OLD",
    "invertBackFaceNormals": true,
    "materialTag0": "beamng",
    "materialTag1": "beamng",
    "materialTag2": "Industrial",
    "materialTag3": "vegetation",
    "materialTag4": "east_coast_usa",
    "specularStrength0": "0.490196",
    "specularStrength1": "0.2",
    "translucentBlendOp": "None"
  },
  "ind_glass_transparent": {
    "name": "ind_glass_transparent",
    "mapTo": "ind_glass_transparent",
    "class": "Material",
    "persistentId": "e6f536ee-1190-4974-9742-ac42ec4515c6",
    "Stages": [
      {
        "colorMap": "levels/industrial/art/shapes/buildings/ind_glass_transparent_b.color.png",
        "diffuseColor": [
          0.992156982,
          0.992156982,
          0.992156982,
          1
        ],
        "overlayMap": "/levels/industrial/art/shapes/buildings/utah_breakup_texture.dds",
        "pixelSpecular": true,
        "reflectivityMap": "/levels/industrial/art/shapes/buildings/ind_glass_transparent_ref.data.png",
        "roughnessFactor": 0.481999993,
        "specularMap": "/levels/industrial/art/shapes/buildings/ind_glass_transparent_s.color.png",
        "useAnisotropic": true
      },
      {},
      {},
      {}
    ],
    "alphaRef": 70,
    "annotation": "BUILDINGS",
    "cubemap": "BNG_Sky_02_cubemap",
    "doubleSided": true,
    "groundType": "ASPHALT_OLD",
    "materialTag0": "beamng",
    "materialTag1": "beamng",
    "materialTag2": "Industrial",
    "specularStrength0": "0.490196",
    "specularStrength1": "0.2",
    "translucent": true,
    "translucentBlendOp": "Sub"
  },
  "ind_metal": {
    "name": "ind_metal",
    "mapTo": "ind_metal",
    "class": "Material",
    "persistentId": "925fd28a-c5b4-4cbd-9799-3081f3e6da7a",
    "Stages": [
      {
        "colorMap": "/levels/industrial/art/shapes/buildings/ind_metal_d.color.png",
        "diffuseColor": [
          1,
          0.999989986,
          0.999989986,
          0.044613
        ],
        "normalMap": "levels/industrial/art/shapes/buildings/ind_metal_nm.normal.png",
        "overlayMap": "levels/industrial/art/shapes/buildings/utah_breakup_texture.dds",
        "reflectivityMapFactor": 0.193000004,
        "specular": [
          1,
          0.999989986,
          0.999989986,
          1
        ],
        "specularMap": "/levels/industrial/art/shapes/buildings/ind_metal_s.color.png",
        "useAnisotropic": true,
        "vertColor": true
      },
      {},
      {},
      {}
    ],
    "alphaRef": 114,
    "annotation": "BUILDINGS",
    "groundType": "METAL",
    "materialTag0": "Industrial",
    "materialTag1": "beamng",
    "materialTag2": "Industrial",
    "materialTag3": "Natural",
    "materialTag4": "east_coast_usa",
    "specularStrength0": "0.490196",
    "specularStrength1": "0.2",
    "translucentBlendOp": "None"
  },
  "ind_metal_expanded": {
    "name": "ind_metal_expanded",
    "mapTo": "ind_metal_expanded",
    "class": "Material",
    "persistentId": "61bb6a24-25f6-4906-b5b1-5a49bcf0640e",
    "Stages": [
      {
        "colorMap": "/levels/industrial/art/shapes/buildings/ind_metal_expanded_d.color.png",
        "normalMap": "/levels/industrial/art/shapes/buildings/ind_metal_expanded_nm.normal.png",
        "pixelSpecular": true,
        "roughnessFactor": 0.490999997,
        "specularMap": "/levels/industrial/art/shapes/buildings/ind_metal_expanded_s.color.png",
        "useAnisotropic": true
      },
      {},
      {},
      {}
    ],
    "alphaRef": 58,
    "alphaTest": true,
    "annotation": "BUILDINGS",
    "doubleSided": true,
    "groundType": "METAL",
    "materialTag0": "beamng",
    "materialTag1": "object",
    "materialTag2": "beamng",
    "materialTag3": "Natural",
    "materialTag4": "east_coast_usa",
    "specularStrength0": "0.3",
    "specularStrength1": "0.2",
    "translucent": true,
    "translucentBlendOp": "None"
  },
  "ind_metal_grate": {
    "name": "ind_metal_grate",
    "mapTo": "ind_metal_grate",
    "class": "Material",
    "persistentId": "8adabdf2-ea50-4aba-baa3-18d66a0e823b",
    "Stages": [
      {
        "colorMap": "/levels/industrial/art/shapes/buildings/ind_metal_grate_d.color.png",
        "normalMap": "/levels/industrial/art/shapes/buildings/ind_metal_grate_nm.normal.png",
        "overlayMap": "/levels/industrial/art/shapes/buildings/utah_breakup_texture.dds",
        "pixelSpecular": true,
        "reflectivityMapFactor": 0.300000012,
        "roughnessFactor": 0.757000029,
        "specularMap": "/levels/industrial/art/shapes/buildings/ind_metal_grate_s.color.png",
        "useAnisotropic": true,
        "vertColor": true
      },
      {},
      {},
      {}
    ],
    "alphaRef": 114,
    "annotation": "BUILDINGS",
    "doubleSided": true,
    "groundType": "METAL",
    "invertBackFaceNormals": true,
    "materialTag0": "Industrial",
    "materialTag1": "beamng",
    "materialTag2": "Industrial",
    "materialTag3": "Natural",
    "materialTag4": "east_coast_usa",
    "specularStrength0": "0.490196",
    "specularStrength1": "0.2",
    "translucent": true,
    "translucentBlendOp": "None",
    "translucentZWrite": true
  },
  "ind_metal_plates": {
    "name": "ind_metal_plates",
    "mapTo": "ind_metal_plates",
    "class": "Material",
    "persistentId": "2f8dce43-be0f-4aa2-a827-fe453fc0c557",
    "Stages": [
      {
        "colorMap": "/levels/industrial/art/shapes/buildings/ind_metal_plates_d.color.png",
        "detailScale": [
          0.100000001,
          0.100000001
        ],
        "diffuseColor": [
          0.992156923,
          0.992156923,
          0.992156923,
          1
        ],
        "normalMap": "/levels/industrial/art/shapes/buildings/ind_metal_plates_nm.normal.png",
        "overlayMap": "/levels/industrial/art/shapes/buildings/metal_rust_drips.color.png",
        "roughnessFactor": 0.43599999,
        "specular": [
          0.996078014,
          0.996078014,
          0.996078014,
          1
        ],
        "specularMap": "/levels/industrial/art/shapes/buildings/ind_metal_plates_s.color.png",
        "useAnisotropic": true,
        "vertColor": true
      },
      {},
      {},
      {}
    ],
    "annotation": "BUILDINGS",
    "groundType": "METAL",
    "materialTag0": "beamng",
    "materialTag1": "beamng",
    "materialTag2": "Industrial",
    "materialTag3": "vegetation",
    "materialTag4": "east_coast_usa",
    "specularStrength0": "1.3",
    "specularStrength1": "0.2",
    "translucentBlendOp": "None"
  },
  "ind_metal_rust": {
    "name": "ind_metal_rust",
    "mapTo": "ind_metal_rust",
    "class": "Material",
    "persistentId": "8d318413-c70d-4030-9426-16f4e09fb732",
    "Stages": [
      {
        "colorMap": "/levels/industrial/art/shapes/buildings/ind_rust_d.color.png",
        "detailScale": [
          0.100000001,
          0.100000001
        ],
        "normalMap": "/levels/industrial/art/shapes/buildings/ind_rust_nm.normal.png",
        "overlayMap": "levels/industrial/art/shapes/buildings/utah_breakup_texture.dds",
        "pixelSpecular": true,
        "roughnessFactor": 0.739000022,
        "specularMap": "/levels/industrial/art/shapes/buildings/ind_rust_s.color.png",
        "useAnisotropic": true,
        "vertColor": true
      },
      {},
      {},
      {}
    ],
    "annotation": "BUILDINGS",
    "doubleSided": true,
    "groundType": "METAL",
    "invertBackFaceNormals": true,
    "materialTag0": "Industrial",
    "materialTag1": "beamng",
    "materialTag2": "beamng",
    "materialTag3": "Natural",
    "materialTag4": "east_coast_usa",
    "specularStrength0": "0.3",
    "specularStrength1": "0.2",
    "translucentBlendOp": "None"
  },
  "ind_metal_trim": {
    "name": "ind_metal_trim",
    "mapTo": "ind_metal_trim",
    "class": "Material",
    "persistentId": "6fc54099-1c9a-4a9b-995f-74b5a831e70c",
    "Stages": [
      {
        "colorMap": "levels/industrial/art/shapes/buildings/Ind_metal_trim_d.color.png",
        "detailScale": [
          0.100000001,
          0.100000001
        ],
        "diffuseColor": [
          0.992156923,
          0.992156923,
          0.992156923,
          1
        ],
        "normalMap": "levels/industrial/art/shapes/buildings/Ind_metal_trim_nm.normal.png",
        "roughnessFactor": 0.667999983,
        "specular": [
          0.996078014,
          0.996078014,
          0.996078014,
          1
        ],
        "specularMap": "/levels/industrial/art/shapes/buildings/ind_metal_trim_s.color.png",
        "useAnisotropic": true,
        "vertColor": true
      },
      {},
      {},
      {}
    ],
    "alphaRef": 104,
    "alphaTest": true,
    "annotation": "BUILDINGS",
    "doubleSided": true,
    "groundType": "METAL",
    "invertBackFaceNormals": true,
    "materialTag0": "beamng",
    "materialTag1": "beamng",
    "materialTag2": "Industrial",
    "materialTag3": "vegetation",
    "materialTag4": "east_coast_usa",
    "specularStrength0": "1.3",
    "specularStrength1": "0.2",
    "translucentBlendOp": "None"
  },
  "ind_plastic": {
    "name": "ind_plastic",
    "mapTo": "ind_plastic",
    "class": "Material",
    "persistentId": "ab1a9267-a2b4-478a-94aa-96a99289f070",
    "Stages": [
      {
        "colorMap": "/levels/industrial/art/shapes/buildings/ut_plastic_b.color.png",
        "normalMap": "/levels/industrial/art/shapes/buildings/ut_plastic_nm.normal.png",
        "overlayMap": "/levels/industrial/art/shapes/buildings/utah_breakup_texture.dds",
        "specularMap": "/levels/industrial/art/shapes/buildings/ut_plastic_s.data.png",
        "vertColor": true
      },
      {},
      {},
      {}
    ],
    "annotation": "BUILDINGS",
    "doubleSided": true,
    "materialTag0": "beamng",
    "materialTag1": "beamng",
    "materialTag2": "Industrial",
    "materialTag3": "vegetation",
    "materialTag4": "east_coast_usa",
    "specularStrength0": "0.294118",
    "specularStrength1": "0.2"
  },
  "ind_plywood_old": {
    "name": "ind_plywood_old",
    "mapTo": "ind_plywood_old",
    "class": "Material",
    "persistentId": "22466117-6eb1-4877-b075-846ede29108b",
    "Stages": [
      {
        "colorMap": "/levels/industrial/art/shapes/buildings/ind_plywood_d.color.png",
        "normalMap": "/levels/industrial/art/shapes/buildings/ind_plywood_nm.normal.png",
        "overlayMap": "levels/industrial/art/shapes/buildings/utah_breakup_texture.dds",
        "roughnessFactor": 0.879999995,
        "specularMap": "/levels/industrial/art/shapes/buildings/ind_plywood_s.color.png",
        "useAnisotropic": true,
        "vertColor": true
      },
      {},
      {},
      {}
    ],
    "alphaRef": 121,
    "alphaTest": true,
    "annotation": "BUILDINGS",
    "doubleSided": true,
    "groundType": "WOOD",
    "invertBackFaceNormals": true,
    "materialTag0": "beamng",
    "materialTag1": "beamng",
    "materialTag2": "Industrial",
    "materialTag3": "vegetation",
    "materialTag4": "east_coast_usa",
    "specularStrength0": "0.294118",
    "specularStrength1": "0.2"
  },
  "ind_portcrane_a_metal_cage": {
    "name": "ind_portcrane_a_metal_cage",
    "mapTo": "ind_portcrane_a_metal_cage",
    "class": "material",
    "persistentId": "65d31160-776c-48a9-aa02-aef31a9d258a",
    "Stages": [
      {
        "colorMap": "levels/industrial/art/shapes/buildings/metal_cage_d.dds",
        "diffuseColor": [
          0.741176486,
          0.741176486,
          0.741176486,
          1
        ],
        "normalMap": "levels/industrial/art/shapes/buildings/metal_cage_n.dds",
        "specularMap": "levels/industrial/art/shapes/buildings/metal_cage_s.dds",
        "useAnisotropic": true
      },
      {},
      {},
      {}
    ],
    "alphaRef": 161,
    "alphaTest": true,
    "annotation": "BUILDINGS",
    "groundType": "METAL",
    "materialTag0": "beamng",
    "materialTag1": "beamng",
    "materialTag2": "Industrial",
    "materialTag3": "vegetation",
    "materialTag4": "east_coast_usa",
    "specularStrength0": "0",
    "specularStrength1": "0.2"
  },
  "ind_pvc_cloth": {
    "name": "ind_pvc_cloth",
    "mapTo": "ind_pvc_cloth",
    "class": "material",
    "persistentId": "bd29d24a-29fc-4c24-83e2-3a1d11ae4964",
    "Stages": [
      {
        "colorMap": "/levels/industrial/art/shapes/buildings/industrial_clutters/pvc_covering.color.png",
        "normalMap": "/levels/industrial/art/shapes/buildings/industrial_clutters/pvc_covering.normal.png",
        "overlayMap": "/levels/industrial/art/shapes/buildings/utah_breakup_texture.dds",
        "specularMap": "/levels/industrial/art/shapes/buildings/industrial_clutters/pvc_covering_s.color.png"
      },
      {},
      {},
      {}
    ],
    "annotation": "BUILDINGS"
  },
  "ind_tin_01": {
    "name": "ind_tin_01",
    "mapTo": "ind_tin_01",
    "class": "Material",
    "persistentId": "2551c20a-3cfd-4c18-aeb5-bd107a79d4ae",
    "Stages": [
      {
        "colorMap": "levels/industrial/art/shapes/buildings/ut_corrugated_tin_V1_d.dds",
        "detailScale": [
          0.150000006,
          0.150000006
        ],
        "diffuseColor": [
          0.870588303,
          0.870588303,
          0.870588303,
          1
        ],
        "normalMap": "levels/industrial/art/shapes/buildings/ut_corrugated_tin_V1_n.dds",
        "overlayMap": "/levels/industrial/art/shapes/buildings/utah_breakup_texture.dds",
        "roughnessFactor": 0.503000021,
        "specular": [
          0.992156923,
          0.992156923,
          0.992156923,
          1
        ],
        "specularMap": "levels/industrial/art/shapes/buildings/ut_corrugated_tin_V1_s.dds",
        "useAnisotropic": true,
        "vertColor": true
      },
      {},
      {},
      {}
    ],
    "annotation": "BUILDINGS",
    "doubleSided": true,
    "groundType": "METAL",
    "invertBackFaceNormals": true,
    "materialTag0": "Industrial",
    "materialTag1": "beamng",
    "materialTag2": "Industrial",
    "materialTag3": "vegetation",
    "materialTag4": "east_coast_usa",
    "specularStrength0": "0",
    "specularStrength1": "0.2",
    "translucentBlendOp": "None"
  },
  "ind_tin_02": {
    "name": "ind_tin_02",
    "mapTo": "ind_tin_02",
    "class": "Material",
    "persistentId": "f85fff98-85d2-4be0-9b82-ec129de95bbc",
    "Stages": [
      {
        "colorMap": "levels/industrial/art/shapes/buildings/ut_corrugated_tin_V2_d.dds",
        "detailScale": [
          0.150000006,
          0.150000006
        ],
        "diffuseColor": [
          0.870588303,
          0.870588303,
          0.870588303,
          1
        ],
        "normalMap": "levels/industrial/art/shapes/buildings/ut_corrugated_tin_V2_n.dds",
        "overlayMap": "/levels/industrial/art/shapes/buildings/utah_breakup_texture.dds",
        "roughnessFactor": 0.522000015,
        "specular": [
          0.992156923,
          0.992156923,
          0.992156923,
          1
        ],
        "specularMap": "levels/industrial/art/shapes/buildings/ut_corrugated_tin_V2_s.dds",
        "useAnisotropic": true,
        "vertColor": true
      },
      {},
      {},
      {}
    ],
    "annotation": "BUILDINGS",
    "doubleSided": true,
    "groundType": "METAL",
    "invertBackFaceNormals": true,
    "materialTag0": "Industrial",
    "materialTag1": "beamng",
    "materialTag2": "Industrial",
    "materialTag3": "vegetation",
    "materialTag4": "east_coast_usa",
    "specularStrength0": "0",
    "specularStrength1": "0.2",
    "translucentBlendOp": "None"
  },
  "ind_tin_03": {
    "name": "ind_tin_03",
    "mapTo": "ind_tin_03",
    "class": "Material",
    "persistentId": "2c63d47e-71f0-4198-bf26-2c9d1530b17b",
    "Stages": [
      {
        "colorMap": "levels/industrial/art/shapes/buildings/ut_corrugated_tin_V3_d.dds",
        "detailScale": [
          0.150000006,
          0.150000006
        ],
        "diffuseColor": [
          0.870588303,
          0.870588303,
          0.870588303,
          1
        ],
        "normalMap": "levels/industrial/art/shapes/buildings/ut_corrugated_tin_V3_n.dds",
        "overlayMap": "/levels/industrial/art/shapes/buildings/utah_breakup_texture.dds",
        "roughnessFactor": 0.555999994,
        "specular": [
          0.992156923,
          0.992156923,
          0.992156923,
          1
        ],
        "specularMap": "levels/industrial/art/shapes/buildings/ut_corrugated_tin_V3_s.dds",
        "useAnisotropic": true,
        "vertColor": true
      },
      {},
      {},
      {}
    ],
    "annotation": "BUILDINGS",
    "doubleSided": true,
    "groundType": "METAL",
    "invertBackFaceNormals": true,
    "materialTag0": "Industrial",
    "materialTag1": "beamng",
    "materialTag2": "Industrial",
    "materialTag3": "vegetation",
    "materialTag4": "east_coast_usa",
    "specularStrength0": "0",
    "specularStrength1": "0.2",
    "translucentBlendOp": "None"
  },
  "ind_trim_plastic": {
    "name": "ind_trim_plastic",
    "mapTo": "ind_trim_plastic",
    "class": "Material",
    "persistentId": "e2945fc2-9cdb-4272-8725-49ee406da6bd",
    "Stages": [
      {
        "colorMap": "/levels/industrial/art/shapes/buildings/trim_plastic.color.png",
        "normalMap": "/levels/industrial/art/shapes/buildings/trim_plastic.normal.png",
        "overlayMap": "/levels/industrial/art/shapes/buildings/utah_breakup_texture.dds",
        "specularMap": "/levels/industrial/art/shapes/buildings/trim_plastic_s.color.png",
        "vertColor": true
      },
      {},
      {},
      {}
    ],
    "annotation": "BUILDINGS",
    "doubleSided": true
  },
  "ind_wood_broken_trim": {
    "name": "ind_wood_broken_trim",
    "mapTo": "ind_wood_broken_trim",
    "class": "material",
    "persistentId": "d8de932b-5727-407f-98d9-8871e848bd84",
    "Stages": [
      {
        "colorMap": "levels/industrial/art/shapes/buildings/ind_trim_broken_wood_d.color.png",
        "detailScale": [
          0.150000006,
          0.150000006
        ],
        "diffuseColor": [
          0.992156923,
          0.992156923,
          0.992156923,
          1
        ],
        "normalMap": "levels/industrial/art/shapes/buildings/ind_trim_wood_n.normal.png",
        "specular": [
          0.996078014,
          0.996078014,
          0.996078014,
          1
        ],
        "specularMap": "levels/industrial/art/shapes/buildings/ind_trim_wood_s.data.png",
        "useAnisotropic": true
      },
      {},
      {},
      {}
    ],
    "alphaRef": 101,
    "alphaTest": true,
    "annotation": "NATURE",
    "doubleSided": true,
    "groundType": "ASPHALT_OLD",
    "invertBackFaceNormals": true,
    "materialTag0": "beamng",
    "materialTag1": "beamng",
    "materialTag2": "Industrial",
    "materialTag3": "vegetation",
    "materialTag4": "east_coast_usa",
    "specularStrength0": "0.3",
    "specularStrength1": "0.2",
    "translucentBlendOp": "None"
  },
  "ind_wood_planks": {
    "name": "ind_wood_planks",
    "mapTo": "ind_wood_planks",
    "class": "Material",
    "persistentId": "32eb9e6a-446d-4d44-baa0-6be4590d05b2",
    "Stages": [
      {
        "colorMap": "levels/industrial/art/shapes/buildings/si_wood_wall_d.color.png",
        "diffuseColor": [
          0.988235354,
          0.988235354,
          0.988235354,
          0.00800000038
        ],
        "normalMap": "levels/industrial/art/shapes/buildings/si_wood_wall_n.normal.png",
        "specularMap": "/levels/industrial/art/shapes/buildings/si_wood_wall_s.color.png",
        "useAnisotropic": true,
        "vertColor": true
      },
      {},
      {},
      {}
    ],
    "alphaRef": 121,
    "annotation": "BUILDINGS",
    "groundType": "WOOD",
    "invertBackFaceNormals": true,
    "materialTag0": "beamng",
    "materialTag1": "beamng",
    "materialTag2": "Industrial",
    "materialTag3": "vegetation",
    "materialTag4": "east_coast_usa",
    "specularStrength0": "0.294118",
    "specularStrength1": "0.2",
    "translucentBlendOp": "None"
  },
  "ind_wood_stack": {
    "name": "ind_wood_stack",
    "mapTo": "ind_wood_stack",
    "class": "Material",
    "persistentId": "173da68f-ab02-45e2-87d5-e7308b28fd50",
    "Stages": [
      {
        "colorMap": "/levels/industrial/art/shapes/buildings/industrial_clutters/wood_stack_d.color.png",
        "normalMap": "/levels/industrial/art/shapes/buildings/industrial_clutters/wood_stack_nm.normal.png",
        "overlayMap": "/levels/industrial/art/shapes/buildings/utah_breakup_texture.dds",
        "specularMap": "/levels/industrial/art/shapes/buildings/industrial_clutters/wood_stack_s.color.png",
        "vertColor": true
      },
      {},
      {},
      {}
    ],
    "annotation": "OBSTACLES"
  },
  "ind_wood_trim": {
    "name": "ind_wood_trim",
    "mapTo": "ind_wood_trim",
    "class": "Material",
    "persistentId": "573ec0d9-a2e2-4109-a820-71bba1ef417e",
    "Stages": [
      {
        "colorMap": "levels/industrial/art/shapes/buildings/ind_trim_wood_d.color.png",
        "detailScale": [
          0.150000006,
          0.150000006
        ],
        "diffuseColor": [
          0.992156923,
          0.992156923,
          0.992156923,
          1
        ],
        "normalMap": "levels/industrial/art/shapes/buildings/ind_trim_wood_n.normal.png",
        "specular": [
          0.996078014,
          0.996078014,
          0.996078014,
          1
        ],
        "specularMap": "/levels/industrial/art/shapes/buildings/ind_trim_wood_s.color.png",
        "useAnisotropic": true,
        "vertColor": true
      },
      {},
      {},
      {}
    ],
    "annotation": "NATURE",
    "doubleSided": true,
    "groundType": "ASPHALT_OLD",
    "materialTag0": "beamng",
    "materialTag1": "beamng",
    "materialTag2": "Industrial",
    "materialTag3": "vegetation",
    "materialTag4": "east_coast_usa",
    "specularStrength0": "0.3",
    "specularStrength1": "0.2",
    "translucentBlendOp": "None"
  },
  "industrial_signs": {
    "name": "industrial_signs",
    "mapTo": "industrial_signs",
    "class": "Material",
    "persistentId": "d9c72a44-492f-41c0-bdc5-78c9bcd0a3b7",
    "Stages": [
      {
        "colorMap": "/levels/industrial/art/shapes/buildings/ind_industrial_signs_d.color.png",
        "detailScale": [
          0.100000001,
          0.100000001
        ],
        "diffuseColor": [
          0.996078491,
          0.996078491,
          0.996078491,
          1
        ],
        "pixelSpecular": true,
        "roughnessFactor": 0.582000017,
        "specular": [
          0.402357012,
          0.402352989,
          0.402352989,
          1
        ],
        "useAnisotropic": true,
        "vertColor": true
      },
      {},
      {},
      {}
    ],
    "annotation": "BUILDINGS",
    "groundType": "ASPHALT_OLD",
    "materialTag0": "beamng",
    "materialTag1": "Industrial",
    "materialTag2": "Industrial",
    "specularStrength0": "1.3",
    "specularStrength1": "0.2",
    "translucentBlendOp": "None"
  },
  "italy_bld_decals": {
    "name": "italy_bld_decals",
    "mapTo": "italy_bld_decals",
    "class": "Material",
    "persistentId": "3241cd92-cba4-42a5-ab19-0bee5c7ddd39",
    "Stages": [
      {
        "colorMap": "/levels/industrial/art/shapes/buildings/italy_bld_decals.dds",
        "detailNormalMapStrength": 0.5,
        "detailScale": [
          8,
          8
        ],
        "diffuseColor": [
          0.9960780143737792,
          0.9960780143737792,
          0.9960780143737792,
          1
        ],
        "specular": [
          0.9960780143737792,
          0.9960780143737792,
          0.9960780143737792,
          1
        ],
        "specularPower": 26,
        "vertColor": true
      },
      {},
      {},
      {}
    ],
    "alphaRef": 0,
    "alphaTest": true,
    "annotation": "BUILDINGS",
    "doubleSided": true,
    "groundType": "ASPHALT_OLD",
    "materialTag0": "beamng",
    "materialTag1": "Industrial",
    "specularStrength0": "0.490196",
    "translucent": true,
    "translucentZWrite": true
  },
  "italy_guardrails": {
    "name": "italy_guardrails",
    "mapTo": "italy_guardrails",
    "class": "Material",
    "persistentId": "c11fd14b-8569-4389-8faa-502379c8dbab",
    "Stages": [
      {
        "colorMap": "levels/industrial/art/shapes/buildings/italy_guardrails_d.dds",
        "detailScale": [
          6,
          6
        ],
        "normalMap": "levels/industrial/art/shapes/buildings/italy_guardrails_n.dds",
        "reflectivityMap": "levels/industrial/art/shapes/buildings/italy_guardrails_r.dds",
        "specularMap": "levels/industrial/art/shapes/buildings/italy_guardrails_s.dds",
        "specularPower": 1,
        "useAnisotropic": true,
        "vertColor": true
      },
      {
        "useAnisotropic": true,
        "vertColor": true
      },
      {},
      {}
    ],
    "annotation": "GUARD_RAIL",
    "cubemap": "global_cubemap_metalblurred",
    "groundType": "METAL",
    "materialTag0": "beamng",
    "materialTag1": "italy",
    "specularStrength0": "0.490196",
    "translucentBlendOp": "None"
  },
  "italy_mesh_fence": {
    "name": "italy_mesh_fence",
    "mapTo": "italy_mesh_fence",
    "class": "Material",
    "persistentId": "4597d1a3-f8f9-418f-a60c-286122f92fd8",
    "Stages": [
      {
        "colorMap": "levels/industrial/art/shapes/buildings/italy_mesh_fence_d.dds",
        "detailScale": [
          6,
          6
        ],
        "normalMap": "levels/industrial/art/shapes/buildings/italy_mesh_fence_n.dds",
        "specularMap": "levels/industrial/art/shapes/buildings/italy_mesh_fence_s.dds",
        "useAnisotropic": true
      },
      {},
      {},
      {}
    ],
    "alphaRef": 63,
    "alphaTest": true,
    "annotation": "OBSTACLES",
    "doubleSided": true,
    "groundType": "METAL",
    "invertBackFaceNormals": true,
    "materialTag0": "beamng",
    "materialTag1": "italy",
    "specularStrength0": "0.490196"
  },
  "metal_paint": {
    "name": "metal_paint",
    "mapTo": "metal_paint",
    "class": "Material",
    "persistentId": "2ca1dbed-b502-49be-af13-8e43db4db207",
    "Stages": [
      {
        "colorMap": "/levels/industrial/art/shapes/buildings/metal_paint_d.color.png",
        "normalMap": "/levels/industrial/art/shapes/buildings/metal_paint_nm.normal.png",
        "overlayMap": "/levels/industrial/art/shapes/buildings/metal_rust_drips.color.png",
        "reflectivityMap": "/levels/industrial/art/shapes/buildings/metal_paint_ref.data.png",
        "roughnessFactor": 0.497999996,
        "specularMap": "/levels/industrial/art/shapes/buildings/metal_paint_s.color.png",
        "vertColor": true
      },
      {},
      {},
      {}
    ],
    "annotation": "BUILDINGS",
    "cubemap": "global_cubemap_metalblurred",
    "groundType": "METAL"
  },
  "metal_rust_drips": {
    "name": "metal_rust_drips",
    "mapTo": "metal_rust_drips",
    "class": "Material",
    "persistentId": "e7fd336c-8c85-40c7-abbb-cf2d86479926",
    "Stages": [
      {
        "colorMap": "/levels/industrial/art/shapes/buildings/metal_rust_drips.color.png",
        "normalMap": "/levels/industrial/art/shapes/buildings/ind_rust_nm.normal.png",
        "specularMap": "/levels/industrial/art/shapes/buildings/ind_rust_s.data.png"
      },
      {},
      {},
      {}
    ],
    "alphaRef": 61,
    "alphaTest": true,
    "annotation": "BUILDINGS",
    "castShadows": false
  },
  "non_metal_clutters_coll01": {
    "name": "non_metal_clutters_coll01",
    "mapTo": "non_metal_clutters_coll01",
    "class": "Material",
    "persistentId": "8ffcf87b-500e-4d25-b429-e5236cd449f2",
    "Stages": [
      {
        "colorMap": "/levels/industrial/art/shapes/buildings/industrial_clutters/non_metal_clutters_coll01.color.png",
        "normalMap": "/levels/industrial/art/shapes/buildings/industrial_clutters/non_metal_clutters_coll01.normal.png",
        "specularMap": "/levels/industrial/art/shapes/buildings/industrial_clutters/non_metal_clutters_coll01_s.color.png"
      },
      {},
      {},
      {}
    ],
    "annotation": "OBSTACLES"
  },
  "race_arrowtexture": {
    "name": "race_arrowtexture",
    "mapTo": "race_arrowtexture",
    "class": "Material",
    "persistentId": "2c952ef8-f1ff-42a5-b376-24b8bc02b94a",
    "Stages": [
      {
        "colorMap": "levels/industrial/art/shapes/buildings/race_arrowtexture_d.dds",
        "pixelSpecular": true,
        "specular": [
          0.725489974,
          0.725489974,
          0.725489974,
          1
        ],
        "specularPower": 39,
        "useAnisotropic": true
      },
      {},
      {},
      {}
    ],
    "annotation": "OBSTACLES",
    "doubleSided": true,
    "groundType": "WOOD",
    "materialTag0": "beamng",
    "materialTag1": "beamng",
    "materialTag2": "Industrial",
    "translucentBlendOp": "None"
  },
  "road2_concrete": {
    "name": "road2_concrete",
    "mapTo": "road2_concrete",
    "class": "Material",
    "persistentId": "a82be4fb-9fc1-44b3-a8dc-799cc390822a",
    "Stages": [
      {
        "colorMap": "levels/industrial/art/shapes/buildings/street_concrete1_d.dds",
        "detailMap": "levels/industrial/art/shapes/buildings/detail_grunge_02_streak_desat.dds",
        "detailNormalMapStrength": 0.5,
        "detailScale": [
          0.2000000029802322,
          0.2000000029802322
        ],
        "diffuseColor": [
          0.505882382,
          0.505882382,
          0.505882382,
          1
        ],
        "normalMap": "levels/industrial/art/shapes/buildings/street_concrete1_n.dds",
        "specularMap": "levels/industrial/art/shapes/buildings/street_concrete1_s.dds",
        "specularPower": 1,
        "useAnisotropic": true
      },
      {},
      {},
      {}
    ],
    "alphaRef": 0,
    "annotation": "STREET",
    "doubleSided": true,
    "groundType": "ASPHALT_OLD",
    "materialTag0": "buildingsAndPath",
    "materialTag1": "beamng",
    "specularStrength0": "0",
    "translucentBlendOp": "None"
  },
  "si_clutter_b": {
    "name": "si_clutter_b",
    "mapTo": "si_clutter_b",
    "class": "Material",
    "persistentId": "98db5e70-b3c9-4461-ba22-63cce48ece42",
    "Stages": [
      {
        "colorMap": "levels/industrial/art/shapes/buildings/si_clutter_b_d.dds",
        "normalMap": "levels/industrial/art/shapes/buildings/si_clutter_b_n.dds",
        "pixelSpecular": true,
        "reflectivityMap": "levels/industrial/art/shapes/buildings/si_clutter_b_r.dds",
        "roughnessFactor": 0.842635155,
        "specular": [
          0.847058892,
          0.933333397,
          0.968627512,
          0.00800000038
        ],
        "specularMap": "levels/industrial/art/shapes/buildings/si_clutter_b_s.dds",
        "useAnisotropic": true,
        "vertColor": true
      },
      {},
      {},
      {}
    ],
    "annotation": "OBSTACLES",
    "groundType": "WOOD",
    "materialTag0": "beamng",
    "materialTag1": "building",
    "materialTag2": "utah",
    "translucentBlendOp": "None"
  },
  "si_metal_clean": {
    "name": "si_metal_clean",
    "mapTo": "si_metal_clean",
    "class": "Material",
    "persistentId": "beb2fd49-433c-4950-be9e-138f3ec49c7a",
    "Stages": [
      {
        "colorMap": "levels/Industrial/art/shapes/buildings/si_metal_clean_d.dds",
        "diffuseColor": [
          0.988235354,
          0.988235354,
          0.988235354,
          0.107000001
        ],
        "normalMap": "levels/Industrial/art/shapes/buildings/si_metal_clean_n.dds",
        "pixelSpecular": true,
        "roughnessFactor": 0.402321398,
        "specularMap": "levels/Industrial/art/shapes/buildings/si_metal_clean_s.dds",
        "useAnisotropic": true,
        "vertColor": true
      },
      {},
      {},
      {}
    ],
    "annotation": "BUILDINGS",
    "cubemap": "BNG_Sky_02_cubemap",
    "groundType": "METAL",
    "materialTag0": "beamng",
    "materialTag1": "building",
    "materialTag2": "utah",
    "specularColor0": "0.1 0.1 0.1 0.1",
    "specularStrength0": "0.05",
    "translucentBlendOp": "None"
  },
  "si_metal_roof": {
    "name": "si_metal_roof",
    "mapTo": "si_metal_roof",
    "class": "Material",
    "persistentId": "3c3b2bd8-2391-4688-b07e-0d414bcbd1da",
    "Stages": [
      {
        "colorMap": "/levels/industrial/art/shapes/buildings/si_metal_roof_d.color.png",
        "diffuseColor": [
          0.988235354,
          0.988235354,
          0.988235354,
          1
        ],
        "normalMap": "levels/industrial/art/shapes/buildings/si_metal_roof_nm.normal.png",
        "overlayMap": "levels/industrial/art/shapes/buildings/utah_breakup_texture.dds",
        "pixelSpecular": true,
        "roughnessFactor": 0.407999992,
        "specularMap": "/levels/industrial/art/shapes/buildings/si_metal_roof_s.color.png",
        "useAnisotropic": true,
        "vertColor": true
      },
      {},
      {},
      {}
    ],
    "annotation": "BUILDINGS",
    "groundType": "METAL",
    "materialTag0": "beamng",
    "materialTag1": "building",
    "materialTag2": "Industrial",
    "specularColor0": "0.1 0.1 0.1 0.1",
    "specularStrength0": "0.05",
    "specularStrength1": "0.2",
    "translucentBlendOp": "None"
  },
  "ut_graffiti": {
    "name": "ut_graffiti",
    "mapTo": "ut_graffiti",
    "class": "Material",
    "persistentId": "0ce37d53-70a9-42fe-b1fb-dc71df8b7f5e",
    "Stages": [
      {
        "colorMap": "/levels/industrial/art/shapes/buildings/ut_graffiti.color.png"
      },
      {},
      {},
      {}
    ],
    "annotation": "BUILDINGS",
    "translucent": true
  },
  "vertcolor_glow": {
    "name": "vertcolor_glow",
    "mapTo": "vertcolor_glow",
    "class": "Material",
    "persistentId": "069e7d76-cbfb-4316-bdda-de4001c2afd1",
    "Stages": [
      {
        "emissive": true,
        "glow": true,
        "pixelSpecular": true,
        "specularPower": 32,
        "useAnisotropic": true,
        "vertColor": true
      },
      {},
      {},
      {}
    ],
    "alphaRef": 0,
    "annotation": "BUILDINGS",
    "doubleSided": true,
    "groundType": "PLASTIC",
    "materialTag0": "beamng",
    "materialTag1": "building",
    "translucentBlendOp": "None"
  }
}