{
  "sumo_m_concrete_plain": {
    "name": "sumo_m_concrete_plain",
    "mapTo": "sumo_m_concrete_plain",
    "class": "Material",
    "persistentId": "40319074-87c9-4ffc-9d47-cf86d428ea3e",
    "Stages": [
      {
        "ambientOcclusionMap": "/art/SumoMaterials/t_concrete_plain_ao.data.png",
        "baseColorFactor": [
          0.992156923,
          0.992156923,
          0.992156923,
          1
        ],
        "baseColorMap": "/art/SumoMaterials/t_concrete_plain_b.color.png",
        "detailMap": "/art/SumoMaterials/t_macro_asphalt_b.png",
        "detailNormalMap": "/art/SumoMaterials/t_macro_asphalt_nm.png",
        "detailNormalMapStrength": 0.209999993,
        "detailScale": [
          0.100000001,
          0.100000001
        ],
        "diffuseMapUseUV": null,
        "normalMap": "/art/SumoMaterials/t_concrete_plain_nm.normal.png",
        "opacityMapUseUV": null,
        "pixelSpecular": true,
        "roughnessFactor": 0.607767701,
        "roughnessMap": "/art/SumoMaterials/t_concrete_plain_r.data.png",
        "specular": [
          0.517175972,
          0.517170012,
          0.517170012,
          1
        ],
        "vertColor": true
      },
      {
        "baseColorFactor": null,
        "baseColorMap": "/art/SumoMaterials/t_breakup_general_b.color.png",
        "detailNormalMapStrength": null,
        "detailScale": null,
        "diffuseMapUseUV": 1,
        "opacityMap": "/art/SumoMaterials/t_breakup_general_o.data.png",
        "opacityMapUseUV": 1,
        "pixelSpecular": null,
        "roughnessFactor": 0.699999988,
        "specular": null,
        "vertColor": true
      },
      {
        "baseColorFactor": null,
        "detailNormalMapStrength": null,
        "detailScale": null,
        "diffuseMapUseUV": null,
        "opacityMapUseUV": null,
        "pixelSpecular": null,
        "roughnessFactor": null,
        "specular": null,
        "vertColor": null
      },
      {
        "baseColorFactor": null,
        "detailNormalMapStrength": null,
        "detailScale": null,
        "diffuseMapUseUV": null,
        "opacityMapUseUV": null,
        "pixelSpecular": null,
        "roughnessFactor": null,
        "specular": null,
        "vertColor": null
      }
    ],
    "activeLayers": 2,
    "alphaRef": 0,
    "annotation": "BUILDINGS",
    "groundType": "CONCRETE",
    "materialTag0": "beamng",
    "materialTag1": "building",
    "materialTag2": "concrete",
    "specularStrength0": "0.490196",
    "translucentBlendOp": "None",
    "version": 1.5
  },
  "Concrete_Road_Barrier_a": {
    "name": "Concrete_Road_Barrier_a",
    "mapTo": "concrete_road_barrier_a",
    "class": "Material",
    "persistentId": "dcdaef9f-31fe-4215-9a38-244c398fb0f4",
    "Stages": [
      {
        "colorMap": "levels/Industrial/art/shapes/misc/concrete_road_barriers.color.png",
        "diffuseColor": [
          0.992156982,
          0.992156982,
          0.992156982,
          1
        ],
        "normalMap": "levels/Industrial/art/shapes/misc/concrete_road_barriers.normal.png",
        "specularMap": "levels/Industrial/art/shapes/misc/concrete_road_barriers_s.color.png",
        "specularPower": 1
      },
      {},
      {},
      {}
    ],
    "groundType": "ASPHALT_OLD",
    "materialTag0": "beamng",
    "materialTag1": "Industrial"
  },
  "RoadBarrier": {
    "name": "RoadBarrier",
    "mapTo": "RoadBarrier-01",
    "class": "Material",
    "persistentId": "660b95b4-96f9-4ea3-8db5-1f8605293331",
    "Stages": [
      {
        "colorMap": "levels/derby/art/shapes/misc/RoadBarrier-01_d.dds",
        "diffuseColor": [
          0.992156982,
          0.992156982,
          0.992156982,
          1
        ],
        "normalMap": "levels/derby/art/shapes/misc/RoadBarrier-01_n.dds",
        "pixelSpecular": true,
        "specularMap": "levels/derby/art/shapes/misc/RoadBarrier-01_s.dds",
        "specularPower": 1
      },
      {},
      {},
      {}
    ],
    "groundType": "ASPHALT_OLD",
    "materialTag0": "beamng",
    "materialTag1": "object"
  },
  "RoadBarrier_01b_RoadBarrier_01__1__concrete__physDefault": {
    "name": "RoadBarrier_01b_RoadBarrier_01__1__concrete__physDefault",
    "mapTo": "RoadBarrier-01__1__concrete__physDefault",
    "class": "Material",
    "persistentId": "aad5400a-d874-416c-874b-f049e8c0ae8c",
    "Stages": [
      {
        "diffuseColor": [
          0.639999986,
          0.639999986,
          0.639999986,
          1
        ]
      },
      {},
      {},
      {}
    ],
    "doubleSided": true,
    "groundType": "ASPHALT_OLD",
    "translucentBlendOp": "None"
  },
  "barrier_01a": {
    "name": "barrier_01a",
    "mapTo": "barrier_01a",
    "class": "Material",
    "persistentId": "fd1d5407-693d-4b10-9f5d-c636cd76f959",
    "Stages": [
      {
        "diffuseColor": [
          0.588235021,
          0.588235021,
          0.588235021,
          1
        ],
        "specular": [
          0.899999976,
          0.899999976,
          0.899999976,
          1
        ],
        "specularPower": 10
      },
      {},
      {},
      {}
    ],
    "groundType": "ASPHALT_OLD",
    "translucentBlendOp": "None"
  },
  "concrete_bridge_01a": {
    "name": "concrete_bridge_01a",
    "mapTo": "concrete_bridge_01a",
    "class": "Material",
    "persistentId": "7079282d-30f0-4a34-9778-1252073b6e58",
    "Stages": [
      {
        "colorMap": "concrete_bridge_01a_d.dds",
        "diffuseColor": [
          0.800000012,
          0.800000012,
          0.800000012,
          1
        ],
        "normalMap": "concrete_bridge_01a_n.dds",
        "pixelSpecular": true,
        "specular": [
          0.400000006,
          0.400000006,
          0.400000006,
          1
        ],
        "specularMap": "concrete_bridge_01a_s.dds",
        "specularPower": 4,
        "useAnisotropic": true
      },
      {},
      {},
      {}
    ],
    "groundType": "ASPHALT_OLD",
    "materialTag0": "beamng",
    "materialTag1": "Industrial"
  },
  "container_01_a_containers_01_a": {
    "name": "container_01_a_containers_01_a",
    "mapTo": "containers_01_a",
    "class": "Material",
    "persistentId": "bc179297-db28-4990-ab19-632c112e2b02",
    "Stages": [
      {
        "colorMap": "containers_01_a_d.dds",
        "diffuseColor": [
          0.9960780143737792,
          0.992156982,
          0.992156982,
          1
        ],
        "normalMap": "containers_01_a_n.dds",
        "specularMap": "containers_01_a_s.dds"
      },
      {},
      {},
      {}
    ],
    "groundType": "METAL",
    "translucentBlendOp": "None"
  },
  "derby_wall_01a": {
    "name": "derby_wall_01a",
    "mapTo": "derby_wall_01a",
    "class": "Material",
    "persistentId": "6fde2617-e62c-4301-9092-89b2ae4ca8db",
    "Stages": [
      {
        "colorMap": "/levels/derby/art/shapes/misc/derby_wall_01a_d.dds",
        "diffuseColor": [
          0.800000012,
          0.800000012,
          0.800000012,
          1
        ],
        "normalMap": "/levels/derby/art/shapes/misc/derby_wall_01a_n.dds",
        "pixelSpecular": true,
        "specular": [
          0.400000006,
          0.400000006,
          0.400000006,
          1
        ],
        "specularMap": "/levels/derby/art/shapes/misc/derby_wall_01a_s.dds",
        "useAnisotropic": true
      },
      {},
      {},
      {}
    ],
    "groundType": "ASPHALT_OLD",
    "materialTag0": "beamng",
    "materialTag1": "Industrial"
  },
  "derby_wall_oval__1___Default": {
    "name": "derby_wall_oval__1___Default",
    "mapTo": "_1_-_Default",
    "class": "Material",
    "persistentId": "ada1787b-a8f0-4bc3-824b-486aed024eea",
    "Stages": [
      {
        "colorMap": "levels/derby/art/shapes/misc/Gabe/My Documents/3dsmax models/BeamNG/derby/derby_wall_01a_d",
        "specular": [
          0.899999976,
          0.899999976,
          0.899999976,
          1
        ],
        "specularPower": 10
      },
      {},
      {},
      {}
    ],
    "groundType": "ASPHALT_OLD",
    "translucentBlendOp": "None"
  },
  "misc_billboard_title": {
    "name": "misc_billboard_title",
    "mapTo": "misc_billboard_title",
    "class": "Material",
    "persistentId": "eabad4ef-951a-4a37-8f78-633618e2c32f",
    "Stages": [
      {
        "colorMap": "levels/derby/art/shapes/misc/billboards_01b",
        "pixelSpecular": true,
        "specular": [
          0.5,
          0.5,
          0.5,
          1
        ],
        "specularPower": 1
      },
      {},
      {},
      {}
    ],
    "doubleSided": true,
    "groundType": "ASPHALT_OLD",
    "materialTag0": "Industrial",
    "materialTag1": "beamng",
    "translucentBlendOp": "None"
  },
  "speedbump_01a": {
    "name": "speedbump_01a",
    "mapTo": "speedbump_01a",
    "class": "Material",
    "persistentId": "e83cd555-ea4a-4f3c-8932-895275c445bb",
    "Stages": [
      {
        "colorMap": "speedbump_01a_d.dds",
        "normalMap": "speedbump_01a_n.dds",
        "pixelSpecular": true,
        "specularMap": "speedbump_01a_s.dds",
        "specularPower": 3,
        "useAnisotropic": true
      },
      {},
      {},
      {}
    ],
    "groundType": "ASPHALT_OLD",
    "materialTag0": "beamng",
    "materialTag1": "Industrial"
  }
}