{
  "sumo_canal": {
    "name": "sumo_canal",
    "mapTo": "sumo_canal",
    "class": "Material",
    "persistentId": "0b2a4111-4209-46a8-aaee-6ffd27c82c66",
    "Stages": [
      {
        "colorMap": "/art/SumoMaterials/buildings/canal_d.dds",
        "detailMap": "/art/SumoMaterials/roads/Concrete-04-diff.dds",
        "detailScale": [
          6,
          6
        ],
        "normalMap": "/art/SumoMaterials/buildings/canal_n.dds",
        "pixelSpecular": true,
        "reflectivityMap": "/art/SumoMaterials/buildings/canal_r.dds",
        "roughnessFactor": 0.607767701,
        "specularMap": "/art/SumoMaterials/buildings/canal_s.dds",
        "useAnisotropic": true,
        "vertColor": true
      },
      {},
      {},
      {}
    ],
    "alphaRef": 0,
    "annotation": "BUILDINGS",
    "cubemap": "global_cubemap_metalblurred",
    "materialTag0": "beamng",
    "materialTag1": "building",
    "translucentBlendOp": "None"
  },
  "busstop": {
    "name": "busstop",
    "mapTo": "busstop",
    "class": "Material",
    "persistentId": "5023e4f5-3482-4baa-82f8-a9e37ada0753",
    "Stages": [
      {
        "colorMap": "levels/jungle_rock_island/art/shapes/buildings/busstop_d.dds",
        "normalMap": "levels/jungle_rock_island/art/shapes/buildings/busstop_n.dds",
        "pixelSpecular": true,
        "reflectivityMap": "levels/jungle_rock_island/art/shapes/buildings/busstop_r.dds",
        "specularMap": "levels/jungle_rock_island/art/shapes/buildings/busstop_s.dds",
        "specularPower": 32,
        "useAnisotropic": true,
        "vertColor": true
      },
      {},
      {},
      {}
    ],
    "alphaRef": 64,
    "alphaTest": true,
    "cubemap": "global_cubemap_metalblurred",
    "groundType": "METAL",
    "translucentBlendOp": "None"
  },
  "busstop_windows": {
    "name": "busstop_windows",
    "mapTo": "busstop_windows",
    "class": "Material",
    "persistentId": "9a2eac01-b7d6-40e5-a829-cb73940f0fa8",
    "Stages": [
      {
        "colorMap": "levels/jungle_rock_island/art/shapes/buildings/busstop_d.dds",
        "normalMap": "levels/jungle_rock_island/art/shapes/buildings/busstop_n.dds",
        "pixelSpecular": true,
        "reflectivityMap": "levels/jungle_rock_island/art/shapes/buildings/busstop_r.dds",
        "specularMap": "levels/jungle_rock_island/art/shapes/buildings/busstop_s.dds",
        "specularPower": 32,
        "useAnisotropic": true
      },
      {},
      {},
      {}
    ],
    "alphaRef": 64,
    "cubemap": "global_cubemap_metalblurred",
    "groundType": "ASPHALT_OLD",
    "translucent": true,
    "translucentZWrite": true
  },
  "chain_fence_rust": {
    "name": "chain_fence_rust",
    "mapTo": "chain_fence_rust",
    "class": "Material",
    "persistentId": "cc05263f-9473-4432-bbc0-05acd2801f58",
    "Stages": [
      {
        "colorMap": "/levels/jungle_rock_island/art/shapes/buildings/chain_fence_rust_b.color.png",
        "normalMap": "/levels/jungle_rock_island/art/shapes/buildings/chain_fence_rust_nm.normal.png",
        "specularMap": "/levels/jungle_rock_island/art/shapes/buildings/chain_fence_rust_s.color.png"
      },
      {},
      {},
      {}
    ],
    "alphaRef": 130,
    "alphaTest": true,
    "doubleSided": true,
    "invertBackFaceNormals": true,
    "translucent": true
  },
  "ind_bricks_01": {
    "name": "ind_bricks_01",
    "mapTo": "ind_bricks_01",
    "class": "Material",
    "persistentId": "0bfcbd0f-73f6-414a-a746-3f32be522e17",
    "Stages": [
      {
        "colorMap": "/levels/jungle_rock_island/art/shapes/buildings/ind_bricks_01_d.color.png",
        "detailScale": [
          0.100000001,
          0.100000001
        ],
        "diffuseColor": [
          0.996078491,
          0.996078491,
          0.996078491,
          1
        ],
        "normalMap": "/levels/jungle_rock_island/art/shapes/buildings/ind_bricks_01_nm.normal.png",
        "overlayMap": "/levels/jungle_rock_island/art/shapes/buildings/jri_breakup_texture_b_d.png",
        "roughnessFactor": 0.634000003,
        "specular": [
          0.517647088,
          0.517647088,
          0.517647088,
          1
        ],
        "specularMap": "/levels/jungle_rock_island/art/shapes/buildings/ind_bricks_02_s.color.png",
        "useAnisotropic": true,
        "vertColor": true
      },
      {},
      {},
      {}
    ],
    "annotation": "BUILDINGS",
    "groundType": "CONCRETE",
    "invertBackFaceNormals": true,
    "materialTag0": "beamng",
    "materialTag1": "Industrial",
    "materialTag2": "Industrial",
    "specularStrength0": "1.3",
    "specularStrength1": "0.2",
    "translucentBlendOp": "None"
  },
  "ind_bricks_02": {
    "name": "ind_bricks_02",
    "mapTo": "ind_bricks_02",
    "class": "Material",
    "persistentId": "38baa51b-b451-4ac4-81dc-6a016da405ed",
    "Stages": [
      {
        "colorMap": "/levels/jungle_rock_island/art/shapes/buildings/ind_bricks_02_d.color.png",
        "detailScale": [
          0.200000003,
          0.200000003
        ],
        "diffuseColor": [
          0.996078491,
          0.996078491,
          0.996078491,
          1
        ],
        "normalMap": "/levels/jungle_rock_island/art/shapes/buildings/ind_bricks_02_nm.normal.png",
        "overlayMap": "/levels/jungle_rock_island/art/shapes/buildings/jri_breakup_texture_a_d.png",
        "roughnessFactor": 0.714999974,
        "specular": [
          0.517647088,
          0.517647088,
          0.517647088,
          1
        ],
        "specularMap": "/levels/jungle_rock_island/art/shapes/buildings/ind_bricks_02_s.color.png",
        "useAnisotropic": true,
        "vertColor": true
      },
      {},
      {},
      {}
    ],
    "alphaRef": 28,
    "alphaTest": true,
    "annotation": "BUILDINGS",
    "groundType": "ASPHALT_OLD",
    "materialTag0": "beamng",
    "materialTag1": "Industrial",
    "materialTag2": "Industrial",
    "order_simset": 0,
    "specularStrength0": "1.3",
    "specularStrength1": "0.2",
    "translucentBlendOp": "Add"
  },
  "ind_bricks_painted_01": {
    "name": "ind_bricks_painted_01",
    "mapTo": "ind_bricks_painted_01",
    "class": "Material",
    "persistentId": "f6ce98e7-8673-4f6c-bb6f-f3faac5582d2",
    "Stages": [
      {
        "colorMap": "/levels/jungle_rock_island/art/shapes/buildings/ind_bricks_01_white_d.color.png",
        "detailScale": [
          0.100000001,
          0.100000001
        ],
        "diffuseColor": [
          0.996078491,
          0.996078491,
          0.996078491,
          1
        ],
        "normalMap": "/levels/jungle_rock_island/art/shapes/buildings/ind_bricks_01_white_n.normal.png",
        "overlayMap": "levels/jungle_rock_island/art/shapes/buildings/utah_breakup_texture.dds",
        "roughnessFactor": 0.634000003,
        "specular": [
          0.517647088,
          0.517647088,
          0.517647088,
          1
        ],
        "specularMap": "/levels/jungle_rock_island/art/shapes/buildings/ind_bricks_02_s.color.png",
        "useAnisotropic": true,
        "vertColor": true
      },
      {},
      {},
      {}
    ],
    "annotation": "BUILDINGS",
    "groundType": "ASPHALT_OLD",
    "invertBackFaceNormals": true,
    "materialTag0": "beamng",
    "materialTag1": "Industrial",
    "materialTag2": "Industrial",
    "order_simset": -1115674798,
    "specularStrength0": "1.3",
    "specularStrength1": "0.2",
    "translucentBlendOp": "None"
  },
  "ind_concrete": {
    "name": "ind_concrete",
    "mapTo": "ind_concrete",
    "class": "Material",
    "persistentId": "2ecf1b1b-a360-4423-ac8c-a511f1decfca",
    "Stages": [
      {
        "colorMap": "/levels/jungle_rock_island/art/shapes/buildings/ind_concrete_d.color.png",
        "detailScale": [
          0.150000006,
          0.150000006
        ],
        "diffuseColor": [
          0.992156923,
          0.992156923,
          0.992156923,
          1
        ],
        "normalMap": "/levels/jungle_rock_island/art/shapes/buildings/ind_concrete_nm.normal.png",
        "overlayMap": "/levels/jungle_rock_island/art/shapes/buildings/jri_breakup_texture_a_d.png",
        "specular": [
          0.996078014,
          0.996078014,
          0.996078014,
          1
        ],
        "specularMap": "/levels/jungle_rock_island/art/shapes/buildings/ind_concrete_s.color.png",
        "useAnisotropic": true,
        "vertColor": true
      },
      {},
      {},
      {}
    ],
    "annotation": "OBSTACLES",
    "groundType": "ASPHALT_OLD",
    "materialTag0": "beamng",
    "materialTag1": "beamng",
    "materialTag2": "Industrial",
    "materialTag3": "vegetation",
    "materialTag4": "east_coast_usa",
    "specularStrength0": "0.3",
    "specularStrength1": "0.2",
    "translucentBlendOp": "None"
  },
  "ind_concrete_eroded": {
    "name": "ind_concrete_eroded",
    "mapTo": "ind_concrete_eroded",
    "class": "Material",
    "persistentId": "2faa22b4-0122-4e79-895f-f199eab82c4a",
    "Stages": [
      {
        "colorMap": "/levels/jungle_rock_island/art/shapes/buildings/ind_concrete_eroded_d.color.png",
        "detailNormalMapStrength": 5,
        "detailScale": [
          0.200000003,
          0.200000003
        ],
        "diffuseColor": [
          0.992156923,
          0.992156923,
          0.992156923,
          1
        ],
        "normalMap": "/levels/jungle_rock_island/art/shapes/buildings/ind_concrete_eroded_nm.normal.png",
        "overlayMap": "/levels/jungle_rock_island/art/shapes/buildings/jri_breakup_texture_b_d.png",
        "pixelSpecular": true,
        "specular": [
          0.254901975,
          0.254901975,
          0.254901975,
          1
        ],
        "specularMap": "/levels/jungle_rock_island/art/shapes/buildings/ind_concrete_eroded_s.color.png",
        "useAnisotropic": true,
        "vertColor": true
      },
      {},
      {},
      {}
    ],
    "annotation": "OBSTACLES",
    "groundType": "ASPHALT_OLD",
    "materialTag0": "beamng",
    "materialTag1": "beamng",
    "materialTag2": "Industrial",
    "materialTag3": "vegetation",
    "materialTag4": "east_coast_usa",
    "specularStrength0": "0.3",
    "specularStrength1": "0.2",
    "translucentBlendOp": "None"
  },
  "ind_concrete_road": {
    "name": "ind_concrete_road",
    "mapTo": "ind_concrete_road",
    "class": "Material",
    "persistentId": "34e4efa7-2e92-4cef-bfd1-9626ffb67e20",
    "Stages": [
      {
        "colorMap": "/levels/jungle_rock_island/art/shapes/buildings/ind_concrete_road_b.color.png",
        "diffuseColor": [
          0.988235354,
          0.988235354,
          0.988235354,
          1
        ],
        "normalMap": "/levels/jungle_rock_island/art/shapes/buildings/ind_concrete_road_nm.normal.png",
        "overlayMap": "/levels/jungle_rock_island/art/shapes/buildings/jri_breakup_texture_b_d.png",
        "pixelSpecular": true,
        "roughnessFactor": 0.787999988,
        "specularMap": "/levels/jungle_rock_island/art/shapes/buildings/ind_concrete_road_s.color.png",
        "useAnisotropic": true,
        "vertColor": true
      },
      {},
      {},
      {}
    ],
    "annotation": "OBSTACLES",
    "groundType": "ASPHALT_OLD",
    "materialTag0": "beamng",
    "materialTag1": "building",
    "materialTag2": "Industrial",
    "specularColor0": "0.1 0.1 0.1 0.1",
    "specularStrength0": "0.05",
    "specularStrength1": "0.2",
    "translucentBlendOp": "None"
  },
  "ind_decaying_industrial_interiors": {
    "name": "ind_decaying_industrial_interiors",
    "mapTo": "ind_decaying_industrial_interiors",
    "class": "Material",
    "persistentId": "5961928d-9b6b-4d85-b858-53c6781f42e6",
    "Stages": [
      {
        "colorMap": "/levels/jungle_rock_island/art/shapes/buildings/ind_decaying_industrial_interiors.color.png",
        "detailScale": [
          6,
          6
        ],
        "useAnisotropic": true
      },
      {},
      {},
      {}
    ],
    "alphaRef": 63,
    "alphaTest": true,
    "doubleSided": true,
    "groundType": "METAL",
    "invertBackFaceNormals": true,
    "materialTag0": "beamng",
    "materialTag1": "italy",
    "specularStrength0": "0.490196"
  },
  "ind_glass_transparent": {
    "name": "ind_glass_transparent",
    "mapTo": "ind_glass_transparent",
    "class": "Material",
    "persistentId": "e6f536ee-1190-4974-9742-ac42ec4515c6",
    "Stages": [
      {
        "colorMap": "levels/jungle_rock_island/art/shapes/buildings/ind_glass_transparent_b.color.png",
        "diffuseColor": [
          0.992156982,
          0.992156982,
          0.992156982,
          1
        ],
        "overlayMap": "/levels/jungle_rock_island/art/shapes/buildings/utah_breakup_texture.dds",
        "pixelSpecular": true,
        "reflectivityMap": "/levels/jungle_rock_island/art/shapes/buildings/ind_glass_transparent_ref.data.png",
        "roughnessFactor": 0.481999993,
        "specularMap": "/levels/jungle_rock_island/art/shapes/buildings/ind_glass_transparent_s.color.png",
        "useAnisotropic": true
      },
      {},
      {},
      {}
    ],
    "alphaRef": 70,
    "annotation": "BUILDINGS",
    "cubemap": "BNG_Sky_02_cubemap",
    "doubleSided": true,
    "groundType": "ASPHALT_OLD",
    "materialTag0": "beamng",
    "materialTag1": "beamng",
    "materialTag2": "Industrial",
    "specularStrength0": "0.490196",
    "specularStrength1": "0.2",
    "translucent": true,
    "translucentBlendOp": "Sub"
  },
  "ind_metal": {
    "name": "ind_metal",
    "mapTo": "ind_metal",
    "class": "Material",
    "persistentId": "925fd28a-c5b4-4cbd-9799-3081f3e6da7a",
    "Stages": [
      {
        "colorMap": "/levels/jungle_rock_island/art/shapes/buildings/ind_metal_d.color.png",
        "diffuseColor": [
          1,
          0.999989986,
          0.999989986,
          0.044613
        ],
        "normalMap": "levels/jungle_rock_island/art/shapes/buildings/ind_metal_nm.normal.png",
        "overlayMap": "levels/jungle_rock_island/art/shapes/buildings/utah_breakup_texture.dds",
        "reflectivityMapFactor": 0.193000004,
        "specular": [
          1,
          0.999989986,
          0.999989986,
          1
        ],
        "specularMap": "/levels/jungle_rock_island/art/shapes/buildings/ind_metal_s.color.png",
        "useAnisotropic": true,
        "vertColor": true
      },
      {},
      {},
      {}
    ],
    "alphaRef": 114,
    "groundType": "METAL",
    "materialTag0": "Industrial",
    "materialTag1": "beamng",
    "materialTag2": "Industrial",
    "materialTag3": "Natural",
    "materialTag4": "east_coast_usa",
    "specularStrength0": "0.490196",
    "specularStrength1": "0.2",
    "translucentBlendOp": "None"
  },
  "ind_metal_expanded": {
    "name": "ind_metal_expanded",
    "mapTo": "ind_metal_expanded",
    "class": "Material",
    "persistentId": "61bb6a24-25f6-4906-b5b1-5a49bcf0640e",
    "Stages": [
      {
        "colorMap": "/levels/jungle_rock_island/art/shapes/buildings/ind_metal_expanded_d.color.png",
        "normalMap": "/levels/jungle_rock_island/art/shapes/buildings/ind_metal_expanded_nm.normal.png",
        "pixelSpecular": true,
        "roughnessFactor": 0.490999997,
        "specularMap": "/levels/jungle_rock_island/art/shapes/buildings/ind_metal_expanded_s.color.png",
        "useAnisotropic": true
      },
      {},
      {},
      {}
    ],
    "alphaRef": 58,
    "alphaTest": true,
    "doubleSided": true,
    "groundType": "METAL",
    "materialTag0": "beamng",
    "materialTag1": "object",
    "materialTag2": "beamng",
    "materialTag3": "Natural",
    "materialTag4": "east_coast_usa",
    "specularStrength0": "0.3",
    "specularStrength1": "0.2",
    "translucent": true,
    "translucentBlendOp": "None"
  },
  "ind_metal_grate": {
    "name": "ind_metal_grate",
    "mapTo": "ind_metal_grate",
    "class": "Material",
    "persistentId": "8adabdf2-ea50-4aba-baa3-18d66a0e823b",
    "Stages": [
      {
        "colorMap": "/levels/jungle_rock_island/art/shapes/buildings/ind_metal_grate_d.color.png",
        "normalMap": "/levels/jungle_rock_island/art/shapes/buildings/ind_metal_grate_nm.normal.png",
        "overlayMap": "/levels/jungle_rock_island/art/shapes/buildings/utah_breakup_texture.dds",
        "pixelSpecular": true,
        "reflectivityMapFactor": 0.300000012,
        "roughnessFactor": 0.757000029,
        "specularMap": "/levels/jungle_rock_island/art/shapes/buildings/ind_metal_grate_s.color.png",
        "vertColor": true
      },
      {},
      {},
      {}
    ],
    "alphaRef": 114,
    "doubleSided": true,
    "groundType": "METAL",
    "invertBackFaceNormals": true,
    "materialTag0": "Industrial",
    "materialTag1": "beamng",
    "materialTag2": "Industrial",
    "materialTag3": "Natural",
    "materialTag4": "east_coast_usa",
    "specularStrength0": "0.490196",
    "specularStrength1": "0.2",
    "translucent": true,
    "translucentBlendOp": "None",
    "translucentZWrite": true
  },
  "ind_metal_plates": {
    "name": "ind_metal_plates",
    "mapTo": "ind_metal_plates",
    "class": "Material",
    "persistentId": "2f8dce43-be0f-4aa2-a827-fe453fc0c557",
    "Stages": [
      {
        "baseColorFactor": [
          0.992156923,
          0.992156923,
          0.992156923,
          1
        ],
        "baseColorMap": "/art/shapes/objects/t_metal_plates_ind_b.color.png",
        "detailScale": [
          0.100000001,
          0.100000001
        ],
        "diffuseMapUseUV": null,
        "metallicFactor": 0.300000012,
        "metallicMap": "/art/shapes/objects/t_metal_plates_ind_m.data.png",
        "normalMap": "/art/shapes/objects/t_metal_plates_ind_nm.normal.png",
        "opacityMapUseUV": null,
        "overlayMap": "/levels/jungle_rock_island/art/shapes/buildings/metal_rust_drips.color.png",
        "roughnessFactor": 0.488999993,
        "roughnessMap": "/art/shapes/objects/t_metal_plates_ind_r.data.png",
        "roughnessMapUseUV": null,
        "specular": [
          0.996078014,
          0.996078014,
          0.996078014,
          1
        ],
        "vertColor": true
      },
      {
        "baseColorFactor": null,
        "baseColorMap": "/art/shapes/objects/t_metal_rust_drips_b.color.png",
        "detailScale": null,
        "diffuseMapUseUV": 1,
        "metallicFactor": null,
        "opacityMap": "/art/shapes/objects/t_metal_rust_drips_o.data.png",
        "opacityMapUseUV": 1,
        "roughnessFactor": null,
        "roughnessMap": "/art/shapes/objects/t_metal_rust_drips_r.data.png",
        "roughnessMapUseUV": 1,
        "specular": null,
        "vertColor": true
      },
      {
        "baseColorFactor": null,
        "detailScale": null,
        "diffuseMapUseUV": null,
        "metallicFactor": null,
        "opacityMapUseUV": null,
        "roughnessFactor": null,
        "roughnessMapUseUV": null,
        "specular": null,
        "vertColor": null
      },
      {
        "baseColorFactor": null,
        "detailScale": null,
        "diffuseMapUseUV": null,
        "metallicFactor": null,
        "opacityMapUseUV": null,
        "roughnessFactor": null,
        "roughnessMapUseUV": null,
        "specular": null,
        "vertColor": null
      }
    ],
    "activeLayers": 2,
    "alphaRef": 0,
    "alphaTest": true,
    "annotation": "BUILDINGS",
    "cubemap": "global_cubemap_metalblurred",
    "groundType": "METAL",
    "materialTag0": "beamng",
    "materialTag1": "beamng",
    "materialTag2": "Industrial",
    "materialTag3": "vegetation",
    "materialTag4": "east_coast_usa",
    "specularStrength0": "1.3",
    "specularStrength1": "0.2",
    "translucentBlendOp": "None",
    "version": 1.5
  },
  "ind_metal_rust": {
    "name": "ind_metal_rust",
    "mapTo": "ind_metal_rust",
    "class": "Material",
    "persistentId": "6fc54099-1c9a-4a9b-995f-74b5a831e70c",
    "Stages": [
      {
        "colorMap": "/levels/jungle_rock_island/art/shapes/buildings/ind_rust_d.color.png",
        "detailScale": [
          0.100000001,
          0.100000001
        ],
        "diffuseColor": [
          0.992156923,
          0.992156923,
          0.992156923,
          1
        ],
        "normalMap": "/levels/jungle_rock_island/art/shapes/buildings/ind_rust_nm.normal.png",
        "roughnessFactor": 0.667999983,
        "specular": [
          0.996078014,
          0.996078014,
          0.996078014,
          1
        ],
        "specularMap": "/levels/jungle_rock_island/art/shapes/buildings/ind_rust_s.color.png",
        "useAnisotropic": true,
        "vertColor": true
      },
      {},
      {},
      {}
    ],
    "alphaRef": 104,
    "alphaTest": true,
    "annotation": "BUILDINGS",
    "doubleSided": true,
    "groundType": "METAL",
    "invertBackFaceNormals": true,
    "materialTag0": "beamng",
    "materialTag1": "beamng",
    "materialTag2": "Industrial",
    "materialTag3": "vegetation",
    "materialTag4": "east_coast_usa",
    "specularStrength0": "1.3",
    "specularStrength1": "0.2",
    "translucentBlendOp": "None"
  },
  "ind_metal_trim": {
    "name": "ind_metal_trim",
    "mapTo": "ind_metal_trim",
    "class": "Material",
    "persistentId": "6fc54099-1c9a-4a9b-995f-74b5a831e70c",
    "Stages": [
      {
        "colorMap": "levels/jungle_rock_island/art/shapes/buildings/Ind_metal_trim_d.color.png",
        "detailScale": [
          0.100000001,
          0.100000001
        ],
        "diffuseColor": [
          0.992156923,
          0.992156923,
          0.992156923,
          1
        ],
        "normalMap": "levels/jungle_rock_island/art/shapes/buildings/Ind_metal_trim_nm.normal.png",
        "roughnessFactor": 0.667999983,
        "specular": [
          0.996078014,
          0.996078014,
          0.996078014,
          1
        ],
        "specularMap": "/levels/jungle_rock_island/art/shapes/buildings/ind_metal_trim_s.color.png",
        "useAnisotropic": true,
        "vertColor": true
      },
      {},
      {},
      {}
    ],
    "alphaRef": 104,
    "alphaTest": true,
    "annotation": "BUILDINGS",
    "doubleSided": true,
    "groundType": "METAL",
    "invertBackFaceNormals": true,
    "materialTag0": "beamng",
    "materialTag1": "beamng",
    "materialTag2": "Industrial",
    "materialTag3": "vegetation",
    "materialTag4": "east_coast_usa",
    "specularStrength0": "1.3",
    "specularStrength1": "0.2",
    "translucentBlendOp": "None"
  },
  "ind_plastic": {
    "name": "ind_plastic",
    "mapTo": "ind_plastic",
    "class": "Material",
    "persistentId": "ab1a9267-a2b4-478a-94aa-96a99289f070",
    "Stages": [
      {
        "colorMap": "/levels/jungle_rock_island/art/shapes/buildings/ut_plastic_b.color.png",
        "normalMap": "/levels/jungle_rock_island/art/shapes/buildings/ut_plastic_nm.normal.png",
        "overlayMap": "/levels/jungle_rock_island/art/shapes/buildings/jri_breakup_texture_a_d.png",
        "specularMap": "/levels/jungle_rock_island/art/shapes/buildings/ut_plastic_s.data.png",
        "vertColor": true
      },
      {},
      {},
      {}
    ],
    "doubleSided": true,
    "materialTag0": "beamng",
    "materialTag1": "beamng",
    "materialTag2": "Industrial",
    "materialTag3": "vegetation",
    "materialTag4": "east_coast_usa",
    "order_simset": 1057461364,
    "specularStrength0": "0.294118",
    "specularStrength1": "0.2"
  },
  "ind_plywood_old": {
    "name": "ind_plywood_old",
    "mapTo": "ind_plywood_old",
    "class": "Material",
    "persistentId": "22466117-6eb1-4877-b075-846ede29108b",
    "Stages": [
      {
        "colorMap": "/levels/jungle_rock_island/art/shapes/buildings/ind_plywood_d.color.png",
        "normalMap": "/levels/jungle_rock_island/art/shapes/buildings/ind_plywood_nm.normal.png",
        "overlayMap": "levels/jungle_rock_island/art/shapes/buildings/utah_breakup_texture.dds",
        "roughnessFactor": 0.879999995,
        "specularMap": "/levels/jungle_rock_island/art/shapes/buildings/ind_plywood_s.color.png",
        "useAnisotropic": true,
        "vertColor": true
      },
      {},
      {},
      {}
    ],
    "alphaRef": 121,
    "alphaTest": true,
    "annotation": "BUILDINGS",
    "doubleSided": true,
    "groundType": "WOOD",
    "invertBackFaceNormals": true,
    "materialTag0": "beamng",
    "materialTag1": "beamng",
    "materialTag2": "Industrial",
    "materialTag3": "vegetation",
    "materialTag4": "east_coast_usa",
    "specularStrength0": "0.294118",
    "specularStrength1": "0.2"
  },
  "ind_tin_01": {
    "name": "ind_tin_01",
    "mapTo": "ind_tin_01",
    "class": "Material",
    "persistentId": "2551c20a-3cfd-4c18-aeb5-bd107a79d4ae",
    "Stages": [
      {
        "colorMap": "levels/jungle_rock_island/art/shapes/buildings/ut_corrugated_tin_V1_d.color.png",
        "detailScale": [
          0.150000006,
          0.150000006
        ],
        "diffuseColor": [
          0.870588303,
          0.870588303,
          0.870588303,
          1
        ],
        "normalMap": "levels/jungle_rock_island/art/shapes/buildings/ut_corrugated_tin_V1_n.dds",
        "overlayMap": "/levels/jungle_rock_island/art/shapes/buildings/utah_breakup_texture.dds",
        "roughnessFactor": 0.503000021,
        "specular": [
          0.992156923,
          0.992156923,
          0.992156923,
          1
        ],
        "specularMap": "levels/jungle_rock_island/art/shapes/buildings/ut_corrugated_tin_V1_s.dds",
        "useAnisotropic": true,
        "vertColor": true
      },
      {},
      {},
      {}
    ],
    "annotation": "SOLID_LINE",
    "doubleSided": true,
    "groundType": "METAL",
    "invertBackFaceNormals": true,
    "materialTag0": "Industrial",
    "materialTag1": "beamng",
    "materialTag2": "Industrial",
    "materialTag3": "vegetation",
    "materialTag4": "east_coast_usa",
    "specularStrength0": "0",
    "specularStrength1": "0.2",
    "translucentBlendOp": "None"
  },
  "ind_tin_02": {
    "name": "ind_tin_02",
    "mapTo": "ind_tin_02",
    "class": "Material",
    "persistentId": "f85fff98-85d2-4be0-9b82-ec129de95bbc",
    "Stages": [
      {
        "colorMap": "levels/jungle_rock_island/art/shapes/buildings/ut_corrugated_tin_V2_d.color.png",
        "detailScale": [
          0.150000006,
          0.150000006
        ],
        "diffuseColor": [
          0.870588303,
          0.870588303,
          0.870588303,
          1
        ],
        "normalMap": "levels/jungle_rock_island/art/shapes/buildings/ut_corrugated_tin_V2_n.dds",
        "overlayMap": "/levels/jungle_rock_island/art/shapes/buildings/utah_breakup_texture.dds",
        "roughnessFactor": 0.522000015,
        "specular": [
          0.992156923,
          0.992156923,
          0.992156923,
          1
        ],
        "specularMap": "levels/jungle_rock_island/art/shapes/buildings/ut_corrugated_tin_V2_s.dds",
        "useAnisotropic": true,
        "vertColor": true
      },
      {},
      {},
      {}
    ],
    "annotation": "SOLID_LINE",
    "doubleSided": true,
    "groundType": "METAL",
    "invertBackFaceNormals": true,
    "materialTag0": "Industrial",
    "materialTag1": "beamng",
    "materialTag2": "Industrial",
    "materialTag3": "vegetation",
    "materialTag4": "east_coast_usa",
    "specularStrength0": "0",
    "specularStrength1": "0.2",
    "translucentBlendOp": "None"
  },
  "ind_tin_03": {
    "name": "ind_tin_03",
    "mapTo": "ind_tin_03",
    "class": "Material",
    "persistentId": "2c63d47e-71f0-4198-bf26-2c9d1530b17b",
    "Stages": [
      {
        "colorMap": "/levels/jungle_rock_island/art/shapes/buildings/ut_corrugated_tin_V3_d.color.png",
        "detailScale": [
          0.150000006,
          0.150000006
        ],
        "diffuseColor": [
          0.870588303,
          0.870588303,
          0.870588303,
          1
        ],
        "normalMap": "levels/jungle_rock_island/art/shapes/buildings/ut_corrugated_tin_V3_n.dds",
        "overlayMap": "/levels/jungle_rock_island/art/shapes/buildings/utah_breakup_texture.dds",
        "roughnessFactor": 0.555999994,
        "specular": [
          0.992156923,
          0.992156923,
          0.992156923,
          1
        ],
        "specularMap": "levels/jungle_rock_island/art/shapes/buildings/ut_corrugated_tin_V3_s.dds",
        "useAnisotropic": true,
        "vertColor": true
      },
      {},
      {},
      {}
    ],
    "annotation": "SOLID_LINE",
    "doubleSided": true,
    "groundType": "METAL",
    "invertBackFaceNormals": true,
    "materialTag0": "Industrial",
    "materialTag1": "beamng",
    "materialTag2": "Industrial",
    "materialTag3": "vegetation",
    "materialTag4": "east_coast_usa",
    "specularStrength0": "0",
    "specularStrength1": "0.2",
    "translucentBlendOp": "None"
  },
  "ind_trim_plastic": {
    "name": "ind_trim_plastic",
    "mapTo": "ind_trim_plastic",
    "class": "Material",
    "persistentId": "e2945fc2-9cdb-4272-8725-49ee406da6bd",
    "Stages": [
      {
        "colorMap": "/levels/jungle_rock_island/art/shapes/buildings/trim_plastic.color.png",
        "normalMap": "/levels/jungle_rock_island/art/shapes/buildings/trim_plastic.normal.png",
        "overlayMap": "/levels/jungle_rock_island/art/shapes/buildings/utah_breakup_texture.dds",
        "specularMap": "/levels/jungle_rock_island/art/shapes/buildings/trim_plastic_s.color.png",
        "vertColor": true
      },
      {},
      {},
      {}
    ],
    "doubleSided": true
  },
  "ind_wood_broken_trim": {
    "name": "ind_wood_broken_trim",
    "mapTo": "ind_wood_broken_trim",
    "class": "material",
    "persistentId": "d8de932b-5727-407f-98d9-8871e848bd84",
    "Stages": [
      {
        "colorMap": "levels/jungle_rock_island/art/shapes/buildings/ind_trim_broken_wood_d.color.png",
        "detailScale": [
          0.150000006,
          0.150000006
        ],
        "diffuseColor": [
          0.992156923,
          0.992156923,
          0.992156923,
          1
        ],
        "normalMap": "levels/jungle_rock_island/art/shapes/buildings/ind_trim_wood_n.normal.png",
        "specular": [
          0.996078014,
          0.996078014,
          0.996078014,
          1
        ],
        "specularMap": "levels/jungle_rock_island/art/shapes/buildings/ind_trim_wood_s.color.png",
        "useAnisotropic": true
      },
      {},
      {},
      {}
    ],
    "alphaRef": 101,
    "alphaTest": true,
    "annotation": "NATURE",
    "doubleSided": true,
    "groundType": "ASPHALT_OLD",
    "invertBackFaceNormals": true,
    "materialTag0": "beamng",
    "materialTag1": "beamng",
    "materialTag2": "Industrial",
    "materialTag3": "vegetation",
    "materialTag4": "east_coast_usa",
    "specularStrength0": "0.3",
    "specularStrength1": "0.2",
    "translucentBlendOp": "None"
  },
  "ind_wood_planks": {
    "name": "ind_wood_planks",
    "mapTo": "ind_wood_planks",
    "class": "Material",
    "persistentId": "32eb9e6a-446d-4d44-baa0-6be4590d05b2",
    "Stages": [
      {
        "colorMap": "levels/jungle_rock_island/art/shapes/buildings/si_wood_wall_d.color.png",
        "diffuseColor": [
          0.988235354,
          0.988235354,
          0.988235354,
          0.00800000038
        ],
        "normalMap": "levels/jungle_rock_island/art/shapes/buildings/si_wood_wall_n.normal.png",
        "overlayMap": "/levels/jungle_rock_island/art/shapes/buildings/jri_breakup_texture_a_d.png",
        "specularMap": "/levels/jungle_rock_island/art/shapes/buildings/si_wood_wall_s.color.png",
        "useAnisotropic": true,
        "vertColor": true
      },
      {},
      {},
      {}
    ],
    "alphaRef": 121,
    "annotation": "BUILDINGS",
    "groundType": "WOOD",
    "invertBackFaceNormals": true,
    "materialTag0": "beamng",
    "materialTag1": "beamng",
    "materialTag2": "Industrial",
    "materialTag3": "vegetation",
    "materialTag4": "east_coast_usa",
    "order_simset": 1057985099,
    "specularStrength0": "0.294118",
    "specularStrength1": "0.2",
    "translucentBlendOp": "None"
  },
  "ind_wood_trim": {
    "name": "ind_wood_trim",
    "mapTo": "ind_wood_trim",
    "class": "Material",
    "persistentId": "573ec0d9-a2e2-4109-a820-71bba1ef417e",
    "Stages": [
      {
        "colorMap": "levels/jungle_rock_island/art/shapes/buildings/ind_trim_wood_d.color.png",
        "detailScale": [
          0.150000006,
          0.150000006
        ],
        "diffuseColor": [
          0.992156923,
          0.992156923,
          0.992156923,
          1
        ],
        "normalMap": "levels/jungle_rock_island/art/shapes/buildings/ind_trim_wood_n.normal.png",
        "specular": [
          0.996078014,
          0.996078014,
          0.996078014,
          1
        ],
        "specularMap": "/levels/jungle_rock_island/art/shapes/buildings/ind_trim_wood_s.color.png",
        "useAnisotropic": true,
        "vertColor": true
      },
      {},
      {},
      {}
    ],
    "annotation": "NATURE",
    "doubleSided": true,
    "groundType": "ASPHALT_OLD",
    "materialTag0": "beamng",
    "materialTag1": "beamng",
    "materialTag2": "Industrial",
    "materialTag3": "vegetation",
    "materialTag4": "east_coast_usa",
    "specularStrength0": "0.3",
    "specularStrength1": "0.2",
    "translucentBlendOp": "None"
  },
  "industrial_signs": {
    "name": "industrial_signs",
    "mapTo": "industrial_signs",
    "class": "Material",
    "persistentId": "d9c72a44-492f-41c0-bdc5-78c9bcd0a3b7",
    "Stages": [
      {
        "colorMap": "/levels/jungle_rock_island/art/shapes/buildings/ind_industrial_signs_d.color.png",
        "detailScale": [
          0.100000001,
          0.100000001
        ],
        "diffuseColor": [
          0.996078491,
          0.996078491,
          0.996078491,
          1
        ],
        "pixelSpecular": true,
        "roughnessFactor": 0.582000017,
        "specular": [
          0.402357012,
          0.402352989,
          0.402352989,
          1
        ],
        "useAnisotropic": true,
        "vertColor": true
      },
      {},
      {},
      {}
    ],
    "annotation": "BUILDINGS",
    "groundType": "ASPHALT_OLD",
    "materialTag0": "beamng",
    "materialTag1": "Industrial",
    "materialTag2": "Industrial",
    "specularStrength0": "1.3",
    "specularStrength1": "0.2",
    "translucentBlendOp": "None"
  },
  "italy_guardrails": {
    "name": "italy_guardrails",
    "mapTo": "italy_guardrails",
    "class": "Material",
    "persistentId": "c11fd14b-8569-4389-8faa-502379c8dbab",
    "Stages": [
      {
        "colorMap": "/levels/jungle_rock_island/art/shapes/buildings/italy_guardrails_d.color.png",
        "detailScale": [
          6,
          6
        ],
        "normalMap": "/levels/jungle_rock_island/art/shapes/buildings/italy_guardrails_n.normal.png",
        "reflectivityMap": "levels/jungle_rock_island/art/shapes/buildings/italy_guardrails_r.dds",
        "specularMap": "/levels/jungle_rock_island/art/shapes/buildings/italy_guardrails_s.color.png",
        "useAnisotropic": true,
        "vertColor": true
      },
      {
        "useAnisotropic": true,
        "vertColor": true
      },
      {},
      {}
    ],
    "cubemap": "global_cubemap_metalblurred",
    "groundType": "METAL",
    "materialTag0": "beamng",
    "materialTag1": "italy",
    "order_simset": 1033132745,
    "specularStrength0": "0.490196",
    "translucentBlendOp": "None"
  },
  "jri_cobblestone": {
    "name": "jri_cobblestone",
    "mapTo": "jri_cobblestone",
    "class": "Material",
    "persistentId": "a6549696-142d-40e0-baba-4a23497afbc8",
    "Stages": [
      {
        "colorMap": "/levels/jungle_rock_island/art/shapes/buildings/jri_cobblestone_d.color.png",
        "diffuseColor": [
          1,
          0.999989986,
          0.999989986,
          1
        ],
        "normalMap": "/levels/jungle_rock_island/art/shapes/buildings/jri_cobblestone_nm.normal.png",
        "overlayMap": "/levels/jungle_rock_island/art/shapes/buildings/jri_breakup_texture_b_d.png",
        "pixelSpecular": true,
        "roughnessFactor": 0.651000023,
        "specularMap": "/levels/jungle_rock_island/art/shapes/buildings/jri_cobblestone_s.color.png",
        "useAnisotropic": true,
        "vertColor": true
      },
      {},
      {},
      {}
    ],
    "groundType": "ASPHALT_OLD",
    "materialTag0": "beamng",
    "materialTag1": "building",
    "materialTag2": "Industrial",
    "order_simset": -1082130432,
    "specularColor0": "0.1 0.1 0.1 0.1",
    "specularStrength0": "0.05",
    "specularStrength1": "0.2",
    "translucentBlendOp": "None"
  },
  "jri_concrete_edge_damage": {
    "name": "jri_concrete_edge_damage",
    "mapTo": "jri_concrete_edge_damage",
    "class": "Material",
    "persistentId": "2e694a2c-00ec-4ea7-8ba1-86f7dc50c12e",
    "Stages": [
      {
        "colorMap": "/levels/jungle_rock_island/art/shapes/buildings/jri_concrete_edge_damage_d.color.png",
        "diffuseColor": [
          0.988235354,
          0.988235354,
          0.988235354,
          1
        ],
        "normalMap": "/levels/jungle_rock_island/art/shapes/buildings/jri_concrete_edge_damage_nm.normal.png",
        "pixelSpecular": true,
        "roughnessFactor": 0.893000007,
        "specular": [
          0.797622979,
          0.797614992,
          0.797614992,
          1
        ],
        "specularMap": "/levels/jungle_rock_island/art/shapes/buildings/jri_concrete_edge_damage_s.color.png",
        "useAnisotropic": true,
        "vertColor": true
      },
      {},
      {},
      {}
    ],
    "alphaRef": 154,
    "alphaTest": true,
    "annotation": "OBSTACLES",
    "groundType": "CONCRETE",
    "materialTag0": "beamng",
    "materialTag1": "building",
    "materialTag2": "Industrial",
    "specularColor0": "0.1 0.1 0.1 0.1",
    "specularStrength0": "0.05",
    "specularStrength1": "0.2",
    "translucentBlendOp": "None"
  },
  "jri_concrete_layered": {
    "name": "jri_concrete_layered",
    "mapTo": "jri_concrete_layered",
    "class": "Material",
    "persistentId": "522e1893-2e1c-4338-a7bf-3163a8f5d171",
    "Stages": [
      {
        "colorMap": "/levels/jungle_rock_island/art/shapes/buildings/jri_concrete_layered_d.color.png",
        "diffuseColor": [
          0.988235354,
          0.988235354,
          0.988235354,
          1
        ],
        "normalMap": "/levels/jungle_rock_island/art/shapes/buildings/jri_concrete_layered_nm.normal .png",
        "overlayMap": "/levels/jungle_rock_island/art/shapes/buildings/jri_breakup_texture_b_d.png",
        "pixelSpecular": true,
        "roughnessFactor": 0.638000011,
        "specularMap": "/levels/jungle_rock_island/art/shapes/buildings/jri_concrete_layered_s.color.png",
        "useAnisotropic": true,
        "vertColor": true
      },
      {},
      {},
      {}
    ],
    "annotation": "OBSTACLES",
    "groundType": "CONCRETE",
    "materialTag0": "beamng",
    "materialTag1": "building",
    "materialTag2": "Industrial",
    "specularColor0": "0.1 0.1 0.1 0.1",
    "specularStrength0": "0.05",
    "specularStrength1": "0.2",
    "translucentBlendOp": "None"
  },
  "jri_concrete_trim": {
    "name": "jri_concrete_trim",
    "mapTo": "jri_concrete_trim",
    "class": "Material",
    "persistentId": "67166e0f-cf03-467e-a8f9-061159ca273e",
    "Stages": [
      {
        "colorMap": "/levels/jungle_rock_island/art/shapes/buildings/JRI_concrete_trim_d.color.png",
        "diffuseColor": [
          0.988235354,
          0.988235354,
          0.988235354,
          1
        ],
        "normalMap": "/levels/jungle_rock_island/art/shapes/buildings/JRI_concrete_trim_nm.normal.png",
        "overlayMap": "/levels/jungle_rock_island/art/shapes/buildings/jri_breakup_texture_b_d.png",
        "pixelSpecular": true,
        "roughnessFactor": 0.638000011,
        "specularMap": "/levels/jungle_rock_island/art/shapes/buildings/jri_concrete_trim_s.color.png",
        "useAnisotropic": true,
        "vertColor": true
      },
      {},
      {},
      {}
    ],
    "groundType": "ASPHALT_OLD",
    "materialTag0": "beamng",
    "materialTag1": "building",
    "materialTag2": "Industrial",
    "order_simset": -1082130432,
    "specularColor0": "0.1 0.1 0.1 0.1",
    "specularStrength0": "0.05",
    "specularStrength1": "0.2",
    "translucentBlendOp": "None"
  },
  "jri_glass": {
    "name": "jri_glass",
    "mapTo": "jri_glass",
    "class": "Material",
    "persistentId": "b81ffe75-2d82-415e-afe8-6c71b57babe5",
    "Stages": [
      {
        "colorMap": "/levels/jungle_rock_island/art/shapes/buildings/ind_glass_b.color.png",
        "diffuseColor": [
          0.992156982,
          0.992156982,
          0.992156982,
          1
        ],
        "pixelSpecular": true,
        "reflectivityMap": "/levels/jungle_rock_island/art/shapes/buildings/ind_glass_transparent_ref.data.png",
        "reflectivityMapFactor": 0.0780000016,
        "roughnessFactor": 0.481999993,
        "specularMap": "/levels/jungle_rock_island/art/shapes/buildings/ind_glass_transparent_s.color.png",
        "useAnisotropic": true
      },
      {},
      {},
      {}
    ],
    "alphaRef": 70,
    "annotation": "BUILDINGS",
    "cubemap": "BNG_Sky_02_cubemap",
    "groundType": "ASPHALT_OLD",
    "materialTag0": "beamng",
    "materialTag1": "beamng",
    "materialTag2": "Industrial",
    "order_simset": 460,
    "specularStrength0": "0.490196",
    "specularStrength1": "0.2",
    "translucentBlendOp": "None"
  },
  "jri_long_bricks": {
    "name": "jri_long_bricks",
    "mapTo": "jri_long_bricks",
    "class": "Material",
    "persistentId": "23e40cdb-0b8f-43a5-a85b-247d894912b2",
    "Stages": [
      {
        "colorMap": "/levels/jungle_rock_island/art/shapes/buildings/jri_long_bricks_d.color.png",
        "detailScale": [
          0.200000003,
          0.200000003
        ],
        "diffuseColor": [
          0.996078491,
          0.996078491,
          0.996078491,
          1
        ],
        "normalMap": "/levels/jungle_rock_island/art/shapes/buildings/jri_long_bricks_nm.normal.png",
        "overlayMap": "/levels/jungle_rock_island/art/shapes/buildings/jri_breakup_texture_a_d.png",
        "roughnessFactor": 0.714999974,
        "specular": [
          0.517647088,
          0.517647088,
          0.517647088,
          1
        ],
        "specularMap": "/levels/jungle_rock_island/art/shapes/buildings/jri_long_bricks_s.color.png",
        "useAnisotropic": true,
        "vertColor": true
      },
      {},
      {},
      {}
    ],
    "alphaRef": 28,
    "alphaTest": true,
    "annotation": "BUILDINGS",
    "groundType": "ASPHALT_OLD",
    "materialTag0": "beamng",
    "materialTag1": "Industrial",
    "materialTag2": "Industrial",
    "order_simset": -1109056031,
    "specularStrength0": "1.3",
    "specularStrength1": "0.2",
    "translucentBlendOp": "Add"
  },
  "jri_stone_trim": {
    "name": "jri_stone_trim",
    "mapTo": "jri_stone_trim",
    "class": "Material",
    "persistentId": "a12fe0fc-34be-40d8-ae27-bbbc42e96b0f",
    "Stages": [
      {
        "colorMap": "/levels/jungle_rock_island/art/shapes/buildings/jri_stone_trim_d.color.png",
        "normalMap": "/levels/jungle_rock_island/art/shapes/buildings/jri_stone_trim_nm.normal.png",
        "specularMap": "/levels/jungle_rock_island/art/shapes/buildings/jri_stone_trim_s.color.png",
        "vertColor": true
      },
      {},
      {},
      {}
    ],
    "alphaRef": 5,
    "alphaTest": true,
    "order_simset": -1097136142
  },
  "jri_stone_wall": {
    "name": "jri_stone_wall",
    "mapTo": "jri_stone_wall",
    "class": "Material",
    "persistentId": "d10fa95c-3f22-4dc0-8a1c-380e43a776b2",
    "Stages": [
      {
        "colorMap": "/levels/jungle_rock_island/art/shapes/buildings/jri_stone_wall_d.color.png",
        "diffuseColor": [
          1,
          0.999989986,
          0.999989986,
          1
        ],
        "normalMap": "/levels/jungle_rock_island/art/shapes/buildings/jri_stone_wall_nm.normal.png",
        "overlayMap": "/levels/jungle_rock_island/art/shapes/buildings/jri_breakup_texture_b_d.png",
        "pixelSpecular": true,
        "roughnessFactor": 0.651000023,
        "specularMap": "/levels/jungle_rock_island/art/shapes/buildings/jri_stone_wall_s.color.png",
        "useAnisotropic": true,
        "vertColor": true
      },
      {},
      {},
      {}
    ],
    "groundType": "ASPHALT_OLD",
    "materialTag0": "beamng",
    "materialTag1": "building",
    "materialTag2": "Industrial",
    "order_simset": 1038652710,
    "specularColor0": "0.1 0.1 0.1 0.1",
    "specularStrength0": "0.05",
    "specularStrength1": "0.2",
    "translucentBlendOp": "None"
  },
  "jri_terrain_asphalt": {
    "name": "jri_terrain_asphalt",
    "mapTo": "jri_terrain_asphalt",
    "class": "Material",
    "persistentId": "93a4a866-62f6-468a-b28d-7f4a3afa84e2",
    "Stages": [
      {
        "ambientOcclusionMap": "/levels/jungle_rock_island/art/road/t_jri_asphalt_ao.data.png",
        "baseColorFactor": [
          1,
          0.999989986,
          0.999989986,
          1
        ],
        "baseColorMap": "/levels/jungle_rock_island/art/road/t_jri_asphalt_b.color.png",
        "normalMap": "/levels/jungle_rock_island/art/road/t_jri_asphalt_nm.normal.png",
        "roughnessMap": "/levels/jungle_rock_island/art/road/t_jri_asphalt_r.data.png"
      },
      {},
      {},
      {}
    ],
    "annotation": "ASPHALT",
    "groundType": "ASPHALT_OLD",
    "version": 1.5
  },
  "m8_marston_mat": {
    "name": "m8_marston_mat",
    "mapTo": "m8_marston_mat",
    "class": "Material",
    "persistentId": "2d92c82c-0c6c-4f52-9107-d1f1a49ba2d9",
    "Stages": [
      {
        "colorMap": "/levels/jungle_rock_island/art/shapes/buildings/m8_marston_mat_d.color.png",
        "normalMap": "/levels/jungle_rock_island/art/shapes/buildings/m8_marston_mat_n.normal.png",
        "overlayMap": "/levels/jungle_rock_island/art/shapes/buildings/utah_breakup_texture.dds",
        "pixelSpecular": true,
        "reflectivityMapFactor": 0.300000012,
        "roughnessFactor": 0.757000029,
        "specularMap": "/levels/jungle_rock_island/art/shapes/buildings/m8_marston_mat_s.color.png",
        "useAnisotropic": true,
        "vertColor": true
      },
      {},
      {},
      {}
    ],
    "alphaRef": 156,
    "doubleSided": true,
    "groundType": "METAL",
    "invertBackFaceNormals": true,
    "materialTag1": "beamng",
    "order_simset": 0,
    "specularStrength0": "0.490196",
    "specularStrength1": "0.2",
    "translucent": true,
    "translucentZWrite": true
  },
  "metal_paint": {
    "name": "metal_paint",
    "mapTo": "metal_paint",
    "class": "Material",
    "persistentId": "2ca1dbed-b502-49be-af13-8e43db4db207",
    "Stages": [
      {
        "colorMap": "/levels/jungle_rock_island/art/shapes/buildings/metal_paint_d.color.png",
        "normalMap": "/levels/jungle_rock_island/art/shapes/buildings/metal_paint_nm.normal.png",
        "overlayMap": "/levels/jungle_rock_island/art/shapes/buildings/metal_rust_drips.color.png",
        "reflectivityMap": "/levels/jungle_rock_island/art/shapes/buildings/metal_paint_ref.data.png",
        "roughnessFactor": 0.497999996,
        "specularMap": "/levels/jungle_rock_island/art/shapes/buildings/metal_paint_s.color.png",
        "vertColor": true
      },
      {},
      {},
      {}
    ],
    "annotation": "OBSTACLES",
    "cubemap": "global_cubemap_metalblurred",
    "doubleSided": true,
    "groundType": "METAL",
    "invertBackFaceNormals": true
  },
  "mixed_concrete_decals": {
    "name": "mixed_concrete_decals",
    "mapTo": "mixed_concrete_decals",
    "class": "Material",
    "persistentId": "c10d79a7-2500-4209-bfc6-19f28370a2c7",
    "Stages": [
      {
        "colorMap": "/levels/jungle_rock_island/art/shapes/buildings/ut_concrete_decals_d.color.png",
        "normalMap": "/levels/jungle_rock_island/art/shapes/buildings/ut_concrete_decals_nm.normal.png",
        "specularMap": "/levels/jungle_rock_island/art/shapes/buildings/ut_concrete_decals_s.color.png"
      },
      {},
      {},
      {}
    ],
    "invertBackFaceNormals": true,
    "translucent": true
  },
  "rotten_wood_trim": {
    "name": "rotten_wood_trim",
    "mapTo": "rotten_wood_trim",
    "class": "Material",
    "persistentId": "37949ef8-10b3-4b6a-8889-f1cdea8730e6",
    "Stages": [
      {
        "colorMap": "/levels/jungle_rock_island/art/shapes/buildings/rotten_wood_trim_d.color.png",
        "detailMap": "/levels/jungle_rock_island/art/shapes/buildings/rotten_wood_details.data.png",
        "detailScale": [
          0.340000004,
          0.600000024
        ],
        "normalMap": "/levels/jungle_rock_island/art/shapes/buildings/rotten_wood_trim_nm.normal.png",
        "overlayMap": "/levels/jungle_rock_island/art/shapes/buildings/jri_breakup_texture_a_d.png",
        "specularMap": "/levels/jungle_rock_island/art/shapes/buildings/rotten_wood_trim_s.color.png",
        "vertColor": true
      },
      {},
      {},
      {}
    ],
    "annotation": "STREET",
    "groundType": "WOOD"
  },
  "si_metal_roof": {
    "name": "si_metal_roof",
    "mapTo": "si_metal_roof",
    "class": "Material",
    "persistentId": "3c3b2bd8-2391-4688-b07e-0d414bcbd1da",
    "Stages": [
      {
        "colorMap": "/levels/jungle_rock_island/art/shapes/buildings/si_metal_roof_d.png",
        "diffuseColor": [
          0.988235354,
          0.988235354,
          0.988235354,
          1
        ],
        "normalMap": "levels/jungle_rock_island/art/shapes/buildings/si_metal_roof.normal.png",
        "overlayMap": "/levels/jungle_rock_island/art/shapes/buildings/jri_breakup_texture_a_d.png",
        "pixelSpecular": true,
        "roughnessFactor": 0.407999992,
        "specularMap": "/levels/jungle_rock_island/art/shapes/buildings/si_metal_roof_s.png",
        "useAnisotropic": true,
        "vertColor": true
      },
      {},
      {},
      {}
    ],
    "groundType": "METAL",
    "materialTag0": "beamng",
    "materialTag1": "building",
    "materialTag2": "Industrial",
    "order_simset": 0,
    "specularColor0": "0.1 0.1 0.1 0.1",
    "specularStrength0": "0.05",
    "specularStrength1": "0.2",
    "translucentBlendOp": "None"
  },
  "ut_busstop_old_sign": {
    "name": "ut_busstop_old_sign",
    "mapTo": "ut_busstop_old_sign",
    "class": "Material",
    "persistentId": "b900cf52-15ea-4cb2-87b3-052c12f4647e",
    "Stages": [
      {
        "colorMap": "ut_busstop_old_sign_d.dds",
        "diffuseColor": [
          0.992156982,
          0.992156982,
          0.992156982,
          1
        ],
        "normalMap": "ut_busstop_old_sign_n.dds",
        "specularMap": "ut_busstop_old_sign_s.dds",
        "specularPower": 1,
        "useAnisotropic": true
      },
      {},
      {},
      {}
    ],
    "groundType": "WOOD",
    "materialTag0": "beamng"
  },
  "ut_graffiti": {
    "name": "ut_graffiti",
    "mapTo": "ut_graffiti",
    "class": "Material",
    "persistentId": "0ce37d53-70a9-42fe-b1fb-dc71df8b7f5e",
    "Stages": [
      {
        "colorMap": "/levels/jungle_rock_island/art/shapes/buildings/ut_graffiti.color.png"
      },
      {},
      {},
      {}
    ],
    "translucent": true
  }
}