{
  "sumo_containers_shipping": {
    "name": "sumo_containers_shipping",
    "mapTo": "sumo_containers_shipping",
    "class": "Material",
    "persistentId": "54ab4b85-e352-4833-a604-3fb87a8fddd6",
    "Stages": [
      {
        "ambientOcclusionMap": "/art/SumoMaterials/t_containers_shipping_ao.data.png",
        "baseColorFactor": [
          0.992156982,
          0.992156982,
          0.992156982,
          1
        ],
        "baseColorMap": "/art/SumoMaterials/t_containers_shipping_b.color.png",
        "metallicFactor": 1,
        "metallicMap": "/art/SumoMaterials/t_containers_shipping_m.data.png",
        "normalMap": "/art/SumoMaterials/t_containers_shipping_nm.normal.png",
        "roughnessMap": "/art/SumoMaterials/t_containers_shipping_r.data.png"
      },
      {
        "metallicMap": "/art/SumoMaterials/t_containers_shipping_m.data.png",
        "normalMap": "/art/SumoMaterials/t_containers_shipping_nm.normal.png",
        "opacityMap": "/art/SumoMaterials/t_containers_shipping_o.data.png",
        "roughnessMap": "/art/SumoMaterials/t_containers_shipping_r.data.png",
        "vertColor": true
      },
      {},
      {}
    ],
    "activeLayers": 2,
    "annotation": "OBSTACLES",
    "groundType": "METAL",
    "materialTag0": "beamng",
    "materialTag1": "Industrial",
    "version": 1.5
  },
  "sumo_containers_shipping_branding": {
    "name": "sumo_containers_shipping_branding",
    "mapTo": "sumo_containers_shipping_branding",
    "class": "Material",
    "persistentId": "db16d184-65a8-47b8-b1c7-39e2f545323d",
    "Stages": [
      {
        "baseColorFactor": [
          0.992156982,
          0.992156982,
          0.992156982,
          1
        ],
        "baseColorMap": "/art/SumoMaterials/t_containers_shipping_branding_b.color.png",
        "opacityMap": "/art/SumoMaterials/t_containers_shipping_branding_o.data.png",
        "roughnessFactor": 0.635999978,
        "vertColor": true
      },
      {},
      {},
      {}
    ],
    "castShadows": false,
    "groundType": "ASPHALT_OLD",
    "materialTag0": "beamng",
    "materialTag1": "Industrial",
    "translucent": true,
    "translucentZWrite": true,
    "version": 1.5
  },
  "barrier_concrete": {
    "name": "barrier_concrete",
    "mapTo": "barrier_concrete",
    "class": "Material",
    "persistentId": "0bd5a6f3-2b41-4ac3-91cd-dde3635a6c38",
    "Stages": [
      {
        "colorMap": "barrier_concrete_d.dds",
        "detailScale": [
          0.370000005,
          0.370000005
        ],
        "normalMap": "barrier_concrete_n.dds",
        "pixelSpecular": true,
        "specularMap": "barrier_concrete_s.dds",
        "specularPower": 32,
        "useAnisotropic": true,
        "vertColor": true
      },
      {},
      {},
      {}
    ],
    "annotation": "GUARD_RAIL",
    "materialTag0": "beamng",
    "materialTag1": "vehicle",
    "translucent": true,
    "translucentBlendOp": "None"
  },
  "guardrail": {
    "name": "guardrail",
    "mapTo": "guardrail",
    "class": "Material",
    "persistentId": "7cb1908b-c47a-4d06-96b2-72c8ddf1499d",
    "Stages": [
      {
        "colorMap": "/levels/industrial/art/shapes/objects/guardrail_d.dds",
        "detailMap": "/levels/industrial/art/shapes/objects/guardrail_rust_detail_d.data.png",
        "detailNormalMap": "/levels/industrial/art/shapes/objects/guardrail_rust_detail_n.normal.png",
        "detailNormalMapStrength": 0.300000012,
        "normalMap": "/levels/industrial/art/shapes/objects/hr_guardrail_n.dds",
        "specularMap": "/levels/industrial/art/shapes/objects/guardrail_s.color.png",
        "useAnisotropic": true,
        "vertColor": true
      },
      {},
      {},
      {}
    ],
    "annotation": "GUARD_RAIL",
    "materialTag0": "beamng",
    "materialTag1": "vehicle",
    "translucent": true,
    "translucentBlendOp": "None"
  },
  "hr_tirewall": {
    "name": "hr_tirewall",
    "mapTo": "hr_tirewall",
    "class": "Material",
    "persistentId": "f8039b7c-7e69-460b-aace-296d2104d80f",
    "Stages": [
      {
        "colorMap": "tirewall_d.dds",
        "normalMap": "tirewall_n.dds",
        "pixelSpecular": true,
        "specularMap": "tirewall_s.dds",
        "specularPower": 19,
        "useAnisotropic": true
      },
      {
        "colorMap": "tirewall_c.dds",
        "vertColor": true
      },
      {},
      {}
    ],
    "alphaRef": 0,
    "annotation": "OBSTACLES",
    "materialTag0": "beamng",
    "materialTag1": "vehicle",
    "translucentBlendOp": "None"
  }
}