{
  "sumo_m_concrete_plain": {
    "name": "sumo_m_concrete_plain",
    "mapTo": "sumo_m_concrete_plain",
    "class": "Material",
    "persistentId": "40319074-87c9-4ffc-9d47-cf86d428ea3e",
    "Stages": [
      {
        "ambientOcclusionMap": "/art/SumoMaterials/t_concrete_plain_ao.data.png",
        "baseColorFactor": [
          0.992156923,
          0.992156923,
          0.992156923,
          1
        ],
        "baseColorMap": "/art/SumoMaterials/t_concrete_plain_b.color.png",
        "detailMap": "/art/SumoMaterials/t_macro_asphalt_b.png",
        "detailNormalMap": "/art/SumoMaterials/t_macro_asphalt_nm.png",
        "detailNormalMapStrength": 0.209999993,
        "detailScale": [
          0.100000001,
          0.100000001
        ],
        "diffuseMapUseUV": null,
        "normalMap": "/art/SumoMaterials/t_concrete_plain_nm.normal.png",
        "opacityMapUseUV": null,
        "pixelSpecular": true,
        "roughnessFactor": 0.607767701,
        "roughnessMap": "/art/SumoMaterials/t_concrete_plain_r.data.png",
        "specular": [
          0.517175972,
          0.517170012,
          0.517170012,
          1
        ],
        "vertColor": true
      },
      {
        "baseColorFactor": null,
        "baseColorMap": "/art/SumoMaterials/t_breakup_general_b.color.png",
        "detailNormalMapStrength": null,
        "detailScale": null,
        "diffuseMapUseUV": 1,
        "opacityMap": "/art/SumoMaterials/t_breakup_general_o.data.png",
        "opacityMapUseUV": 1,
        "pixelSpecular": null,
        "roughnessFactor": 0.699999988,
        "specular": null,
        "vertColor": true
      },
      {
        "baseColorFactor": null,
        "detailNormalMapStrength": null,
        "detailScale": null,
        "diffuseMapUseUV": null,
        "opacityMapUseUV": null,
        "pixelSpecular": null,
        "roughnessFactor": null,
        "specular": null,
        "vertColor": null
      },
      {
        "baseColorFactor": null,
        "detailNormalMapStrength": null,
        "detailScale": null,
        "diffuseMapUseUV": null,
        "opacityMapUseUV": null,
        "pixelSpecular": null,
        "roughnessFactor": null,
        "specular": null,
        "vertColor": null
      }
    ],
    "activeLayers": 2,
    "alphaRef": 0,
    "annotation": "BUILDINGS",
    "groundType": "CONCRETE",
    "materialTag0": "beamng",
    "materialTag1": "building",
    "materialTag2": "concrete",
    "specularStrength0": "0.490196",
    "translucentBlendOp": "None",
    "version": 1.5
  },
  "Concrete_Road_Barrier_a": {
    "name": "Concrete_Road_Barrier_a",
    "mapTo": "concrete_road_barrier_a",
    "class": "Material",
    "persistentId": "b243f114-5c07-41f6-981e-b20ea2a0b07b",
    "Stages": [
      {
        "colorMap": "concrete_road_barrier_a_d.dds",
        "diffuseColor": [
          0.992156982,
          0.992156982,
          0.992156982,
          1
        ],
        "normalMap": "concrete_road_barrier_a_n.dds",
        "specularMap": "concrete_road_barrier_a_s.dds",
        "specularPower": 1
      },
      {},
      {},
      {}
    ],
    "groundType": "ASPHALT_OLD",
    "materialTag0": "beamng",
    "materialTag1": "Industrial"
  },
  "a_asphalt_01_a": {
    "name": "a_asphalt_01_a",
    "mapTo": "asphalt_01_a",
    "class": "Material",
    "persistentId": "6ac6aa71-41f6-45ea-a8b5-c59bc5b90a09",
    "Stages": [
      {
        "colorMap": "/levels/jungle_rock_island/art/shapes/misc/asphalt_01_a_d.dds",
        "diffuseColor": [
          0.803921998,
          0.803921998,
          0.803921998,
          1
        ],
        "specularMap": "/levels/jungle_rock_island/art/shapes/misc/asphalt_01_a_s.dds"
      },
      {},
      {},
      {}
    ],
    "doubleSided": true,
    "groundType": "ASPHALT_OLD",
    "materialTag0": "beamng",
    "materialTag1": "RoadAndPath",
    "translucentBlendOp": "None"
  },
  "animals": {
    "name": "animals",
    "mapTo": "animals",
    "class": "Material",
    "persistentId": "d077690f-10be-49c5-8ab3-b6daf74ff264",
    "Stages": [
      {
        "colorMap": "animals_diff.dds",
        "normalMap": "animals_n.dds",
        "specularMap": "animals_spec.dds"
      },
      {},
      {},
      {}
    ],
    "groundType": "WOOD"
  },
  "concrete_bridge_01a": {
    "name": "concrete_bridge_01a",
    "mapTo": "concrete_bridge_01a",
    "class": "Material",
    "persistentId": "f4a3a739-98f9-471b-ba94-26563d1a8f62",
    "Stages": [
      {
        "colorMap": "concrete_bridge_01a_d.dds",
        "diffuseColor": [
          0.800000012,
          0.800000012,
          0.800000012,
          1
        ],
        "normalMap": "concrete_bridge_01a_n.dds",
        "pixelSpecular": true,
        "specular": [
          0.400000006,
          0.400000006,
          0.400000006,
          1
        ],
        "specularMap": "concrete_bridge_01a_s.dds",
        "specularPower": 4,
        "useAnisotropic": true
      },
      {},
      {},
      {}
    ],
    "groundType": "ASPHALT_OLD",
    "materialTag0": "beamng",
    "materialTag1": "Industrial"
  },
  "container_01_a_containers_01_a": {
    "name": "container_01_a_containers_01_a",
    "mapTo": "containers_01_a",
    "class": "Material",
    "persistentId": "c5ff8d3d-3eb1-4f0c-85d0-b915c176f843",
    "Stages": [
      {
        "colorMap": "containers_01_a_d.dds",
        "diffuseColor": [
          0.9960780143737792,
          0.992156982,
          0.992156982,
          1
        ],
        "normalMap": "containers_01_a_n.dds",
        "specularMap": "containers_01_a_s.dds",
        "useAnisotropic": true
      },
      {},
      {},
      {}
    ],
    "groundType": "METAL",
    "translucentBlendOp": "None"
  },
  "container_01_b_Material": {
    "name": "container_01_b_Material",
    "mapTo": "Material",
    "class": "Material",
    "persistentId": "f67d81eb-3564-4d78-ae99-ad266bb2b55c",
    "Stages": [
      {
        "diffuseColor": [
          0.639999986,
          0.639999986,
          0.639999986,
          1
        ]
      },
      {},
      {},
      {}
    ],
    "doubleSided": true,
    "groundType": "METAL",
    "translucentBlendOp": "None"
  },
  "containers_shipping": {
    "name": "containers_shipping",
    "mapTo": "containers_shipping",
    "class": "Material",
    "persistentId": "54ab4b85-e352-4833-a604-3fb87a8fddd6",
    "Stages": [
      {
        "diffuseColor": [
          0.992156982,
          0.992156982,
          0.992156982,
          1
        ],
        "normalMap": "/levels/jungle_rock_island/art/shapes/misc/containers_n.normal.png",
        "specularMap": "/levels/jungle_rock_island/art/shapes/misc/containers_s.color.png",
        "useAnisotropic": true,
        "vertColor": true
      },
      {
        "colorMap": "/levels/jungle_rock_island/art/shapes/misc/containers_d.color.png",
        "normalMap": "/levels/jungle_rock_island/art/shapes/misc/containers_n.normal.png",
        "specularMap": "/levels/jungle_rock_island/art/shapes/misc/containers_s.color.png"
      },
      {},
      {}
    ],
    "groundType": "METAL",
    "materialTag0": "beamng",
    "materialTag1": "Industrial"
  },
  "containers_shipping_branding": {
    "name": "containers_shipping_branding",
    "mapTo": "containers_shipping_branding",
    "class": "Material",
    "persistentId": "db16d184-65a8-47b8-b1c7-39e2f545323d",
    "Stages": [
      {
        "colorMap": "/levels/jungle_rock_island/art/shapes/misc/containers_branding.png",
        "diffuseColor": [
          0.992156982,
          0.992156982,
          0.992156982,
          1
        ],
        "useAnisotropic": true,
        "vertColor": true
      },
      {},
      {},
      {}
    ],
    "castShadows": false,
    "groundType": "ASPHALT_OLD",
    "materialTag0": "beamng",
    "materialTag1": "Industrial",
    "translucent": true,
    "translucentZWrite": true
  },
  "ferry_black": {
    "name": "ferry_black",
    "mapTo": "ferry_black",
    "class": "Material",
    "persistentId": "1be23072-e07e-48a4-a2f2-ef06b01e6218",
    "Stages": [
      {
        "colorMap": "levels/jungle_rock_island/art/shapes/misc/ferry_black.dds",
        "normalMap": "levels/jungle_rock_island/art/shapes/misc/ferry_n.dds",
        "pixelSpecular": true,
        "specularMap": "levels/jungle_rock_island/art/shapes/misc/ferry_s.dds",
        "specularPower": 4,
        "useAnisotropic": true
      },
      {},
      {},
      {}
    ],
    "groundType": "METAL",
    "materialTag0": "beamng",
    "materialTag1": "Industrial"
  },
  "ferry_blue": {
    "name": "ferry_blue",
    "mapTo": "ferry_blue",
    "class": "Material",
    "persistentId": "6b3c2079-82b4-4dd9-937d-520b5a4d0423",
    "Stages": [
      {
        "colorMap": "ferry_blue.dds",
        "normalMap": "ferry_n.dds",
        "pixelSpecular": true,
        "specularMap": "ferry_s.dds",
        "specularPower": 4,
        "useAnisotropic": true
      },
      {},
      {},
      {}
    ],
    "groundType": "METAL",
    "materialTag0": "beamng",
    "materialTag1": "Industrial"
  },
  "ferry_hazard": {
    "name": "ferry_hazard",
    "mapTo": "ferry_hazard",
    "class": "Material",
    "persistentId": "c0f9c20f-4487-428d-9bfe-b0ac69a0ff13",
    "Stages": [
      {
        "colorMap": "ferry_hazard.dds",
        "normalMap": "ferry_n.dds",
        "pixelSpecular": true,
        "specularMap": "ferry_s.dds",
        "specularPower": 4,
        "useAnisotropic": true
      },
      {},
      {},
      {}
    ],
    "groundType": "METAL",
    "materialTag0": "beamng",
    "materialTag1": "Industrial"
  },
  "ferry_railing": {
    "name": "ferry_railing",
    "mapTo": "ferry_railing",
    "class": "Material",
    "persistentId": "70ae6119-c7e5-4ee0-bb8f-ac0bd64a0a01",
    "Stages": [
      {
        "colorMap": "levels/jungle_rock_island/art/shapes/misc/ferry_railing_d.dds",
        "normalMap": "levels/jungle_rock_island/art/shapes/misc/ferry_railing_n.dds",
        "pixelSpecular": true,
        "specularMap": "levels/jungle_rock_island/art/shapes/misc/ferry_s.dds",
        "specularPower": 4,
        "useAnisotropic": true
      },
      {},
      {},
      {}
    ],
    "alphaRef": 50,
    "alphaTest": true,
    "doubleSided": true,
    "groundType": "METAL",
    "materialTag0": "beamng",
    "materialTag1": "Industrial"
  },
  "ferry_red": {
    "name": "ferry_red",
    "mapTo": "ferry_red",
    "class": "Material",
    "persistentId": "00a817f8-3a0c-408d-9afa-e0ed166bbd4d",
    "Stages": [
      {
        "colorMap": "ferry_red.dds",
        "normalMap": "ferry_n.dds",
        "pixelSpecular": true,
        "specularMap": "ferry_s.dds",
        "specularPower": 4,
        "useAnisotropic": true
      },
      {},
      {},
      {}
    ],
    "groundType": "METAL",
    "materialTag0": "beamng",
    "materialTag1": "Industrial"
  },
  "ferry_white": {
    "name": "ferry_white",
    "mapTo": "ferry_white",
    "class": "Material",
    "persistentId": "eacee48b-5955-4933-bf98-4035368d9cff",
    "Stages": [
      {
        "colorMap": "ferry_white.dds",
        "normalMap": "ferry_n.dds",
        "pixelSpecular": true,
        "specularMap": "ferry_s.dds",
        "specularPower": 4,
        "useAnisotropic": true
      },
      {},
      {},
      {}
    ],
    "groundType": "METAL",
    "materialTag0": "beamng",
    "materialTag1": "Industrial"
  },
  "ferry_white_paint": {
    "name": "ferry_white_paint",
    "mapTo": "ferry_white_paint",
    "class": "Material",
    "persistentId": "1d9acec0-17f9-41c0-84dc-9214499c35f7",
    "Stages": [
      {
        "colorMap": "levels/jungle_rock_island/art/shapes/misc/ferry_white_paint.dds",
        "normalMap": "levels/jungle_rock_island/art/shapes/misc/ferry_n.dds",
        "specular": [
          0.5,
          0.5,
          0.5,
          1
        ],
        "specularMap": "levels/jungle_rock_island/art/shapes/misc/ferry_s.dds",
        "specularPower": 50
      },
      {},
      {},
      {}
    ],
    "groundType": "METAL",
    "materialTag0": "beamng",
    "materialTag1": "Industrial",
    "translucentBlendOp": "None"
  },
  "ferry_window": {
    "name": "ferry_window",
    "mapTo": "ferry_window",
    "class": "Material",
    "persistentId": "d3eb59aa-53a8-473a-ae6e-38dad9c02f81",
    "Stages": [
      {
        "colorMap": "levels/jungle_rock_island/art/shapes/misc/ferry_white_paint.dds",
        "diffuseColor": [
          0,
          0.580392003,
          1,
          0.00800000038
        ],
        "normalMap": "levels/jungle_rock_island/art/shapes/misc/ferry_n.dds",
        "pixelSpecular": true,
        "specularMap": "levels/jungle_rock_island/art/shapes/misc/ferry_s.dds",
        "specularPower": 4,
        "useAnisotropic": true
      },
      {},
      {},
      {}
    ],
    "cubemap": "cubemap_jungle_reflection",
    "groundType": "METAL",
    "materialTag0": "beamng",
    "materialTag1": "Industrial"
  },
  "guardrail": {
    "name": "guardrail",
    "mapTo": "guardrail",
    "class": "Material",
    "persistentId": "0e3f97e9-15ee-4a0f-85eb-30bd6344788d",
    "Stages": [
      {
        "colorMap": "levels/jungle_rock_island/art/shapes/misc/guardrail_d.dds",
        "normalMap": "levels/jungle_rock_island/art/shapes/misc/guardrail_n.dds",
        "pixelSpecular": true,
        "reflectivityMap": "levels/jungle_rock_island/art/shapes/misc/guardrail_r.dds",
        "specularMap": "levels/jungle_rock_island/art/shapes/misc/guardrail_s.dds",
        "specularPower": 32,
        "useAnisotropic": true,
        "vertColor": true
      },
      {},
      {},
      {}
    ],
    "annotation": "GUARD_RAIL",
    "cubemap": "global_cubemap_metalblurred",
    "groundType": "METAL",
    "materialTag0": "beamng",
    "materialTag1": "vehicle",
    "translucent": true,
    "translucentBlendOp": "None"
  },
  "jri_dirt_mesh": {
    "name": "jri_dirt_mesh",
    "mapTo": "jri_dirt_mesh",
    "class": "Material",
    "persistentId": "cb2b23fc-c1af-4d42-8971-be6c186693e3",
    "Stages": [
      {
        "colorMap": "/levels/jungle_rock_island/art/shapes/misc/jri_dirt_mesh_d.color.png",
        "diffuseColor": [
          0.996078014,
          0.992156982,
          0.992156982,
          1
        ],
        "normalMap": "/levels/jungle_rock_island/art/shapes/misc/jri_dirt_mesh_n.normal.png",
        "overlayMap": "/levels/jungle_rock_island/art/shapes/buildings/utah_breakup_texture.dds",
        "specularMap": "/levels/jungle_rock_island/art/shapes/misc/jri_dirt_mesh_s.color.png",
        "useAnisotropic": true,
        "vertColor": true
      },
      {},
      {},
      {}
    ],
    "groundType": "METAL",
    "order_simset": 0,
    "translucentBlendOp": "None"
  },
  "misc_billboard_title": {
    "name": "misc_billboard_title",
    "mapTo": "misc_billboard_title",
    "class": "Material",
    "persistentId": "64fe116c-7e78-4ced-a63b-1da598c651c8",
    "Stages": [
      {
        "colorMap": "billboards_01b.dds",
        "detailScale": [
          10,
          10
        ],
        "pixelSpecular": true,
        "specular": [
          0.5,
          0.5,
          0.5,
          1
        ],
        "specularPower": 1,
        "useAnisotropic": true
      },
      {},
      {},
      {}
    ],
    "doubleSided": true,
    "groundType": "PLASTIC",
    "materialTag0": "Industrial",
    "materialTag1": "beamng",
    "materialTag2": "Miscellaneous",
    "materialTag3": "Natural",
    "translucentBlendOp": "None"
  },
  "misc_markings_01": {
    "name": "misc_markings_01",
    "mapTo": "misc_markings_01",
    "class": "Material",
    "persistentId": "d447221b-0dc1-484a-9e25-aa080a752ba9",
    "Stages": [
      {
        "colorMap": "misc_markings.dds",
        "diffuseColor": [
          0.9960780143737792,
          0.9960780143737792,
          0.9960780143737792,
          1
        ],
        "pixelSpecular": true,
        "specular": [
          0.5,
          0.5,
          0.5,
          1
        ],
        "specularPower": 1
      },
      {},
      {},
      {}
    ],
    "alphaRef": 40,
    "alphaTest": true,
    "castShadows": false,
    "doubleSided": true,
    "groundType": "PLASTIC",
    "materialTag0": "beamng",
    "materialTag1": "Industrial",
    "translucentZWrite": true
  },
  "speedbump_01a": {
    "name": "speedbump_01a",
    "mapTo": "speedbump_01a",
    "class": "Material",
    "persistentId": "0f5d6a02-ab1d-41bc-bbce-dbb0387af366",
    "Stages": [
      {
        "colorMap": "speedbump_01a_d.dds",
        "normalMap": "speedbump_01a_n.dds",
        "pixelSpecular": true,
        "specularMap": "speedbump_01a_s.dds",
        "specularPower": 3,
        "useAnisotropic": true
      },
      {},
      {},
      {}
    ],
    "groundType": "METAL",
    "materialTag0": "beamng",
    "materialTag1": "Industrial"
  },
  "terrain_grass2": {
    "name": "terrain_grass2",
    "mapTo": "terrain_grass2",
    "class": "Material",
    "persistentId": "e87d539c-4032-424e-9b79-6e341246336f",
    "Stages": [
      {
        "colorMap": "levels/jungle_rock_island/art/terrains/grass-02-d.dds",
        "diffuseColor": [
          0.87450999,
          0.854902029,
          0.639216006,
          1
        ],
        "normalMap": "levels/jungle_rock_island/art/terrains/grass-02-n.dds"
      },
      {},
      {},
      {}
    ],
    "doubleSided": true,
    "groundType": "GRASS",
    "materialTag0": "beamng",
    "materialTag1": "Natural",
    "translucentBlendOp": "None"
  },
  "zebra": {
    "name": "zebra",
    "mapTo": "zebra",
    "class": "Material",
    "persistentId": "ca5455ab-235c-495a-92e2-2421bb04eda1",
    "Stages": [
      {
        "colorMap": "/levels/industrial/art/shapes/misc/zebra_d.color.png",
        "diffuseColor": [
          1,
          0.999997973,
          0.999989986,
          0.587541997
        ],
        "normalMap": "/levels/industrial/art/shapes/misc/zebra_n.normal.png",
        "specularMap": "/levels/industrial/art/shapes/misc/zebra_s.color.png",
        "vertColor": true
      },
      {},
      {},
      {}
    ],
    "alphaRef": 0,
    "translucent": true,
    "translucentZWrite": true
  }
}