{
  "sumo_canal": {
    "name": "sumo_canal",
    "mapTo": "sumo_canal",
    "class": "Material",
    "persistentId": "0b2a4111-4209-46a8-aaee-6ffd27c82c66",
    "Stages": [
      {
        "colorMap": "/art/SumoMaterials/buildings/canal_d.dds",
        "detailMap": "/art/SumoMaterials/roads/Concrete-04-diff.dds",
        "detailScale": [
          6,
          6
        ],
        "normalMap": "/art/SumoMaterials/buildings/canal_n.dds",
        "pixelSpecular": true,
        "reflectivityMap": "/art/SumoMaterials/buildings/canal_r.dds",
        "roughnessFactor": 0.607767701,
        "specularMap": "/art/SumoMaterials/buildings/canal_s.dds",
        "useAnisotropic": true,
        "vertColor": true
      },
      {},
      {},
      {}
    ],
    "alphaRef": 0,
    "annotation": "BUILDINGS",
    "cubemap": "global_cubemap_metalblurred",
    "materialTag0": "beamng",
    "materialTag1": "building",
    "translucentBlendOp": "None"
  },
  "chainlink": {
    "name": "chainlink",
    "mapTo": "hr_bld_chainlink",
    "class": "Material",
    "persistentId": "2869aa61-026c-4539-b2cf-2107a1a97c2c",
    "Stages": [
      {
        "colorMap": "levels/hirochi_raceway/art/shapes/buildings/hr_bld_chainlink_d.dds",
        "normalMap": "levels/hirochi_raceway/art/shapes/buildings/hr_bld_chainlink_n.dds",
        "pixelSpecular": true,
        "specularPower": 32,
        "useAnisotropic": true,
        "vertColor": true
      },
      {},
      {},
      {}
    ],
    "alphaRef": 40,
    "annotation": "OBSTACLES",
    "doubleSided": true,
    "invertBackFaceNormals": true,
    "materialTag0": "beamng",
    "materialTag1": "vehicle",
    "translucent": true
  },
  "cladding_rectangular": {
    "name": "cladding_rectangular",
    "mapTo": "cladding_rectangular",
    "class": "Material",
    "persistentId": "031440a9-dd6f-47f2-a2d0-747fb9abe2f0",
    "Stages": [
      {
        "colorMap": "levels/hirochi_raceway/art/shapes/buildings/cladding_rectangular_d.dds",
        "normalMap": "levels/hirochi_raceway/art/shapes/buildings/cladding_rectangular_n.dds",
        "overlayMap": "levels/hirochi_raceway/art/shapes/buildings/eca_breakup_texture.dds",
        "specularMap": "levels/hirochi_raceway/art/shapes/buildings/cladding_rectangular_s.dds",
        "specularPower": 1,
        "useAnisotropic": true,
        "vertColor": true
      },
      {},
      {},
      {}
    ],
    "annotation": "BUILDINGS",
    "materialTag0": "beamng",
    "materialTag1": "building",
    "materialTag2": "hirochi_raceway",
    "translucentBlendOp": "None"
  },
  "concrete_insitu": {
    "name": "concrete_insitu",
    "mapTo": "concrete_insitu",
    "class": "Material",
    "persistentId": "378165a5-0df1-4aad-aecd-4c35c79c3742",
    "Stages": [
      {
        "colorMap": "levels/hirochi_raceway/art/shapes/buildings/concrete_insitu_d.dds",
        "detailNormalMap": "levels/hirochi_raceway/art/shapes/buildings/concrete_detail_n.dds",
        "detailScale": [
          5,
          5
        ],
        "diffuseColor": [
          0.988234997,
          0.996078014,
          0.988234997,
          1
        ],
        "normalMap": "levels/hirochi_raceway/art/shapes/buildings/concrete_insitu_n.dds",
        "roughnessFactor": 0.812008262,
        "specularMap": "levels/hirochi_raceway/art/shapes/buildings/concrete_insitu_s.dds",
        "useAnisotropic": true,
        "vertColor": true
      },
      {},
      {},
      {}
    ],
    "materialTag0": "beamng",
    "materialTag1": "building",
    "specularMapUV0": "0",
    "specularMapUV1": "1",
    "specularStrength0": "1.37255",
    "annotation": "BUILDINGS",
    "translucentBlendOp": "None"
  },
  "eca_bld_cleanmetal": {
    "name": "eca_bld_cleanmetal",
    "mapTo": "eca_bld_cleanmetal",
    "class": "Material",
    "persistentId": "7630139c-c828-45bd-9a4e-ecd787c5e883",
    "Stages": [
      {
        "diffuseColor": [
          0.9960780143737792,
          0.9960780143737792,
          0.9960780143737792,
          1
        ],
        "normalMap": "levels/hirochi_raceway/art/shapes/buildings/eca_bld_cleanmetal_n.dds",
        "reflectivityMap": "levels/hirochi_raceway/art/shapes/buildings/eca_bld_cleanmetal_r.dds",
        "specularMap": "levels/hirochi_raceway/art/shapes/buildings/eca_bld_cleanmetal_s.dds",
        "specularPower": 11,
        "useAnisotropic": true,
        "vertColor": true
      },
      {
        "vertColor": true
      },
      {},
      {}
    ],
    "annotation": "BUILDINGS",
    "cubemap": "eca_cubemap_metalblurred",
    "materialTag0": "beamng",
    "materialTag1": "building",
    "materialTag2": "hirochi_raceway",
    "translucentBlendOp": "None"
  },
  "eca_bld_concrete": {
    "name": "eca_bld_concrete",
    "mapTo": "eca_bld_concrete",
    "class": "Material",
    "persistentId": "68f14859-8d3c-4f0b-8e87-b46c6ec0b700",
    "Stages": [
      {
        "colorMap": "levels/hirochi_raceway/art/shapes/buildings/eca_bld_concrete_d.dds",
        "detailMap": "levels/hirochi_raceway/art/shapes/buildings/detail_grunge_01b_low_desat.dds",
        "detailScale": [
          0.300000011920929,
          0.300000011920929
        ],
        "normalMap": "levels/hirochi_raceway/art/shapes/buildings/eca_bld_concrete_n.dds",
        "specularMap": "levels/hirochi_raceway/art/shapes/buildings/eca_bld_concrete_s.dds",
        "specularPower": 1,
        "useAnisotropic": true,
        "vertColor": true
      },
      {},
      {},
      {}
    ],
    "annotation": "BUILDINGS",
    "materialTag0": "beamng",
    "materialTag1": "building",
    "materialTag2": "hirochi_raceway",
    "translucentBlendOp": "None"
  },
  "eca_bld_house_decoration": {
    "name": "eca_bld_house_decoration",
    "mapTo": "eca_bld_house_decoration",
    "class": "Material",
    "persistentId": "8e48836d-19c0-4907-bf00-558841d046b5",
    "Stages": [
      {
        "colorMap": "eca_bld_house_decoration_d.dds",
        "normalMap": "eca_bld_house_decoration_n.dds",
        "specularMap": "eca_bld_house_decoration_s.dds",
        "specularPower": 1,
        "useAnisotropic": true
      },
      {},
      {},
      {}
    ],
    "annotation": "BUILDINGS",
    "materialTag0": "beamng",
    "materialTag1": "building",
    "materialTag2": "east_coast_usa",
    "translucentBlendOp": "None"
  },
  "eca_bld_metal_painted": {
    "name": "eca_bld_metal_painted",
    "mapTo": "eca_bld_metal_painted",
    "class": "Material",
    "persistentId": "bcab0f0a-82f2-43cf-910c-ab06c5d99f46",
    "Stages": [
      {
        "colorMap": "levels/hirochi_raceway/art/shapes/buildings/eca_bld_metal_painted_d.dds",
        "normalMap": "levels/hirochi_raceway/art/shapes/buildings/eca_bld_metal_painted_n.dds",
        "reflectivityMap": "levels/hirochi_raceway/art/shapes/buildings/eca_bld_metal_painted_r.dds",
        "specularMap": "levels/hirochi_raceway/art/shapes/buildings/eca_bld_metal_painted_s.dds",
        "specularPower": 5,
        "useAnisotropic": true,
        "vertColor": true
      },
      {},
      {},
      {}
    ],
    "annotation": "BUILDINGS",
    "cubemap": "global_cubemap_metalblurred",
    "materialTag0": "beamng",
    "materialTag1": "building",
    "materialTag2": "hirochi",
    "translucentBlendOp": "None"
  },
  "eca_bld_moderncorrugated_tin": {
    "name": "eca_bld_moderncorrugated_tin",
    "mapTo": "eca_bld_moderncorrugated_tin",
    "class": "Material",
    "persistentId": "8397ddcb-0da6-49e2-8712-b501e216ea75",
    "Stages": [
      {
        "colorMap": "levels/hirochi_raceway/art/shapes/buildings/eca_bld_moderncorrugated_tin_d.dds",
        "normalMap": "levels/hirochi_raceway/art/shapes/buildings/eca_bld_moderncorrugated_tin_n.dds",
        "overlayMap": "levels/hirochi_raceway/art/shapes/buildings/eca_breakup_texture.dds",
        "specularMap": "levels/hirochi_raceway/art/shapes/buildings/eca_bld_moderncorrugated_tin_s.dds",
        "specularPower": 1,
        "useAnisotropic": true,
        "vertColor": true
      },
      {},
      {},
      {}
    ],
    "annotation": "BUILDINGS",
    "materialTag0": "beamng",
    "materialTag1": "building",
    "materialTag2": "east_coast_usa",
    "translucentBlendOp": "None"
  },
  "eca_bld_sidewalks": {
    "name": "eca_bld_sidewalks",
    "mapTo": "eca_bld_sidewalks",
    "class": "Material",
    "persistentId": "1bdd985b-be55-4c6c-b9b2-5654a7dcfb21",
    "Stages": [
      {
        "colorMap": "levels/hirochi_raceway/art/shapes/buildings/eca_bld_sidewalks_d.dds",
        "normalMap": "levels/hirochi_raceway/art/shapes/buildings/eca_bld_sidewalks_n.dds",
        "specularMap": "levels/hirochi_raceway/art/shapes/buildings/eca_bld_sidewalks_s.dds",
        "specularPower": 1,
        "useAnisotropic": true,
        "vertColor": true
      },
      {},
      {},
      {}
    ],
    "annotation": "SIDEWALK",
    "materialTag0": "beamng",
    "materialTag1": "building",
    "materialTag2": "hirochi_raceway",
    "translucentBlendOp": "None"
  },
  "eca_bld_wood": {
    "name": "eca_bld_wood",
    "mapTo": "eca_bld_wood",
    "class": "Material",
    "persistentId": "d1ed3b7b-1218-48b7-95b9-d02e34801a9b",
    "Stages": [
      {
        "colorMap": "levels/hirochi_raceway/art/shapes/buildings/eca_bld_wood_d.dds",
        "detailScale": [
          0.2300000041723251,
          0.2300000041723251
        ],
        "diffuseColor": [
          0.9882353544235228,
          0.9960784912109376,
          0.9882353544235228,
          0.00800000038
        ],
        "normalMap": "levels/hirochi_raceway/art/shapes/buildings/eca_bld_wood_n.dds",
        "specularMap": "levels/hirochi_raceway/art/shapes/buildings/eca_bld_wood_s.dds",
        "specularPower": 11,
        "useAnisotropic": true,
        "vertColor": true
      },
      {},
      {},
      {}
    ],
    "groundType": "WOOD",
    "materialTag0": "beamng",
    "materialTag1": "building",
    "specularMapUV0": "0",
    "specularMapUV1": "1",
    "specularStrength0": "1.37255",
    "annotation": "BUILDINGS",
    "translucentBlendOp": "None"
  },
  "eca_bld_woodcladding_new": {
    "name": "eca_bld_woodcladding_new",
    "mapTo": "eca_bld_woodcladding_new",
    "class": "Material",
    "persistentId": "a907446a-1cd7-4c57-a971-a95f3b5f98f7",
    "Stages": [
      {
        "colorMap": "levels/hirochi_raceway/art/shapes/buildings/eca_bld_woodcladding_new_d.dds",
        "normalMap": "levels/hirochi_raceway/art/shapes/buildings/eca_bld_woodcladding_new_n.dds",
        "overlayMap": "levels/hirochi_raceway/art/shapes/buildings/eca_breakup_texture.dds",
        "specularMap": "levels/hirochi_raceway/art/shapes/buildings/eca_bld_woodcladding_new_s.dds",
        "specularPower": 1,
        "useAnisotropic": true,
        "vertColor": true
      },
      {},
      {},
      {}
    ],
    "annotation": "BUILDINGS",
    "groundType": "WOOD",
    "materialTag0": "beamng",
    "materialTag1": "building",
    "materialTag2": "hirochi_raceway",
    "translucentBlendOp": "None"
  },
  "eca_curb": {
    "name": "eca_curb",
    "mapTo": "eca_curb",
    "class": "Material",
    "persistentId": "127d138f-3f02-4264-aced-417e91c36a25",
    "Stages": [
      {
        "colorMap": "/levels/hirochi_raceway/art/shapes/buildings/eca_curb_d.dds",
        "normalMap": "/levels/hirochi_raceway/art/shapes/buildings/eca_curb_n.dds",
        "specularMap": "/levels/hirochi_raceway/art/shapes/buildings/eca_curb_s.dds",
        "specularPower": 1,
        "useAnisotropic": true,
        "vertColor": true
      },
      {},
      {},
      {}
    ],
    "annotation": "BUILDINGS",
    "materialTag0": "beamng",
    "materialTag1": "building",
    "materialTag2": "hirochi_raceway",
    "translucentBlendOp": "None"
  },
  "eca_genericsigns": {
    "name": "eca_genericsigns",
    "mapTo": "eca_genericsigns",
    "class": "Material",
    "persistentId": "fbd1a66f-ec9b-4456-8c18-beaa41df8d46",
    "Stages": [
      {
        "colorMap": "levels/hirochi_raceway/art/shapes/buildings/eca_genericsigns_d.dds",
        "specular": [
          0.9882349967956544,
          0.9882349967956544,
          0.9882349967956544,
          1
        ],
        "specularPower": 1,
        "useAnisotropic": true,
        "vertColor": true
      },
      {
        "colorMap": "levels/hirochi_raceway/art/shapes/buildings/eca_genericsigns_emissive.dds",
        "glow": true,
        "vertColor": true
      },
      {},
      {}
    ],
    "alphaRef": 159,
    "alphaTest": true,
    "doubleSided": true,
    "materialTag0": "beamng",
    "materialTag1": "hirochi_raceway",
    "specularStrength0": "0.784314",
    "annotation": "OBSTACLES",
    "translucentZWrite": true
  },
  "eca_plastic_rough": {
    "name": "eca_plastic_rough",
    "mapTo": "eca_plastic_rough",
    "class": "Material",
    "persistentId": "5eef9e6c-4434-4a7c-800d-0a61cbbc19ae",
    "Stages": [
      {
        "colorMap": "levels/hirochi_raceway/art/shapes/buildings/eca_plastic_rough_d.dds",
        "normalMap": "levels/hirochi_raceway/art/shapes/buildings/eca_plastic_rough_n.dds",
        "specularMap": "levels/hirochi_raceway/art/shapes/buildings/eca_plastic_rough_s.dds",
        "specularPower": 1,
        "useAnisotropic": true,
        "vertColor": true
      },
      {},
      {},
      {}
    ],
    "materialTag0": "beamng",
    "materialTag1": "building",
    "materialTag2": "hirochi_raceway",
    "annotation": "BUILDINGS",
    "translucentBlendOp": "None"
  },
  "glass_transparent": {
    "name": "glass_transparent",
    "mapTo": "glass_transparent",
    "class": "Material",
    "persistentId": "041287f7-1b7a-4218-a2b7-1b961572c92f",
    "Stages": [
      {
        "colorMap": "levels/hirochi_raceway/art/shapes/buildings/glass_transparent_d.dds",
        "normalMap": "levels/hirochi_raceway/art/shapes/buildings/glass_transparent_n.dds",
        "reflectivityMap": "levels/hirochi_raceway/art/shapes/buildings/glass_transparent_r.dds",
        "specularMap": "levels/hirochi_raceway/art/shapes/buildings/glass_transparent_s.dds",
        "specularPower": 32,
        "useAnisotropic": true,
        "vertColor": true
      },
      {},
      {},
      {}
    ],
    "alphaRef": 0,
    "annotation": "BUILDINGS",
    "cubemap": "cubemap_HR",
    "materialTag0": "beamng",
    "materialTag1": "building",
    "specularColor0": "0.1 0.1 0.1 0.1",
    "specularStrength0": "0.05",
    "translucent": true
  },
  "grandstand_seats": {
    "name": "grandstand_seats",
    "mapTo": "grandstand_seats",
    "class": "Material",
    "persistentId": "d85421d5-0c71-44aa-b4f5-e78674ac084c",
    "Stages": [
      {
        "colorMap": "levels/hirochi_raceway/art/shapes/buildings/grandstand_seats_d.dds",
        "detailScale": [
          0.2300000041723251,
          0.2300000041723251
        ],
        "normalMap": "levels/hirochi_raceway/art/shapes/buildings/grandstand_seats_n.dds",
        "specularMap": "levels/hirochi_raceway/art/shapes/buildings/grandstand_seats_s.dds",
        "specularPower": 11,
        "useAnisotropic": true,
        "vertColor": true
      },
      {},
      {},
      {}
    ],
    "alphaRef": 111,
    "alphaTest": true,
    "doubleSided": true,
    "invertBackFaceNormals": true,
    "materialTag0": "beamng",
    "materialTag1": "building",
    "specularColor0": "0.1 0.1 0.1 0.1",
    "specularMapUV0": "0",
    "specularMapUV1": "1",
    "specularStrength0": "1.37255",
    "annotation": "BUILDINGS",
    "translucentBlendOp": "None"
  },
  "hr_bld_glass": {
    "name": "hr_bld_glass",
    "mapTo": "hr_bld_glass",
    "class": "Material",
    "persistentId": "17aea6a8-326a-43f8-80c7-150e7e84b643",
    "Stages": [
      {
        "colorMap": "levels/hirochi_raceway/art/shapes/buildings/hr_bld_glass_d.dds",
        "detailScale": [
          0.300000011920929,
          0.300000011920929
        ],
        "diffuseColor": [
          0.9882353544235228,
          0.9882353544235228,
          0.9882353544235228,
          0.3470000028610229
        ],
        "specular": [
          0.9960780143737792,
          0.9960780143737792,
          0.9960780143737792,
          1
        ],
        "specularPower": 19
      },
      {
        "detailNormalMapStrength": 0.5,
        "useAnisotropic": true,
        "vertColor": true
      },
      {},
      {}
    ],
    "annotation": "BUILDINGS",
    "cubemap": "cubemap_hirochi_raceway_reflection_cubemap",
    "materialTag0": "beamng",
    "materialTag1": "italy",
    "specularStrength0": "0.490196",
    "translucentBlendOp": "None"
  },
  "hr_bld_metal_trim": {
    "name": "hr_bld_metal_trim",
    "mapTo": "hr_bld_metal_trim",
    "class": "Material",
    "persistentId": "e832917a-554d-406b-856c-09be2f56d3cd",
    "Stages": [
      {
        "colorMap": "levels/hirochi_raceway/art/shapes/buildings/hr_bld_metal_trim_d.dds",
        "detailMap": "levels/hirochi_raceway/art/shapes/buildings/macro_drips.dds",
        "detailScale": [
          0.230000004,
          0.230000004
        ],
        "diffuseColor": [
          0.988235354,
          0.996078491,
          0.988235354,
          0.00800000038
        ],
        "normalMap": "levels/hirochi_raceway/art/shapes/buildings/hr_bld_metal_trim_n.dds",
        "reflectivityMap": "levels/hirochi_raceway/art/shapes/buildings/hr_bld_metal_trim_r.dds",
        "roughnessFactor": 0.812008262,
        "specularMap": "levels/hirochi_raceway/art/shapes/buildings/hr_bld_metal_trim_s.dds",
        "useAnisotropic": true,
        "vertColor": true
      },
      {},
      {},
      {}
    ],
    "annotation": "BUILDINGS",
    "cubemap": "global_cubemap_metalblurred",
    "materialTag0": "beamng",
    "materialTag1": "building",
    "specularMapUV0": "0",
    "specularMapUV1": "1",
    "specularStrength0": "1.37255",
    "translucentBlendOp": "None"
  },
  "hr_boomgate": {
    "name": "hr_boomgate",
    "mapTo": "hr_boomgate",
    "class": "Material",
    "persistentId": "8b76a2c5-2fb5-467d-8637-bcf441b9e499",
    "Stages": [
      {
        "colorMap": "levels/hirochi_raceway/art/shapes/buildings/boomgate_d.dds",
        "normalMap": "levels/hirochi_raceway/art/shapes/buildings/boomgate_n.dds",
        "reflectivityMap": "levels/hirochi_raceway/art/shapes/buildings/boomgate_r.dds",
        "specularMap": "levels/hirochi_raceway/art/shapes/buildings/boomgate_s.dds",
        "specularPower": 11,
        "useAnisotropic": true,
        "vertColor": true
      },
      {},
      {},
      {}
    ],
    "annotation": "BUILDINGS",
    "cubemap": "global_cubemap_metalblurred",
    "materialTag0": "beamng",
    "materialTag1": "building",
    "materialTag2": "hirochi_raceway",
    "specularStrength0": "0.5",
    "translucentBlendOp": "None"
  },
  "hr_clutter_a": {
    "name": "hr_clutter_a",
    "mapTo": "hr_clutter_a",
    "class": "Material",
    "persistentId": "98fc4424-1ea7-48b8-a6a6-47e7e1230fbd",
    "Stages": [
      {
        "colorMap": "levels/hirochi_raceway/art/shapes/buildings/clutters_a_d.dds",
        "normalMap": "levels/hirochi_raceway/art/shapes/buildings/clutters_a_n.dds",
        "reflectivityMap": "levels/hirochi_raceway/art/shapes/buildings/clutters_a_r.dds",
        "specularMap": "levels/hirochi_raceway/art/shapes/buildings/clutters_a_s.dds",
        "specularPower": 2,
        "useAnisotropic": true,
        "vertColor": true
      },
      {},
      {},
      {}
    ],
    "annotation": "BUILDINGS",
    "cubemap": "global_cubemap_metalblurred",
    "materialTag0": "beamng",
    "materialTag1": "building",
    "materialTag2": "hirochi_raceway",
    "specularStrength0": "0.5",
    "translucentBlendOp": "None"
  },
  "hr_clutter_b": {
    "name": "hr_clutter_b",
    "mapTo": "hr_clutter_b",
    "class": "Material",
    "persistentId": "4e298592-be8e-415b-aa3b-5af55a937368",
    "Stages": [
      {
        "colorMap": "levels/hirochi_raceway/art/shapes/buildings/clutters_b_d.dds",
        "normalMap": "levels/hirochi_raceway/art/shapes/buildings/clutters_b_n.dds",
        "reflectivityMap": "levels/hirochi_raceway/art/shapes/buildings/clutters_b_r.dds",
        "specularMap": "levels/hirochi_raceway/art/shapes/buildings/clutters_b_s.dds",
        "specularPower": 11,
        "useAnisotropic": true,
        "vertColor": true
      },
      {},
      {},
      {}
    ],
    "annotation": "BUILDINGS",
    "cubemap": "global_cubemap_metalblurred",
    "materialTag0": "beamng",
    "materialTag1": "building",
    "materialTag2": "hirochi_raceway",
    "specularStrength0": "0.5",
    "translucentBlendOp": "None"
  },
  "hr_clutter_c": {
    "name": "hr_clutter_c",
    "mapTo": "hr_clutter_c",
    "class": "Material",
    "persistentId": "0ee3fe2d-bbdf-4ade-a538-61ff4c8664cc",
    "Stages": [
      {
        "colorMap": "levels/hirochi_raceway/art/shapes/buildings/clutters_c_d.dds",
        "normalMap": "levels/hirochi_raceway/art/shapes/buildings/clutters_c_n.dds",
        "reflectivityMap": "levels/hirochi_raceway/art/shapes/buildings/clutters_c_r.dds",
        "specularMap": "levels/hirochi_raceway/art/shapes/buildings/clutters_c_s.dds",
        "specularPower": 2,
        "useAnisotropic": true,
        "vertColor": true
      },
      {},
      {},
      {}
    ],
    "annotation": "BUILDINGS",
    "cubemap": "global_cubemap_metalblurred",
    "materialTag0": "beamng",
    "materialTag1": "building",
    "materialTag2": "hirochi_raceway",
    "specularStrength0": "0.5",
    "translucentBlendOp": "None"
  },
  "hr_clutter_c_mod": {
    "name": "hr_clutter_c_mod",
    "mapTo": "hr_clutter_c_mod",
    "class": "Material",
    "persistentId": "e3cd0b95-7386-4630-95e8-47cd742a1d09",
    "Stages": [
      {
        "colorMap": "levels/hirochi_raceway/art/shapes/buildings/clutters_c_d_mod.dds",
        "normalMap": "levels/hirochi_raceway/art/shapes/buildings/clutters_c_n.dds",
        "reflectivityMap": "levels/hirochi_raceway/art/shapes/buildings/clutters_c_r.dds",
        "specularMap": "levels/hirochi_raceway/art/shapes/buildings/clutters_c_s.dds",
        "specularPower": 2,
        "useAnisotropic": true,
        "vertColor": true
      },
      {},
      {},
      {}
    ],
    "annotation": "BUILDINGS",
    "cubemap": "global_cubemap_metalblurred",
    "materialTag0": "beamng",
    "materialTag1": "building",
    "materialTag2": "hirochi_raceway",
    "specularStrength0": "0.5",
    "translucentBlendOp": "None"
  },
  "hr_clutter_d": {
    "name": "hr_clutter_d",
    "mapTo": "hr_clutter_d",
    "class": "Material",
    "persistentId": "7dfd27d8-a665-448b-adc1-1491d43a5edc",
    "Stages": [
      {
        "colorMap": "levels/hirochi_raceway/art/shapes/buildings/clutters_d_d.dds",
        "normalMap": "levels/hirochi_raceway/art/shapes/buildings/clutters_d_n.dds",
        "reflectivityMap": "levels/hirochi_raceway/art/shapes/buildings/clutters_d_r.dds",
        "specularMap": "levels/hirochi_raceway/art/shapes/buildings/clutters_d_s.dds",
        "specularPower": 11,
        "useAnisotropic": true,
        "vertColor": true
      },
      {},
      {},
      {}
    ],
    "annotation": "BUILDINGS",
    "cubemap": "global_cubemap_metalblurred",
    "materialTag0": "beamng",
    "materialTag1": "building",
    "materialTag2": "hirochi_raceway",
    "specularStrength0": "0.5",
    "translucentBlendOp": "None"
  },
  "hr_plasticbarrier": {
    "name": "hr_plasticbarrier",
    "mapTo": "hr_plasticbarrier",
    "class": "Material",
    "persistentId": "29b1e211-0792-4e4e-9a88-1ffbabe5f4ca",
    "Stages": [
      {
        "colorMap": "levels/hirochi_raceway/art/shapes/buildings/plasticbarrier_d.dds",
        "normalMap": "levels/hirochi_raceway/art/shapes/buildings/plasticbarrier_n.dds",
        "specularMap": "levels/hirochi_raceway/art/shapes/buildings/plasticbarrier_s.dds",
        "specularPower": 11,
        "useAnisotropic": true,
        "vertColor": true
      },
      {},
      {},
      {}
    ],
    "annotation": "BUILDINGS",
    "materialTag0": "beamng",
    "materialTag1": "building",
    "materialTag2": "hirochi_raceway",
    "specularStrength0": "1.37255",
    "translucentBlendOp": "None"
  },
  "hr_plasticbarrier_red": {
    "name": "hr_plasticbarrier_red",
    "mapTo": "hr_plasticbarrier_red",
    "class": "Material",
    "persistentId": "515edebc-7861-4d7e-83ec-eec0923ac036",
    "Stages": [
      {
        "colorMap": "levels/hirochi_raceway/art/shapes/buildings/plasticbarrier_red_d.dds",
        "normalMap": "levels/hirochi_raceway/art/shapes/buildings/plasticbarrier_n.dds",
        "specularMap": "levels/hirochi_raceway/art/shapes/buildings/plasticbarrier_s.dds",
        "specularPower": 11,
        "useAnisotropic": true,
        "vertColor": true
      },
      {},
      {},
      {}
    ],
    "annotation": "BUILDINGS",
    "materialTag0": "beamng",
    "materialTag1": "building",
    "materialTag2": "hirochi_raceway",
    "specularStrength0": "1.37255",
    "translucentBlendOp": "None"
  },
  "hr_tent_large": {
    "name": "hr_tent_large",
    "mapTo": "hr_tent_large",
    "class": "Material",
    "persistentId": "e384f6cd-b491-42ec-b8d5-9d7cd0028247",
    "Stages": [
      {
        "colorMap": "levels/hirochi_raceway/art/shapes/buildings/hr_tent_large_d.dds",
        "detailNormalMap": "levels/hirochi_raceway/art/shapes/objects/fabric_detail_n.dds",
        "detailNormalMapStrength": 0.699999988,
        "detailScale": [
          10,
          10
        ],
        "diffuseColor": [
          0.988235354,
          0.996078491,
          0.988235354,
          0.00800000038
        ],
        "normalMap": "levels/hirochi_raceway/art/shapes/buildings/hr_tent_large_n.dds",
        "roughnessFactor": 0.812008262,
        "specularMap": "levels/hirochi_raceway/art/shapes/buildings/hr_tent_large_d.dds",
        "useAnisotropic": true,
        "vertColor": true
      },
      {},
      {},
      {}
    ],
    "annotation": "OBSTACLES",
    "materialTag0": "beamng",
    "materialTag1": "building",
    "specularMapUV0": "0",
    "specularMapUV1": "1",
    "specularStrength0": "1.37255",
    "translucentBlendOp": "None"
  },
  "metal_galvanized": {
    "name": "metal_galvanized",
    "mapTo": "metal_galvanized",
    "class": "Material",
    "persistentId": "6e723be1-56c9-4471-872d-d583b919f647",
    "Stages": [
      {
        "colorMap": "levels/hirochi_raceway/art/shapes/buildings/metal_galvanized_d.dds",
        "pixelSpecular": true,
        "reflectivityMap": "levels/hirochi_raceway/art/shapes/buildings/metal_galvanized_r.dds",
        "specularMap": "levels/hirochi_raceway/art/shapes/buildings/metal_galvanized_s.dds",
        "specularPower": 32,
        "useAnisotropic": true,
        "vertColor": true
      },
      {},
      {},
      {}
    ],
    "alphaRef": 0,
    "annotation": "BUILDINGS",
    "cubemap": "global_cubemap_metalblurred",
    "groundType": "METAL",
    "materialTag1": "building",
    "translucentBlendOp": "None"
  },
  "metal_paint_peeling": {
    "name": "metal_paint_peeling",
    "mapTo": "metal_paint_peeling",
    "class": "Material",
    "persistentId": "e8aa87de-c330-4754-83c7-16f248be315e",
    "Stages": [
      {
        "colorMap": "levels/hirochi_raceway/art/shapes/buildings/metal_galvanized_d.dds",
        "normalMap": "levels/hirochi_raceway/art/shapes/buildings/paint_peeling_n.dds",
        "pixelSpecular": true,
        "reflectivityMap": "levels/hirochi_raceway/art/shapes/buildings/metal_galvanized_r.dds",
        "specularMap": "levels/hirochi_raceway/art/shapes/buildings/metal_galvanized_s.dds",
        "specularPower": 32,
        "useAnisotropic": true
      },
      {
        "colorMap": "levels/hirochi_raceway/art/shapes/buildings/paint_peeling_d.dds",
        "vertColor": true
      },
      {},
      {}
    ],
    "alphaRef": 0,
    "annotation": "BUILDINGS",
    "cubemap": "global_cubemap_metalblurred",
    "materialTag1": "building",
    "translucentBlendOp": "None"
  },
  "metal_tread": {
    "name": "metal_tread",
    "mapTo": "metal_tread",
    "class": "Material",
    "persistentId": "eaba4571-cb2c-4f5b-ba11-c19075b88cb2",
    "Stages": [
      {
        "colorMap": "levels/hirochi_raceway/art/shapes/buildings/metal_galvanized_d.dds",
        "detailNormalMap": "levels/hirochi_raceway/art/shapes/buildings/metal_tread_n2.dds",
        "detailScale": [
          8,
          8
        ],
        "diffuseColor": [
          1,
          1,
          1,
          1
        ],
        "normalMap": "levels/hirochi_raceway/art/shapes/buildings/metal_tread_n.dds",
        "pixelSpecular": true,
        "reflectivityMap": "levels/hirochi_raceway/art/shapes/buildings/metal_galvanized_r.dds",
        "specularMap": "levels/hirochi_raceway/art/shapes/buildings/metal_galvanized_s.dds",
        "specularPower": 32,
        "useAnisotropic": true
      },
      {
        "colorMap": "levels/hirochi_raceway/art/shapes/buildings/metal_tread_d.dds",
        "specularMap": "levels/hirochi_raceway/art/shapes/buildings/glass_transparent_s.dds",
        "vertColor": true
      },
      {},
      {}
    ],
    "annotation": "BUILDINGS",
    "cubemap": "global_cubemap_metalblurred",
    "groundType": "METAL_TREAD",
    "materialTag0": "beamng",
    "materialTag1": "building",
    "specularMapUV0": "0",
    "specularMapUV1": "1",
    "specularStrength0": "1.37255"
  },
  "wood_planks": {
    "name": "wood_planks",
    "mapTo": "wood_planks",
    "class": "Material",
    "persistentId": "d0322271-e980-4961-9dc4-1e50552a5f94",
    "Stages": [
      {
        "colorMap": "levels/hirochi_raceway/art/shapes/buildings/wood_planks_d.dds",
        "detailMap": "levels/hirochi_raceway/art/shapes/buildings/wood_rough_detail.dds",
        "detailNormalMap": "levels/hirochi_raceway/art/shapes/buildings/wood_rough_n.dds",
        "detailScale": [
          1.5,
          1.5
        ],
        "normalMap": "levels/hirochi_raceway/art/shapes/buildings/wood_planks_n.dds",
        "specularMap": "levels/hirochi_raceway/art/shapes/buildings/wood_planks_s.dds",
        "specularPower": 26,
        "useAnisotropic": true,
        "vertColor": true
      },
      {},
      {},
      {}
    ],
    "groundType": "WOOD",
    "materialTag0": "beamng",
    "materialTag1": "building",
    "specularMapUV1": "1",
    "annotation": "BUILDINGS",
    "specularStrength0": "1.37255"
  },
  "wood_rough": {
    "name": "wood_rough",
    "mapTo": "wood_rough",
    "class": "Material",
    "persistentId": "a9822729-f1f3-4df6-b564-b762cf7d273d",
    "Stages": [
      {
        "colorMap": "levels/hirochi_raceway/art/shapes/buildings/wood_rough_d.dds",
        "normalMap": "levels/hirochi_raceway/art/shapes/buildings/wood_rough_n.dds",
        "specular": [
          1.821688003622262e-44,
          4.85971451,
          4.20389539e-45,
          1
        ],
        "specularMap": "levels/hirochi_raceway/art/shapes/buildings/wood_rough_s.dds",
        "specularPower": 26,
        "useAnisotropic": true,
        "vertColor": true
      },
      {},
      {},
      {}
    ],
    "groundType": "WOOD",
    "materialTag0": "beamng",
    "materialTag1": "building",
    "specularMapUV1": "1",
    "annotation": "BUILDINGS",
    "specularStrength0": "1.37255"
  }
}