{
  "sumo_m_concrete_plain": {
    "name": "sumo_m_concrete_plain",
    "mapTo": "sumo_m_concrete_plain",
    "class": "Material",
    "persistentId": "40319074-87c9-4ffc-9d47-cf86d428ea3e",
    "Stages": [
      {
        "ambientOcclusionMap": "/art/SumoMaterials/t_concrete_plain_ao.data.png",
        "baseColorFactor": [
          0.992156923,
          0.992156923,
          0.992156923,
          1
        ],
        "baseColorMap": "/art/SumoMaterials/t_concrete_plain_b.color.png",
        "detailMap": "/art/SumoMaterials/t_macro_asphalt_b.png",
        "detailNormalMap": "/art/SumoMaterials/t_macro_asphalt_nm.png",
        "detailNormalMapStrength": 0.209999993,
        "detailScale": [
          0.100000001,
          0.100000001
        ],
        "diffuseMapUseUV": null,
        "normalMap": "/art/SumoMaterials/t_concrete_plain_nm.normal.png",
        "opacityMapUseUV": null,
        "pixelSpecular": true,
        "roughnessFactor": 0.607767701,
        "roughnessMap": "/art/SumoMaterials/t_concrete_plain_r.data.png",
        "specular": [
          0.517175972,
          0.517170012,
          0.517170012,
          1
        ],
        "vertColor": true
      },
      {
        "baseColorFactor": null,
        "baseColorMap": "/art/SumoMaterials/t_breakup_general_b.color.png",
        "detailNormalMapStrength": null,
        "detailScale": null,
        "diffuseMapUseUV": 1,
        "opacityMap": "/art/SumoMaterials/t_breakup_general_o.data.png",
        "opacityMapUseUV": 1,
        "pixelSpecular": null,
        "roughnessFactor": 0.699999988,
        "specular": null,
        "vertColor": true
      },
      {
        "baseColorFactor": null,
        "detailNormalMapStrength": null,
        "detailScale": null,
        "diffuseMapUseUV": null,
        "opacityMapUseUV": null,
        "pixelSpecular": null,
        "roughnessFactor": null,
        "specular": null,
        "vertColor": null
      },
      {
        "baseColorFactor": null,
        "detailNormalMapStrength": null,
        "detailScale": null,
        "diffuseMapUseUV": null,
        "opacityMapUseUV": null,
        "pixelSpecular": null,
        "roughnessFactor": null,
        "specular": null,
        "vertColor": null
      }
    ],
    "activeLayers": 2,
    "alphaRef": 0,
    "annotation": "BUILDINGS",
    "groundType": "CONCRETE",
    "materialTag0": "beamng",
    "materialTag1": "building",
    "materialTag2": "concrete",
    "specularStrength0": "0.490196",
    "translucentBlendOp": "None",
    "version": 1.5
  },
  "GridMat": {
    "name": "GridMat",
    "mapTo": "GridMat",
    "class": "Material",
    "persistentId": "1a33d197-dc24-401d-bc71-18f1c1bbc82e",
    "Stages": [
      {
        "colorMap": "levels/GridMap/art/shapes/buildings/concrete-01_GM_d.dds",
        "detailMap": "levels/GridMap/art/shapes/buildings/concrete-01_Macro_d.dds",
        "detailScale": [
          0.1000000014901161,
          0.1000000014901161
        ],
        "diffuseColor": [
          0.7725489735603333,
          0.7725489735603333,
          0.7725489735603333,
          1
        ],
        "normalMap": "levels/GridMap/art/shapes/buildings/concrete-01_GM_n2.dds",
        "specularMap": "levels/GridMap/art/shapes/buildings/Concrete-01_s.dds",
        "specularPower": 1,
        "useAnisotropic": true
      },
      {},
      {},
      {}
    ],
    "materialTag0": "beamng",
    "materialTag1": "beamng",
    "materialTag2": "Industrial",
    "specularStrength0": "0.0980392"
  },
  "GridMat_alpha": {
    "name": "GridMat_alpha",
    "mapTo": "GridMat_alpha",
    "class": "Material",
    "persistentId": "beb40a09-561f-4da3-bdc3-45371e719d21",
    "Stages": [
      {
        "colorMap": "levels/GridMap/art/shapes/misc/grid_10_b_d.dds",
        "specularPower": 1,
        "useAnisotropic": true
      },
      {},
      {},
      {}
    ],
    "alphaRef": 20,
    "alphaTest": true,
    "materialTag0": "beamng",
    "materialTag1": "beamng",
    "materialTag2": "Industrial"
  },
  "a_asphalt_01_a": {
    "name": "a_asphalt_01_a",
    "mapTo": "asphalt_01_a",
    "class": "Material",
    "persistentId": "ed309ba2-7ee7-4302-b0e4-2ef252f05edd",
    "Stages": [
      {
        "colorMap": "asphalt_01_a_d.dds",
        "diffuseColor": [
          0.8039219975471497,
          0.8039219975471497,
          0.8039219975471497,
          1
        ],
        "specularMap": "asphalt_01_a_s.dds",
        "specularPower": 1,
        "useAnisotropic": true
      },
      {},
      {},
      {}
    ],
    "doubleSided": true,
    "materialTag0": "beamng",
    "materialTag1": "RoadAndPath",
    "translucentBlendOp": "None"
  },
  "billboards_01_a_misc_billboard_news": {
    "name": "billboards_01_a_misc_billboard_news",
    "mapTo": "billboards_01_a_misc_billboard_news",
    "class": "Material",
    "persistentId": "09eebce7-f571-45e3-b2bd-b6e27d124186",
    "Stages": [
      {
        "animFlags": 1,
        "colorMap": "billboards_01b",
        "pixelSpecular": true,
        "scrollDir": [
          0.2070000022649765,
          0
        ],
        "scrollSpeed": 0.5879999995231628,
        "specular": [
          0.5,
          0.5,
          0.5,
          1
        ],
        "specularPower": 1
      },
      {},
      {},
      {}
    ],
    "doubleSided": true,
    "materialTag0": "Industrial",
    "materialTag1": "beamng",
    "materialTag2": "Miscellaneous",
    "materialTag3": "Natural",
    "translucentBlendOp": "None"
  },
  "billboards_01_a_misc_billboard_title": {
    "name": "billboards_01_a_misc_billboard_title",
    "mapTo": "billboards_01_a_misc_billboard_title",
    "class": "Material",
    "persistentId": "2ebc106d-cbf0-4a27-bc2d-ff51a69ef41f",
    "Stages": [
      {
        "colorMap": "levels/GridMap/art/shapes/misc/billboards_01b",
        "emissive": true,
        "pixelSpecular": true,
        "specular": [
          0.5,
          0.5,
          0.5,
          1
        ],
        "specularPower": 1,
        "useAnisotropic": true
      },
      {},
      {},
      {}
    ],
    "doubleSided": true,
    "materialTag0": "Industrial",
    "materialTag1": "beamng",
    "materialTag2": "Industrial",
    "translucentBlendOp": "None"
  },
  "concrete_bridge_01a": {
    "name": "concrete_bridge_01a",
    "mapTo": "concrete_bridge_01a",
    "class": "Material",
    "persistentId": "2fd7c90b-c311-462b-b234-da3553ea8373",
    "Stages": [
      {
        "colorMap": "concrete_bridge_01a_d.dds",
        "diffuseColor": [
          0.800000011920929,
          0.800000011920929,
          0.800000011920929,
          1
        ],
        "normalMap": "concrete_bridge_01a_n.dds",
        "pixelSpecular": true,
        "specular": [
          0.4000000059604645,
          0.4000000059604645,
          0.4000000059604645,
          1
        ],
        "specularMap": "concrete_bridge_01a_s.dds",
        "specularPower": 4,
        "useAnisotropic": true
      },
      {},
      {},
      {}
    ],
    "materialTag0": "beamng",
    "materialTag1": "Industrial"
  },
  "container_01_a_containers_01_a": {
    "name": "container_01_a_containers_01_a",
    "mapTo": "containers_01_a",
    "class": "Material",
    "persistentId": "2b015c35-561e-41ee-aa75-50f6abb62435",
    "Stages": [
      {
        "colorMap": "containers_01_a_d.dds",
        "diffuseColor": [
          0.9960780143737793,
          0.992156982421875,
          0.992156982421875,
          1
        ],
        "normalMap": "containers_01_a_n.dds",
        "specularMap": "containers_01_a_s.dds"
      },
      {},
      {},
      {}
    ],
    "translucentBlendOp": "None"
  },
  "container_01_b_Material": {
    "name": "container_01_b_Material",
    "mapTo": "Material",
    "class": "Material",
    "persistentId": "12c5df59-ad14-4d75-9be0-5a1d79c9f127",
    "Stages": [
      {
        "diffuseColor": [
          0.6399999856948853,
          0.6399999856948853,
          0.6399999856948853,
          1
        ]
      },
      {},
      {},
      {}
    ],
    "doubleSided": true,
    "translucentBlendOp": "None"
  },
  "glass_01": {
    "name": "glass_01",
    "mapTo": "glass_01",
    "class": "Material",
    "persistentId": "ede55dde-a7a0-43b7-84ea-c392badc5acb",
    "Stages": [
      {
        "colorMap": "levels/GridMap/art/shapes/misc/glass_01_d.dds",
        "diffuseColor": [
          0.992156982421875,
          0.992156982421875,
          0.992156982421875,
          1
        ],
        "pixelSpecular": true,
        "specularPower": 1,
        "useAnisotropic": true
      },
      {},
      {},
      {}
    ],
    "cubemap": "BNG_Sky_01_cubemap",
    "materialTag0": "beamng",
    "materialTag1": "building",
    "materialTag2": "east_coast_usa",
    "translucent": true
  },
  "gm_ramp_02_ColorEffectR27G177B88_material_001": {
    "name": "gm_ramp_02_ColorEffectR27G177B88_material_001",
    "mapTo": "ColorEffectR27G177B88-material_001",
    "class": "Material",
    "persistentId": "eb5fcce6-3590-4690-a577-cd26cccf5894",
    "Stages": [
      {
        "diffuseColor": [
          0.06849479675292969,
          0.4440779983997345,
          0.22189100086689,
          1
        ],
        "specular": [
          0.25,
          0.25,
          0.25,
          1
        ],
        "specularPower": 50
      },
      {},
      {},
      {}
    ],
    "translucentBlendOp": "None"
  },
  "gm_ramp_02_GridMat_001": {
    "name": "gm_ramp_02_GridMat_001",
    "mapTo": "GridMat_001",
    "class": "Material",
    "persistentId": "dd7043d7-913a-4215-b841-101850c8a682",
    "Stages": [
      {
        "diffuseColor": [
          0.5120000243186951,
          0.5120000243186951,
          0.5120000243186951,
          1
        ],
        "specular": [
          0.5,
          0.5,
          0.5,
          1
        ],
        "specularPower": 50
      },
      {},
      {},
      {}
    ],
    "translucentBlendOp": "None"
  },
  "metal_orange_plate_a": {
    "name": "metal_orange_plate_a",
    "mapTo": "metal_orange_plate_a",
    "class": "Material",
    "persistentId": "eb22de1d-f3b6-468d-9c53-0115235ddae4",
    "Stages": [
      {
        "colorMap": "metal_orange_plate_a_d.dds",
        "normalMap": "metal_orange_plate_a_n.dds",
        "specularMap": "metal_orange_plate_a_s.dds",
        "specularPower": 1,
        "useAnisotropic": true
      },
      {},
      {},
      {}
    ],
    "materialTag0": "beamng",
    "materialTag1": "beamng",
    "materialTag2": "Industrial"
  },
  "misc_billboard_images": {
    "name": "misc_billboard_images",
    "mapTo": "misc_billboard_images",
    "class": "Material",
    "persistentId": "f9e4474e-1276-4865-9fa7-5c966d944502",
    "Stages": [
      {
        "colorMap": "billboards_01.dds",
        "detailScale": [
          10,
          10
        ],
        "pixelSpecular": true,
        "specularPower": 1,
        "useAnisotropic": true
      },
      {},
      {},
      {}
    ],
    "materialTag0": "beamng",
    "materialTag1": "beamng",
    "materialTag2": "Miscellaneous",
    "materialTag3": "Natural"
  },
  "misc_billboard_news": {
    "name": "misc_billboard_news",
    "mapTo": "misc_billboard_news",
    "class": "Material",
    "persistentId": "5ceddf67-5285-491d-899c-f21452c274c4",
    "Stages": [
      {
        "colorMap": "billboards_01.dds",
        "detailScale": [
          10,
          10
        ],
        "emissive": true,
        "pixelSpecular": true,
        "specularPower": 1,
        "useAnisotropic": true
      },
      {},
      {},
      {}
    ],
    "materialTag0": "beamng",
    "materialTag1": "beamng",
    "materialTag2": "Miscellaneous",
    "materialTag3": "Natural"
  },
  "misc_billboard_title": {
    "name": "misc_billboard_title",
    "mapTo": "misc_billboard_title",
    "class": "Material",
    "persistentId": "4fec9d7d-8a28-4689-abfd-19a4b6e3f73b",
    "Stages": [
      {
        "colorMap": "billboards_01.dds",
        "detailScale": [
          10,
          10
        ],
        "pixelSpecular": true,
        "specularPower": 1,
        "useAnisotropic": true
      },
      {},
      {},
      {}
    ],
    "materialTag0": "beamng",
    "materialTag1": "beamng",
    "materialTag2": "Miscellaneous",
    "materialTag3": "Natural"
  },
  "misc_markings_01": {
    "name": "misc_markings_01",
    "mapTo": "misc_markings_01",
    "class": "Material",
    "persistentId": "f4e8706f-ffa1-4f48-a22f-c4f6dfdf7c52",
    "Stages": [
      {
        "colorMap": "misc_markings.dds",
        "diffuseColor": [
          0.9960780143737793,
          0.9960780143737793,
          0.9960780143737793,
          1
        ],
        "pixelSpecular": true,
        "specular": [
          0.5,
          0.5,
          0.5,
          1
        ],
        "specularPower": 1
      },
      {},
      {},
      {}
    ],
    "alphaRef": 40,
    "alphaTest": true,
    "castShadows": false,
    "doubleSided": true,
    "materialTag0": "beamng",
    "materialTag1": "Industrial",
    "translucentZWrite": true
  },
  "parkinglot_01_b_asphalt_01_a": {
    "name": "parkinglot_01_b_asphalt_01_a",
    "mapTo": "unmapped_mat",
    "class": "Material",
    "persistentId": "d4d1c64d-d7ac-4f08-916d-c4ab4ba76946",
    "Stages": [
      {
        "diffuseColor": [
          0.6399999856948853,
          0.6399999856948853,
          0.6399999856948853,
          1
        ]
      },
      {},
      {},
      {}
    ],
    "doubleSided": true,
    "materialTag0": "beamng",
    "materialTag1": "Industrial",
    "translucentBlendOp": "None"
  },
  "parkinglot_01_b_misc_markings_01": {
    "name": "parkinglot_01_b_misc_markings_01",
    "mapTo": "unmapped_mat",
    "class": "Material",
    "persistentId": "9632b616-fab5-4607-83a2-08744a09542a",
    "Stages": [
      {
        "diffuseColor": [
          0.6399999856948853,
          0.6399999856948853,
          0.6399999856948853,
          1
        ],
        "specular": [
          0.5,
          0.5,
          0.5,
          1
        ],
        "specularPower": 50
      },
      {},
      {},
      {}
    ],
    "doubleSided": true,
    "materialTag0": "beamng",
    "materialTag1": "RoadAndPath",
    "translucent": true
  },
  "parkinglot_01_b_terrain_rockydirt": {
    "name": "parkinglot_01_b_terrain_rockydirt",
    "mapTo": "unmapped_mat",
    "class": "Material",
    "persistentId": "334417a9-0e9e-4d0e-a978-55a31fbb9bf9",
    "Stages": [
      {
        "diffuseColor": [
          0.6399999856948853,
          0.6399999856948853,
          0.6399999856948853,
          1
        ]
      },
      {},
      {},
      {}
    ],
    "doubleSided": true,
    "materialTag0": "beamng",
    "materialTag1": "Industrial",
    "translucentBlendOp": "None"
  },
  "speedbump_01a": {
    "name": "speedbump_01a",
    "mapTo": "speedbump_01a",
    "class": "Material",
    "persistentId": "b4cc3dd4-9fce-4791-9fec-44b632568bc6",
    "Stages": [
      {
        "colorMap": "speedbump_01a_d.dds",
        "normalMap": "speedbump_01a_n.dds",
        "pixelSpecular": true,
        "specularMap": "speedbump_01a_s.dds",
        "specularPower": 3,
        "useAnisotropic": true
      },
      {},
      {},
      {}
    ],
    "materialTag0": "beamng",
    "materialTag1": "Industrial"
  },
  "terrain_grass2": {
    "name": "terrain_grass2",
    "mapTo": "terrain_grass2",
    "class": "Material",
    "persistentId": "54d8a13d-0e68-4bc5-812c-6a3151b3437b",
    "Stages": [
      {
        "colorMap": "Grass-02-D.dds",
        "diffuseColor": [
          0.8745099902153015,
          0.8549020290374756,
          0.6392160058021545,
          1
        ],
        "normalMap": "Grass-02-N.dds"
      },
      {},
      {},
      {}
    ],
    "doubleSided": true,
    "materialTag0": "beamng",
    "materialTag1": "Natural",
    "translucentBlendOp": "None"
  },
  "terrain_rockydirt": {
    "name": "terrain_rockydirt",
    "mapTo": "terrain_rockydirt",
    "class": "Material",
    "persistentId": "04cbf444-d4ce-4295-a9a4-e564ab7ce239",
    "Stages": [
      {
        "colorMap": "RockyDirt-01-D.dds",
        "diffuseColor": [
          0.8352940082550049,
          0.807843029499054,
          0.800000011920929,
          1
        ],
        "normalMap": "RockyDirt-01-N.dds",
        "specularMap": "RockyDirt-01-S.dds"
      },
      {},
      {},
      {}
    ],
    "doubleSided": true,
    "materialTag0": "beamng",
    "materialTag1": "Natural",
    "translucentBlendOp": "None"
  }
}