{
  "sumo_canal": {
    "name": "sumo_canal",
    "mapTo": "sumo_canal",
    "class": "Material",
    "persistentId": "0b2a4111-4209-46a8-aaee-6ffd27c82c66",
    "Stages": [
      {
        "colorMap": "/art/SumoMaterials/buildings/canal_d.dds",
        "detailMap": "/art/SumoMaterials/roads/Concrete-04-diff.dds",
        "detailScale": [
          6,
          6
        ],
        "normalMap": "/art/SumoMaterials/buildings/canal_n.dds",
        "pixelSpecular": true,
        "reflectivityMap": "/art/SumoMaterials/buildings/canal_r.dds",
        "roughnessFactor": 0.607767701,
        "specularMap": "/art/SumoMaterials/buildings/canal_s.dds",
        "useAnisotropic": true,
        "vertColor": true
      },
      {},
      {},
      {}
    ],
    "alphaRef": 0,
    "annotation": "BUILDINGS",
    "cubemap": "global_cubemap_metalblurred",
    "materialTag0": "beamng",
    "materialTag1": "building",
    "translucentBlendOp": "None"
  },
  "Asphalt_buildings_01_decal2": {
    "name": "Asphalt_buildings_01_decal2",
    "mapTo": "unmapped_mat",
    "class": "Material",
    "persistentId": "65bbb2e9-5265-4872-ad54-03028a54b05d",
    "Stages": [
      {
        "colorMap": "levels/derby/art/shapes/buildings/Asphaltbuildings_decal_02.dds",
        "diffuseColor": [
          0.9960780143737792,
          0.9960780143737792,
          0.9960780143737792,
          0.754999995
        ],
        "useAnisotropic": true
      },
      {},
      {},
      {}
    ],
    "castShadows": false,
    "groundType": "ASPHALT_OLD",
    "materialTag0": "beamng",
    "materialTag1": "decal",
    "materialTag2": "buildingsAndPath",
    "translucent": true,
    "translucentZWrite": true
  },
  "Beam_rusty": {
    "name": "Beam_rusty",
    "mapTo": "Beam_rusty",
    "class": "Material",
    "persistentId": "7e0f222b-6d4f-4358-a0eb-bc1365fe8835",
    "Stages": [
      {
        "colorMap": "/levels/derby/art/shapes/buildings/Beam_d.dds",
        "diffuseColor": [
          0.9960780143737792,
          0.992156982,
          0.992156982,
          1
        ],
        "normalMap": "/levels/derby/art/shapes/buildings/Beam_n.dds",
        "specular": [
          0.9960780143737792,
          0.9960780143737792,
          0.9960780143737792,
          1
        ],
        "specularMap": "/levels/derby/art/shapes/buildings/Beam_s.dds",
        "specularPower": 65,
        "useAnisotropic": true
      },
      {},
      {},
      {}
    ],
    "alphaRef": 40,
    "alphaTest": true,
    "annotation": "SOLID_LINE",
    "doubleSided": true,
    "groundType": "METAL",
    "invertBackFaceNormals": true,
    "materialTag0": "Industrial",
    "materialTag1": "Beamng",
    "specularStrength0": "0.7",
    "specularStrength1": "0.2",
    "translucentBlendOp": "None"
  },
  "Concrete_damage": {
    "name": "Concrete_damage",
    "mapTo": "Concrete_damage",
    "class": "Material",
    "persistentId": "57324b09-937e-4fb0-982e-a68af329c4f1",
    "Stages": [
      {
        "colorMap": "/levels/derby/art/shapes/buildings/concrete_damage_d.dds",
        "detailMap": "levels/derby/art/shapes/buildings/detail_grunge_04.dds",
        "detailScale": [
          0.1000000014901161,
          0.1000000014901161
        ],
        "diffuseColor": [
          0.858823597,
          0.858823597,
          0.858823597,
          1
        ],
        "normalMap": "/levels/derby/art/shapes/buildings/concrete_damage_n.dds",
        "specular": [
          0.9960780143737792,
          0.9960780143737792,
          0.9960780143737792,
          1
        ],
        "specularMap": "/levels/derby/art/shapes/buildings/concrete_damage_s.dds",
        "specularPower": 0.349999994,
        "useAnisotropic": true
      },
      {},
      {},
      {}
    ],
    "annotation": "BUILDINGS",
    "groundType": "ASPHALT_OLD",
    "materialTag0": "beamng",
    "materialTag1": "Industrial",
    "specularStrength0": "0.3",
    "specularStrength1": "0.2",
    "translucentBlendOp": "None"
  },
  "Concrete_large": {
    "name": "Concrete_large",
    "mapTo": "Concrete_large",
    "class": "Material",
    "persistentId": "9b403a0f-6df4-49de-b059-1a62107119b2",
    "Stages": [
      {
        "colorMap": "/levels/derby/art/shapes/buildings/concrete_large_d.dds",
        "detailMap": "levels/derby/art/shapes/buildings/detail_grunge_04.dds",
        "detailNormalMapStrength": 5,
        "detailScale": [
          0.2000000029802322,
          0.2000000029802322
        ],
        "diffuseColor": [
          0.694117665,
          0.694117665,
          0.694117665,
          1
        ],
        "normalMap": "/levels/derby/art/shapes/buildings/concrete_large_n.dds",
        "pixelSpecular": true,
        "specular": [
          0.254901975,
          0.254901975,
          0.254901975,
          1
        ],
        "specularPower": 0.349999994,
        "useAnisotropic": true
      },
      {},
      {},
      {}
    ],
    "annotation": "STREET",
    "groundType": "ASPHALT_OLD",
    "materialTag0": "beamng",
    "materialTag1": "beamng",
    "materialTag2": "Industrial",
    "specularStrength0": "0.3",
    "specularStrength1": "0.2",
    "translucentBlendOp": "None"
  },
  "Overlay_grunge_01": {
    "name": "Overlay_grunge_01",
    "mapTo": "Overlay_grunge_01",
    "class": "Material",
    "persistentId": "94b2792c-9f10-479f-b7a4-d3658bebe695",
    "Stages": [
      {
        "colorMap": "/levels/derby/art/shapes/buildings/Overlay_grunge_01_d.dds",
        "detailNormalMapStrength": 0.5,
        "detailScale": [
          8,
          8
        ],
        "diffuseColor": [
          0.549019635,
          0.549019635,
          0.549019635,
          0.00800000038
        ],
        "specular": [
          0.9960780143737792,
          0.9960780143737792,
          0.9960780143737792,
          1
        ],
        "specularPower": 26,
        "vertColor": true
      },
      {},
      {},
      {}
    ],
    "alphaRef": 0,
    "annotation": "BUILDINGS",
    "doubleSided": true,
    "groundType": "ASPHALT_OLD",
    "materialTag0": "beamng",
    "materialTag1": "Industrial",
    "materialTag2": "Industrial",
    "specularStrength0": "0.490196",
    "specularStrength1": "0.2",
    "translucent": true,
    "translucentZWrite": true
  },
  "Overlay_grunge_02": {
    "name": "Overlay_grunge_02",
    "mapTo": "Overlay_grunge_02",
    "class": "Material",
    "persistentId": "af71e2f6-2a1c-465c-8060-678e7818f5f1",
    "Stages": [
      {
        "colorMap": "/levels/derby/art/shapes/buildings/Overlay_grunge_02_d.dds",
        "detailNormalMapStrength": 0.5,
        "detailScale": [
          8,
          8
        ],
        "diffuseColor": [
          0.9960780143737792,
          0.9960780143737792,
          0.9960780143737792,
          0.400000006
        ],
        "specular": [
          0.9960780143737792,
          0.9960780143737792,
          0.9960780143737792,
          1
        ],
        "specularPower": 1,
        "vertColor": true
      },
      {},
      {},
      {}
    ],
    "alphaRef": 0,
    "alphaTest": true,
    "annotation": "BUILDINGS",
    "groundType": "ASPHALT_OLD",
    "materialTag0": "beamng",
    "materialTag1": "Industrial",
    "materialTag2": "Industrial",
    "specularStrength0": "0.490196",
    "specularStrength1": "0.2",
    "translucent": true,
    "translucentZWrite": true
  },
  "Plywood_old": {
    "name": "Plywood_old",
    "mapTo": "Plywood_old",
    "class": "Material",
    "persistentId": "c65eaaae-77f1-4907-a3b8-9a8ee81d407b",
    "Stages": [
      {
        "colorMap": "/levels/derby/art/shapes/buildings/Plywood_old_d.dds",
        "normalMap": "/levels/derby/art/shapes/buildings/Plywood_old_n.dds",
        "specularMap": "/levels/derby/art/shapes/buildings/Plywood_old_s.dds",
        "specularPower": 1,
        "useAnisotropic": true
      },
      {},
      {},
      {}
    ],
    "alphaRef": 121,
    "alphaTest": true,
    "annotation": "BUILDINGS",
    "doubleSided": true,
    "groundType": "WOOD",
    "invertBackFaceNormals": true,
    "materialTag0": "beamng",
    "materialTag1": "beamng",
    "materialTag2": "Industrial",
    "specularStrength0": "0.294118",
    "specularStrength1": "0.2"
  },
  "WareHouse_door": {
    "name": "WareHouse_door",
    "mapTo": "WareHouse_door",
    "class": "Material",
    "persistentId": "0343f608-0892-4b9e-8e1e-f33a33aa8a57",
    "Stages": [
      {
        "colorMap": "/levels/derby/art/shapes/buildings/Warehouse_door_d.dds",
        "detailScale": [
          0.1000000014901161,
          0.1000000014901161
        ],
        "normalMap": "/levels/derby/art/shapes/buildings/Warehouse_door_n.dds",
        "specularMap": "/levels/derby/art/shapes/buildings/Warehouse_door_s.dds",
        "specularPower": 44,
        "useAnisotropic": true
      },
      {},
      {},
      {}
    ],
    "annotation": "SOLID_LINE",
    "groundType": "METAL",
    "materialTag0": "Industrial",
    "materialTag1": "beamng",
    "specularStrength0": "0",
    "specularStrength1": "0.2",
    "translucentBlendOp": "None"
  },
  "asphalt_decayed": {
    "name": "asphalt_decayed",
    "mapTo": "asphalt_decayed",
    "class": "Material",
    "persistentId": "24d5bc65-675b-4288-a494-33eda5f0f7f9",
    "Stages": [
      {
        "colorMap": "/levels/derby/art/shapes/buildings/terrain_gravel_d.color.png",
        "detailMap": "/levels/derby/art/shapes/buildings/concrete_damage_detail.data.png",
        "detailNormalMap": "/levels/derby/art/shapes/buildings/concrete_damage_n.normal.png",
        "detailNormalMapStrength": 2,
        "detailScale": [
          0.200000003,
          0.200000003
        ],
        "diffuseColor": [
          0.840067029,
          0.840058982,
          0.840058982,
          1
        ],
        "normalMap": "/levels/derby/art/shapes/buildings/terrain_gravel_n.normal.png",
        "overlayMap": "/levels/derby/art/shapes/buildings/utah_breakup_texture.dds",
        "roughnessFactor": 0.703999996,
        "specularMap": "/levels/derby/art/shapes/buildings/terrain_gravel_s.color.png",
        "useAnisotropic": true,
        "vertColor": true
      },
      {},
      {},
      {}
    ],
    "annotation": "STREET",
    "groundType": "ASPHALT_OLD",
    "materialTag0": "beamng",
    "materialTag1": "Industrial",
    "specularStrength0": "0.3",
    "specularStrength1": "0.2",
    "translucentBlendOp": "None"
  },
  "balustrades": {
    "name": "balustrades",
    "mapTo": "balustrades",
    "class": "Material",
    "persistentId": "9849e56d-a957-4d42-90a5-163fb925514e",
    "Stages": [
      {
        "colorMap": "/levels/derby/art/shapes/buildings/balustrades_d.dds",
        "normalMap": "/levels/derby/art/shapes/buildings/balustrades_n.dds",
        "specularMap": "/levels/derby/art/shapes/buildings/balustrades_s.dds"
      },
      {},
      {},
      {}
    ],
    "translucent": true
  },
  "beamng_text": {
    "name": "beamng_text",
    "mapTo": "beamng_text",
    "class": "Material",
    "persistentId": "7bedfcae-c151-40e6-aff3-46bc015e624a",
    "Stages": [
      {
        "colorMap": "levels/derby/art/shapes/misc/beamng_text.dds",
        "diffuseColor": [
          0.992156923,
          0.992156923,
          0.992156923,
          1
        ],
        "pixelSpecular": true,
        "specular": [
          0.3333329856395721,
          0.3333329856395721,
          0.3333329856395721,
          1
        ],
        "specularPower": 50,
        "useAnisotropic": true
      },
      {},
      {},
      {}
    ],
    "doubleSided": true,
    "groundType": "METAL",
    "materialTag0": "beamng",
    "materialTag1": "beamng",
    "materialTag2": "Industrial",
    "translucent": true
  },
  "cement_coating": {
    "name": "cement_coating",
    "mapTo": "cement_coating",
    "class": "Material",
    "persistentId": "cbda6557-7a0b-4b73-aced-36d45e70d6de",
    "Stages": [
      {
        "colorMap": "/levels/derby/art/shapes/buildings/cement_coating_d.dds",
        "detailMap": "levels/derby/art/shapes/buildings/detail_grunge_01_low_desat.dds",
        "detailScale": [
          0.300000011920929,
          0.300000011920929
        ],
        "diffuseColor": [
          0.741176486,
          0.741176486,
          0.701960802,
          1
        ],
        "normalMap": "/levels/derby/art/shapes/buildings/cement_coating_n.dds",
        "specular": [
          0.9960780143737792,
          0.9960780143737792,
          0.9960780143737792,
          1
        ],
        "specularMap": "/levels/derby/art/shapes/buildings/cement_coating_s.dds",
        "specularPower": 0.349999994,
        "useAnisotropic": true
      },
      {},
      {},
      {}
    ],
    "groundType": "ASPHALT_OLD",
    "materialTag0": "beamng",
    "materialTag1": "beamng",
    "materialTag2": "Industrial",
    "specularStrength0": "0.3",
    "specularStrength1": "0.2",
    "translucentBlendOp": "None"
  },
  "concrete_plain": {
    "name": "concrete_plain",
    "mapTo": "concrete_plain",
    "class": "Material",
    "persistentId": "98014313-2214-4861-85f5-46658d1e6afb",
    "Stages": [
      {
        "colorMap": "/levels/derby/art/shapes/buildings/concrete_plain_d.dds",
        "normalMap": "/levels/derby/art/shapes/buildings/concrete_plain_n.dds",
        "specularMap": "/levels/derby/art/shapes/buildings/concrete_plain_s.dds"
      },
      {},
      {},
      {}
    ]
  },
  "floodlight": {
    "name": "floodlight",
    "mapTo": "floodlight",
    "class": "Material",
    "persistentId": "2c36c2cc-25a3-4244-8a25-cf9aa4ca5dea",
    "Stages": [
      {
        "colorMap": "/levels/derby/art/shapes/buildings/floodlight_d.dds",
        "normalMap": "/levels/derby/art/shapes/buildings/floodlight_n.dds",
        "reflectivityMap": "/levels/derby/art/shapes/buildings/floodlight_r.dds",
        "specularMap": "/levels/derby/art/shapes/buildings/floodlight_s.dds"
      },
      {},
      {},
      {}
    ]
  },
  "gas_station_01_metal_01_a": {
    "name": "gas_station_01_metal_01_a",
    "mapTo": "metal_01_a",
    "class": "Material",
    "persistentId": "e90481f4-0e89-496a-ad55-1ade136df940",
    "Stages": [
      {
        "colorMap": "/levels/derby/art/shapes/buildings/metal_01_a_d.dds",
        "diffuseColor": [
          0.9960780143737792,
          0.9960780143737792,
          0.9960780143737792,
          1
        ],
        "normalMap": "/levels/derby/art/shapes/buildings/metal_01_a_n.dds",
        "specularPower": 10
      },
      {},
      {},
      {}
    ],
    "annotation": "BUILDINGS",
    "groundType": "METAL",
    "materialTag0": "beamng",
    "materialTag1": "Industrial",
    "specularStrength0": "0.490196",
    "translucentBlendOp": "None"
  },
  "guardrail": {
    "name": "guardrail",
    "mapTo": "guardrail",
    "class": "Material",
    "persistentId": "d7a5f4a0-2e03-4816-88ea-bce02f04763e",
    "Stages": [
      {
        "colorMap": "/levels/derby/art/shapes/buildings/guardrail_d.dds",
        "normalMap": "/levels/derby/art/shapes/buildings/guardrail_n.dds",
        "reflectivityMap": "/levels/derby/art/shapes/buildings/guardrail_r.dds",
        "specularMap": "/levels/derby/art/shapes/buildings/guardrail_s.dds"
      },
      {},
      {},
      {}
    ]
  },
  "ind_bld_Tin_01": {
    "name": "ind_bld_Tin_01",
    "mapTo": "ind_bld__2__Tin-01",
    "class": "Material",
    "persistentId": "e54f675e-67cb-416f-afd5-ef6005759ec8",
    "Stages": [
      {
        "colorMap": "/levels/derby/art/shapes/buildings/tin-01_d.dds",
        "detailMap": "levels/derby/art/shapes/buildings/detail_grunge_02_streak.dds",
        "detailScale": [
          0.1500000059604645,
          0.1500000059604645
        ],
        "diffuseColor": [
          0.870588303,
          0.870588303,
          0.870588303,
          1
        ],
        "normalMap": "/levels/derby/art/shapes/buildings/tin-01_n.dds",
        "specular": [
          0.992156923,
          0.992156923,
          0.992156923,
          1
        ],
        "specularMap": "levels/derby/art/shapes/buildings/tin-01_s.dds",
        "specularPower": 1,
        "useAnisotropic": true
      },
      {},
      {},
      {}
    ],
    "annotation": "SOLID_LINE",
    "doubleSided": true,
    "groundType": "METAL",
    "invertBackFaceNormals": true,
    "materialTag0": "Industrial",
    "materialTag1": "beamng",
    "specularStrength0": "0",
    "specularStrength1": "0.2",
    "translucentBlendOp": "None"
  },
  "ind_bld_brick_01": {
    "name": "ind_bld_brick_01",
    "mapTo": "Ind_bld__2__bricks",
    "class": "Material",
    "persistentId": "1b9dea51-d0c4-4722-82af-4d38c697974e",
    "Stages": [
      {
        "colorMap": "levels/derby/art/shapes/buildings/ind_bld_brick_02_d.dds",
        "detailMap": "levels/derby/art/shapes/buildings/detail_grunge_01.dds",
        "detailScale": [
          0.1000000014901161,
          0.1000000014901161
        ],
        "diffuseColor": [
          0.9960784912109376,
          0.9960784912109376,
          0.9960784912109376,
          1
        ],
        "normalMap": "/levels/derby/art/shapes/buildings/ind_bld_brick_02_n.dds",
        "specular": [
          0.517647088,
          0.517647088,
          0.517647088,
          1
        ],
        "specularMap": "levels/derby/art/shapes/buildings/ind_bld_brick_02_s.dds",
        "specularPower": 1,
        "useAnisotropic": true
      },
      {},
      {},
      {}
    ],
    "annotation": "BUILDINGS",
    "groundType": "ASPHALT_OLD",
    "invertBackFaceNormals": true,
    "materialTag0": "beamng",
    "materialTag1": "Industrial",
    "specularStrength0": "1.3",
    "specularStrength1": "0.2",
    "translucentBlendOp": "None"
  },
  "ind_bld_brick_02": {
    "name": "ind_bld_brick_02",
    "mapTo": "Ind_bld__3__bricks",
    "class": "Material",
    "persistentId": "0a14866c-e920-463b-b0b6-fd40ab50878f",
    "Stages": [
      {
        "colorMap": "levels/derby/art/shapes/buildings/ind_bld_brick_03_d.dds",
        "detailMap": "levels/derby/art/shapes/buildings/detail_grunge_01_low_desat.dds",
        "detailScale": [
          0.2000000029802322,
          0.2000000029802322
        ],
        "diffuseColor": [
          0.9960784912109376,
          0.9960784912109376,
          0.9960784912109376,
          1
        ],
        "normalMap": "levels/derby/art/shapes/buildings/ind_bld_brick_02_n.dds",
        "specular": [
          0.517647088,
          0.517647088,
          0.517647088,
          1
        ],
        "specularMap": "levels/derby/art/shapes/buildings/ind_bld_brick_03_s.dds",
        "specularPower": 1,
        "useAnisotropic": true
      },
      {},
      {},
      {}
    ],
    "annotation": "BUILDINGS",
    "groundType": "ASPHALT_OLD",
    "materialTag0": "beamng",
    "materialTag1": "Industrial",
    "specularStrength0": "1.3",
    "specularStrength1": "0.2",
    "translucentBlendOp": "None"
  },
  "ind_bld_concrete": {
    "name": "ind_bld_concrete",
    "mapTo": "ind_bld__2__concrete",
    "class": "Material",
    "persistentId": "22a3ef5f-040e-4836-8f2d-90c145c7b2c1",
    "Stages": [
      {
        "colorMap": "/levels/derby/art/shapes/buildings/concrete-01_d.dds",
        "detailMap": "levels/derby/art/shapes/buildings/detail_grunge_04.dds",
        "detailScale": [
          0.1500000059604645,
          0.1500000059604645
        ],
        "diffuseColor": [
          0.650980413,
          0.650980413,
          0.650980413,
          1
        ],
        "normalMap": "/levels/derby/art/shapes/buildings/concrete-01_n.dds",
        "specular": [
          0.9960780143737792,
          0.9960780143737792,
          0.9960780143737792,
          1
        ],
        "specularMap": "/levels/derby/art/shapes/buildings/Concrete-01_s.dds",
        "specularPower": 30,
        "useAnisotropic": true
      },
      {},
      {},
      {}
    ],
    "annotation": "NATURE",
    "doubleSided": true,
    "groundType": "ASPHALT_OLD",
    "materialTag0": "beamng",
    "materialTag1": "beamng",
    "materialTag2": "Industrial",
    "materialTag3": "vegetation",
    "materialTag4": "east_coast_usa",
    "specularStrength0": "0.3",
    "specularStrength1": "0.2",
    "translucentBlendOp": "None"
  },
  "ind_bld_extras": {
    "name": "ind_bld_extras",
    "mapTo": "ind_bld__2__extras",
    "class": "Material",
    "persistentId": "27841788-55ec-41a2-ad99-cf202d6bf792",
    "Stages": [
      {
        "colorMap": "/levels/derby/art/shapes/buildings/ind_bld_buildingextras_d.dds",
        "pixelSpecular": true,
        "reflectivityMap": "levels/derby/art/shapes/buildings/ind_bld_buildingextras_r.dds",
        "specularMap": "/levels/derby/art/shapes/buildings/ind_bld_buildingextras_s.dds",
        "specularPower": 1
      },
      {},
      {},
      {}
    ],
    "alphaRef": 70,
    "alphaTest": true,
    "annotation": "BUILDINGS",
    "cubemap": "BNG_Sky_02_cubemap",
    "doubleSided": true,
    "groundType": "ASPHALT_OLD",
    "invertBackFaceNormals": true,
    "materialTag0": "beamng",
    "materialTag1": "Industrial",
    "specularStrength0": "0.490196",
    "specularStrength1": "0.2",
    "translucentBlendOp": "None"
  },
  "ind_bld_extras2": {
    "name": "ind_bld_extras2",
    "mapTo": "ind_bld__2__extras2",
    "class": "Material",
    "persistentId": "2997db9a-3f9d-4716-8ce2-a2f4f27fe96f",
    "Stages": [
      {
        "colorMap": "ind_bld_buildingextras2_d.dds",
        "specularMap": "ind_bld_buildingextras2_s.dds"
      },
      {},
      {},
      {}
    ],
    "doubleSided": true,
    "groundType": "ASPHALT_OLD",
    "materialTag0": "beamng",
    "translucentBlendOp": "None"
  },
  "ind_bld_extras3": {
    "name": "ind_bld_extras3",
    "mapTo": "ind_bld__2__extras3",
    "class": "Material",
    "persistentId": "6a44dfe1-efcf-47c5-b396-36deba2616cb",
    "Stages": [
      {
        "colorMap": "ind_bld_buildingextras3_d.dds",
        "specularPower": 1
      },
      {},
      {},
      {}
    ],
    "alphaRef": 13,
    "castShadows": false,
    "doubleSided": true,
    "groundType": "ASPHALT_OLD",
    "materialTag0": "beamng",
    "materialTag1": "beamng",
    "materialTag2": "Industrial",
    "translucent": true
  },
  "ind_bld_metalgrate_01": {
    "name": "ind_bld_metalgrate_01",
    "mapTo": "ind_bld_metalgrate_01",
    "class": "Material",
    "persistentId": "d55b1e01-f7ca-4e56-a5aa-9755f344aa81",
    "Stages": [
      {
        "colorMap": "levels/derby/art/shapes/buildings/ind_bld_mgrate-01_d.dds",
        "normalMap": "levels/derby/art/shapes/buildings/ind_bld_mgrate-01_s.dds",
        "pixelSpecular": true,
        "specularPower": 1
      },
      {},
      {},
      {}
    ],
    "alphaRef": 114,
    "doubleSided": true,
    "groundType": "METAL",
    "materialTag0": "Industrial",
    "materialTag1": "beamng",
    "materialTag2": "Industrial",
    "translucent": true,
    "translucentZWrite": true
  },
  "ind_bld_rustymetal_01": {
    "name": "ind_bld_rustymetal_01",
    "mapTo": "ind_bld__2__rustymetal_01",
    "class": "Material",
    "persistentId": "e03029af-1c67-4382-a5f0-b40671e0fa09",
    "Stages": [
      {
        "colorMap": "/levels/derby/art/shapes/buildings/ind_bld_rustymetal_01_d.dds",
        "detailScale": [
          0.1000000014901161,
          0.1000000014901161
        ],
        "normalMap": "/levels/derby/art/shapes/buildings/ind_bld_rustymetal_01_n.dds",
        "pixelSpecular": true,
        "specularMap": "/levels/derby/art/shapes/buildings/ind_bld_rustymetal_01_s.dds",
        "specularPower": 40
      },
      {},
      {},
      {}
    ],
    "doubleSided": true,
    "groundType": "METAL",
    "invertBackFaceNormals": true,
    "materialTag0": "Industrial",
    "materialTag1": "beamng",
    "materialTag2": "beamng",
    "specularStrength0": "0.3",
    "specularStrength1": "0.2",
    "translucentBlendOp": "None"
  },
  "ind_bld_tin_02": {
    "name": "ind_bld_tin_02",
    "mapTo": "ind_bld__2__Tin-02",
    "class": "Material",
    "persistentId": "c68ebd64-5098-489c-9f95-00491da42999",
    "Stages": [
      {
        "colorMap": "/levels/derby/art/shapes/buildings/tin-01b_d.dds",
        "detailMap": "levels/derby/art/shapes/buildings/detail_grunge_02_streak_desat.dds",
        "detailScale": [
          0.1500000059604645,
          0.1500000059604645
        ],
        "diffuseColor": [
          0.992156923,
          0.992156923,
          0.992156923,
          1
        ],
        "normalMap": "levels/derby/art/shapes/buildings/tin-01b_n.dds",
        "specular": [
          0.9960784912109376,
          0.9960784912109376,
          0.9960784912109376,
          1
        ],
        "specularMap": "levels/derby/art/shapes/buildings/tin-01b_s.dds",
        "specularPower": 1,
        "useAnisotropic": true
      },
      {},
      {},
      {}
    ],
    "annotation": "SOLID_LINE",
    "groundType": "METAL",
    "invertBackFaceNormals": true,
    "materialTag0": "Industrial",
    "materialTag1": "beamng",
    "specularStrength0": "0",
    "specularStrength1": "0.2",
    "translucentBlendOp": "None"
  },
  "ind_bld_tin_03": {
    "name": "ind_bld_tin_03",
    "mapTo": "ind_bld__2__Tin-03",
    "class": "Material",
    "persistentId": "aab40f2d-c21b-4825-a9f8-32f782bd9639",
    "Stages": [
      {
        "colorMap": "levels/derby/art/shapes/buildings/tin-02_d.dds",
        "detailScale": [
          0.1000000014901161,
          0.1000000014901161
        ],
        "diffuseColor": [
          0.9960784912109376,
          0.9960784912109376,
          0.9960784912109376,
          1
        ],
        "normalMap": "levels/derby/art/shapes/buildings/tin-02_n.dds",
        "pixelSpecular": true,
        "specularMap": "levels/derby/art/shapes/buildings/tin-02_s.dds",
        "specularPower": 1,
        "useAnisotropic": true
      },
      {},
      {},
      {}
    ],
    "annotation": "SOLID_LINE",
    "groundType": "METAL",
    "materialTag0": "Industrial",
    "materialTag1": "beamng",
    "specularStrength0": "0",
    "specularStrength1": "0.2"
  },
  "ind_bricks_01": {
    "name": "ind_bricks_01",
    "mapTo": "ind_bricks_01",
    "class": "Material",
    "persistentId": "0bfcbd0f-73f6-414a-a746-3f32be522e17",
    "Stages": [
      {
        "colorMap": "/levels/derby/art/shapes/buildings/ind_bricks_01_d.color.png",
        "detailScale": [
          0.100000001,
          0.100000001
        ],
        "diffuseColor": [
          0.996078491,
          0.996078491,
          0.996078491,
          1
        ],
        "normalMap": "/levels/derby/art/shapes/buildings/ind_bricks_01_nm.normal.png",
        "overlayMap": "levels/derby/art/shapes/buildings/utah_breakup_texture.dds",
        "roughnessFactor": 0.634000003,
        "specular": [
          0.517647088,
          0.517647088,
          0.517647088,
          1
        ],
        "specularMap": "/levels/derby/art/shapes/buildings/ind_bricks_02_s.color.png",
        "useAnisotropic": true,
        "vertColor": true
      },
      {},
      {},
      {}
    ],
    "annotation": "BUILDINGS",
    "groundType": "ASPHALT_OLD",
    "invertBackFaceNormals": true,
    "materialTag0": "beamng",
    "materialTag1": "Industrial",
    "materialTag2": "Industrial",
    "specularStrength0": "1.3",
    "specularStrength1": "0.2",
    "translucentBlendOp": "None"
  },
  "ind_bricks_02": {
    "name": "ind_bricks_02",
    "mapTo": "ind_bricks_02",
    "class": "Material",
    "persistentId": "38baa51b-b451-4ac4-81dc-6a016da405ed",
    "Stages": [
      {
        "colorMap": "/levels/derby/art/shapes/buildings/ind_bricks_02_d.color.png",
        "detailScale": [
          0.200000003,
          0.200000003
        ],
        "diffuseColor": [
          0.996078491,
          0.996078491,
          0.996078491,
          1
        ],
        "normalMap": "/levels/derby/art/shapes/buildings/ind_bricks_02_nm.normal.png",
        "overlayMap": "levels/derby/art/shapes/buildings/utah_breakup_texture.dds",
        "roughnessFactor": 0.714999974,
        "specular": [
          0.517647088,
          0.517647088,
          0.517647088,
          1
        ],
        "specularMap": "/levels/derby/art/shapes/buildings/ind_bricks_02_s.color.png",
        "useAnisotropic": true,
        "vertColor": true
      },
      {},
      {},
      {}
    ],
    "alphaRef": 28,
    "alphaTest": true,
    "annotation": "BUILDINGS",
    "groundType": "ASPHALT_OLD",
    "materialTag0": "beamng",
    "materialTag1": "Industrial",
    "materialTag2": "Industrial",
    "specularStrength0": "1.3",
    "specularStrength1": "0.2",
    "translucentBlendOp": "Add"
  },
  "ind_concrete": {
    "name": "ind_concrete",
    "mapTo": "ind_concrete",
    "class": "Material",
    "persistentId": "2ecf1b1b-a360-4423-ac8c-a511f1decfca",
    "Stages": [
      {
        "colorMap": "/levels/derby/art/shapes/buildings/ind_concrete_d.color.png",
        "detailScale": [
          0.150000006,
          0.150000006
        ],
        "diffuseColor": [
          0.992156923,
          0.992156923,
          0.992156923,
          1
        ],
        "normalMap": "/levels/derby/art/shapes/buildings/ind_concrete_nm.normal.png",
        "overlayMap": "levels/derby/art/shapes/buildings/utah_breakup_texture.dds",
        "specular": [
          0.996078014,
          0.996078014,
          0.996078014,
          1
        ],
        "specularMap": "/levels/derby/art/shapes/buildings/ind_concrete_s.color.png",
        "useAnisotropic": true,
        "vertColor": true
      },
      {},
      {},
      {}
    ],
    "annotation": "NATURE",
    "groundType": "ASPHALT_OLD",
    "materialTag0": "beamng",
    "materialTag1": "beamng",
    "materialTag2": "Industrial",
    "materialTag3": "vegetation",
    "materialTag4": "east_coast_usa",
    "specularStrength0": "0.3",
    "specularStrength1": "0.2",
    "translucentBlendOp": "None"
  },
  "ind_concrete_broken_decals": {
    "name": "ind_concrete_broken_decals",
    "mapTo": "ind_concrete_broken_decals",
    "class": "Material",
    "persistentId": "3563bb08-5572-4e60-813d-163272977b4b",
    "Stages": [
      {
        "colorMap": "/levels/derby/art/shapes/buildings/ut_concrete_decals_d.color.png",
        "detailScale": [
          0.150000006,
          0.150000006
        ],
        "diffuseColor": [
          0.992156923,
          0.992156923,
          0.992156923,
          1
        ],
        "normalMap": "/levels/derby/art/shapes/buildings/ut_concrete_decals_nm.normal.png",
        "specular": [
          0.996078014,
          0.996078014,
          0.996078014,
          1
        ],
        "specularMap": "/levels/derby/art/shapes/buildings/ut_concrete_decals_s.color.png",
        "useAnisotropic": true
      },
      {},
      {},
      {}
    ],
    "alphaRef": 0,
    "annotation": "NATURE",
    "doubleSided": true,
    "groundType": "ASPHALT_OLD",
    "materialTag0": "beamng",
    "materialTag1": "beamng",
    "materialTag2": "Industrial",
    "materialTag3": "vegetation",
    "materialTag4": "east_coast_usa",
    "specularStrength0": "0.3",
    "specularStrength1": "0.2",
    "translucent": true,
    "translucentZWrite": true
  },
  "ind_concrete_eroded": {
    "name": "ind_concrete_eroded",
    "mapTo": "ind_concrete_eroded",
    "class": "Material",
    "persistentId": "2faa22b4-0122-4e79-895f-f199eab82c4a",
    "Stages": [
      {
        "colorMap": "/levels/derby/art/shapes/buildings/ind_concrete_d.color.png",
        "detailNormalMapStrength": 5,
        "detailScale": [
          0.200000003,
          0.200000003
        ],
        "diffuseColor": [
          0.992156923,
          0.992156923,
          0.992156923,
          1
        ],
        "normalMap": "/levels/derby/art/shapes/buildings/ind_concrete_eroded_nm.normal.png",
        "overlayMap": "levels/derby/art/shapes/buildings/utah_breakup_texture.dds",
        "pixelSpecular": true,
        "specular": [
          0.254901975,
          0.254901975,
          0.254901975,
          1
        ],
        "specularMap": "/levels/derby/art/shapes/buildings/ind_concrete_eroded_s.color.png",
        "useAnisotropic": true,
        "vertColor": true
      },
      {},
      {},
      {}
    ],
    "annotation": "STREET",
    "groundType": "ASPHALT_OLD",
    "materialTag0": "beamng",
    "materialTag1": "beamng",
    "materialTag2": "Industrial",
    "materialTag3": "vegetation",
    "materialTag4": "east_coast_usa",
    "specularStrength0": "0.3",
    "specularStrength1": "0.2",
    "translucentBlendOp": "None"
  },
  "ind_concrete_road": {
    "name": "ind_concrete_road",
    "mapTo": "ind_concrete_road",
    "class": "Material",
    "persistentId": "34e4efa7-2e92-4cef-bfd1-9626ffb67e20",
    "Stages": [
      {
        "colorMap": "/levels/derby/art/shapes/buildings/ind_concrete_road_b.color.png",
        "diffuseColor": [
          0.988235354,
          0.988235354,
          0.988235354,
          1
        ],
        "normalMap": "/levels/derby/art/shapes/buildings/ind_concrete_road_nm.normal.png",
        "overlayMap": "levels/derby/art/shapes/buildings/utah_breakup_texture.dds",
        "pixelSpecular": true,
        "roughnessFactor": 0.787999988,
        "specularMap": "/levels/derby/art/shapes/buildings/ind_concrete_road_s.color.png",
        "useAnisotropic": true,
        "vertColor": true
      },
      {},
      {},
      {}
    ],
    "groundType": "ASPHALT_OLD",
    "materialTag0": "beamng",
    "materialTag1": "building",
    "materialTag2": "Industrial",
    "specularColor0": "0.1 0.1 0.1 0.1",
    "specularStrength0": "0.05",
    "specularStrength1": "0.2",
    "translucentBlendOp": "None"
  },
  "ind_concrete_rough": {
    "name": "ind_concrete_rough",
    "mapTo": "ind_concrete_rough",
    "class": "material",
    "persistentId": "9248830c-6b43-4f99-a8cb-de8709e0c703",
    "Stages": [
      {
        "colorMap": "levels/derby/art/shapes/buildings/ut_rough_concrete_d.dds",
        "detailScale": [
          0.100000001,
          0.100000001
        ],
        "diffuseColor": [
          0.858823597,
          0.858823597,
          0.858823597,
          1
        ],
        "normalMap": "levels/derby/art/shapes/buildings/ut_rough_concrete_n.dds",
        "overlayMap": "levels/derby/art/shapes/buildings/utah_breakup_texture.dds",
        "specular": [
          0.996078014,
          0.996078014,
          0.996078014,
          1
        ],
        "specularMap": "levels/derby/art/shapes/buildings/ut_rough_concrete_s.dds",
        "useAnisotropic": true
      },
      {},
      {},
      {}
    ],
    "annotation": "BUILDINGS",
    "groundType": "ASPHALT_OLD",
    "materialTag0": "beamng",
    "materialTag1": "beamng",
    "materialTag2": "Industrial",
    "materialTag3": "vegetation",
    "materialTag4": "east_coast_usa",
    "specularStrength0": "0.3",
    "specularStrength1": "0.2",
    "translucentBlendOp": "None"
  },
  "ind_concreteleak": {
    "name": "ind_concreteleak",
    "mapTo": "ind_concreteleak",
    "class": "Material",
    "persistentId": "0eda9e81-917f-42a7-a854-10c18fe2668a",
    "Stages": [
      {
        "colorMap": "levels/derby/art/shapes/buildings/ind_concreteleak_d.dds",
        "detailMap": "levels/derby/art/shapes/buildings/detail_grunge_04.dds",
        "detailScale": [
          0.300000011920929,
          0.300000011920929
        ],
        "diffuseColor": [
          0.796078503,
          0.796078503,
          0.796078503,
          1
        ],
        "normalMap": "levels/derby/art/shapes/buildings/ind_concreteleak_n.dds",
        "specular": [
          0.9960780143737792,
          0.9960780143737792,
          0.9960780143737792,
          1
        ],
        "specularMap": "/levels/derby/art/shapes/buildings/ind_concreteleak_s.dds",
        "specularPower": 1,
        "useAnisotropic": true
      },
      {},
      {},
      {}
    ],
    "annotation": "BUILDINGS",
    "groundType": "ASPHALT_OLD",
    "materialTag0": "beamng",
    "materialTag1": "beamng",
    "materialTag2": "Industrial",
    "materialTag3": "vegetation",
    "materialTag4": "east_coast_usa",
    "specularStrength0": "1.3",
    "specularStrength1": "0.2",
    "translucentBlendOp": "None"
  },
  "ind_decaying_industrial_interiors": {
    "name": "ind_decaying_industrial_interiors",
    "mapTo": "ind_decaying_industrial_interiors",
    "class": "Material",
    "persistentId": "5961928d-9b6b-4d85-b858-53c6781f42e6",
    "Stages": [
      {
        "colorMap": "/levels/derby/art/shapes/buildings/ind_decaying_industrial_interiors.color.png",
        "detailScale": [
          6,
          6
        ],
        "useAnisotropic": true
      },
      {},
      {},
      {}
    ],
    "alphaRef": 63,
    "alphaTest": true,
    "doubleSided": true,
    "groundType": "METAL",
    "invertBackFaceNormals": true,
    "materialTag0": "beamng",
    "materialTag1": "italy",
    "specularStrength0": "0.490196"
  },
  "ind_derbyarena_01a_outer_ind_bld__2__concrete_001": {
    "name": "ind_derbyarena_01a_outer_ind_bld__2__concrete_001",
    "mapTo": "ind_bld__2__concrete_001",
    "class": "Material",
    "persistentId": "bd757c7f-8cd2-49c7-82a3-567f0700051d",
    "Stages": [
      {
        "diffuseColor": [
          0.538667023,
          0.538667023,
          0.538667023,
          1
        ]
      },
      {},
      {},
      {}
    ],
    "doubleSided": true,
    "groundType": "ASPHALT_OLD",
    "translucentBlendOp": "None"
  },
  "ind_derbyarena_01a_outer_ind_bld__2__rustymetal_01_001": {
    "name": "ind_derbyarena_01a_outer_ind_bld__2__rustymetal_01_001",
    "mapTo": "ind_bld__2__rustymetal_01_001",
    "class": "Material",
    "persistentId": "9d187e45-ada0-4083-8d63-3ed2c5e4aa7d",
    "Stages": [
      {
        "diffuseColor": [
          0.800000012,
          0.800000012,
          0.800000012,
          1
        ]
      },
      {},
      {},
      {}
    ],
    "doubleSided": true,
    "groundType": "ASPHALT_OLD",
    "translucentBlendOp": "None"
  },
  "ind_doors_windows": {
    "name": "ind_doors_windows",
    "mapTo": "ind_doors_windows",
    "class": "material",
    "persistentId": "e6f536ee-1190-4974-9742-ac42ec4515c6",
    "Stages": [
      {
        "pixelSpecular": true
      },
      {},
      {},
      {}
    ],
    "alphaRef": 70,
    "alphaTest": true,
    "annotation": "BUILDINGS",
    "cubemap": "BNG_Sky_02_cubemap",
    "doubleSided": true,
    "groundType": "ASPHALT_OLD",
    "invertBackFaceNormals": true,
    "materialTag0": "beamng",
    "materialTag1": "beamng",
    "materialTag2": "Industrial",
    "materialTag3": "vegetation",
    "materialTag4": "east_coast_usa",
    "specularStrength0": "0.490196",
    "specularStrength1": "0.2",
    "translucentBlendOp": "None"
  },
  "ind_expanded_metal": {
    "name": "ind_expanded_metal",
    "mapTo": "ind_expanded_metal",
    "class": "Material",
    "persistentId": "34edd004-75ca-4f1c-af94-3012a1a5c771",
    "Stages": [
      {
        "colorMap": "ind_expanded_metal_d.dds",
        "normalMap": "ind_expanded_metal_n.dds",
        "pixelSpecular": true,
        "specularMap": "ind_expanded_metal_s.dds",
        "specularPower": 16,
        "useAnisotropic": true
      },
      {},
      {},
      {}
    ],
    "alphaRef": 27,
    "alphaTest": true,
    "cubemap": "BNG_Sky_02_cubemap",
    "groundType": "METAL",
    "materialTag0": "beamng",
    "materialTag1": "object",
    "translucent": true,
    "translucentBlendOp": "None"
  },
  "ind_glass_transparent": {
    "name": "ind_glass_transparent",
    "mapTo": "ind_glass_transparent",
    "class": "Material",
    "persistentId": "e6f536ee-1190-4974-9742-ac42ec4515c6",
    "Stages": [
      {
        "colorMap": "levels/derby/art/shapes/buildings/ind_glass_transparent_b.color.png",
        "diffuseColor": [
          0.992156982,
          0.992156982,
          0.992156982,
          1
        ],
        "overlayMap": "/levels/derby/art/shapes/buildings/utah_breakup_texture.dds",
        "pixelSpecular": true,
        "reflectivityMap": "/levels/derby/art/shapes/buildings/ind_glass_transparent_ref.data.png",
        "roughnessFactor": 0.481999993,
        "specularMap": "/levels/derby/art/shapes/buildings/ind_glass_transparent_s.color.png",
        "useAnisotropic": true
      },
      {},
      {},
      {}
    ],
    "alphaRef": 70,
    "annotation": "BUILDINGS",
    "cubemap": "BNG_Sky_02_cubemap",
    "doubleSided": true,
    "groundType": "ASPHALT_OLD",
    "materialTag0": "beamng",
    "materialTag1": "beamng",
    "materialTag2": "Industrial",
    "specularStrength0": "0.490196",
    "specularStrength1": "0.2",
    "translucent": true,
    "translucentBlendOp": "Sub"
  },
  "ind_metal": {
    "name": "ind_metal",
    "mapTo": "ind_metal",
    "class": "Material",
    "persistentId": "925fd28a-c5b4-4cbd-9799-3081f3e6da7a",
    "Stages": [
      {
        "colorMap": "/levels/derby/art/shapes/buildings/ind_metal_d.color.png",
        "diffuseColor": [
          1,
          0.999989986,
          0.999989986,
          0.044613
        ],
        "normalMap": "levels/derby/art/shapes/buildings/ind_metal_nm.normal.png",
        "overlayMap": "levels/derby/art/shapes/buildings/utah_breakup_texture.dds",
        "reflectivityMapFactor": 0.193000004,
        "specular": [
          1,
          0.999989986,
          0.999989986,
          1
        ],
        "specularMap": "/levels/derby/art/shapes/buildings/ind_metal_s.color.png",
        "useAnisotropic": true,
        "vertColor": true
      },
      {},
      {},
      {}
    ],
    "alphaRef": 114,
    "groundType": "METAL",
    "materialTag0": "Industrial",
    "materialTag1": "beamng",
    "materialTag2": "Industrial",
    "materialTag3": "Natural",
    "materialTag4": "east_coast_usa",
    "specularStrength0": "0.490196",
    "specularStrength1": "0.2",
    "translucentBlendOp": "None"
  },
  "ind_metal_expanded": {
    "name": "ind_metal_expanded",
    "mapTo": "ind_metal_expanded",
    "class": "Material",
    "persistentId": "61bb6a24-25f6-4906-b5b1-5a49bcf0640e",
    "Stages": [
      {
        "colorMap": "/levels/derby/art/shapes/buildings/ind_metal_expanded_d.color.png",
        "normalMap": "/levels/derby/art/shapes/buildings/ind_metal_expanded_nm.normal.png",
        "pixelSpecular": true,
        "roughnessFactor": 0.490999997,
        "specularMap": "/levels/derby/art/shapes/buildings/ind_metal_expanded_s.color.png",
        "useAnisotropic": true
      },
      {},
      {},
      {}
    ],
    "alphaRef": 58,
    "alphaTest": true,
    "doubleSided": true,
    "groundType": "METAL",
    "materialTag0": "beamng",
    "materialTag1": "object",
    "materialTag2": "beamng",
    "materialTag3": "Natural",
    "materialTag4": "east_coast_usa",
    "specularStrength0": "0.3",
    "specularStrength1": "0.2",
    "translucent": true,
    "translucentBlendOp": "None"
  },
  "ind_metal_grate": {
    "name": "ind_metal_grate",
    "mapTo": "ind_metal_grate",
    "class": "Material",
    "persistentId": "8adabdf2-ea50-4aba-baa3-18d66a0e823b",
    "Stages": [
      {
        "colorMap": "/levels/derby/art/shapes/buildings/ind_metal_grate_d.color.png",
        "normalMap": "/levels/derby/art/shapes/buildings/ind_metal_grate_nm.normal.png",
        "overlayMap": "/levels/derby/art/shapes/buildings/utah_breakup_texture.dds",
        "pixelSpecular": true,
        "reflectivityMapFactor": 0.300000012,
        "roughnessFactor": 0.757000029,
        "specularMap": "/levels/derby/art/shapes/buildings/ind_metal_grate_s.color.png",
        "useAnisotropic": true,
        "vertColor": true
      },
      {},
      {},
      {}
    ],
    "alphaRef": 114,
    "doubleSided": true,
    "groundType": "METAL",
    "invertBackFaceNormals": true,
    "materialTag0": "Industrial",
    "materialTag1": "beamng",
    "materialTag2": "Industrial",
    "materialTag3": "Natural",
    "materialTag4": "east_coast_usa",
    "specularStrength0": "0.490196",
    "specularStrength1": "0.2",
    "translucent": true,
    "translucentBlendOp": "None",
    "translucentZWrite": true
  },
  "metal_paint": {
    "name": "metal_paint",
    "mapTo": "metal_paint",
    "class": "Material",
    "persistentId": "2ca1dbed-b502-49be-af13-8e43db4db207",
    "Stages": [
      {
        "colorMap": "/levels/derby/art/shapes/buildings/metal_paint_d.color.png",
        "normalMap": "/levels/derby/art/shapes/buildings/metal_paint_nm.normal.png",
        "overlayMap": "/levels/derby/art/shapes/buildings/metal_rust_drips.color.png",
        "reflectivityMap": "/levels/derby/art/shapes/buildings/metal_paint_ref.data.png",
        "roughnessFactor": 0.497999996,
        "specularMap": "/levels/derby/art/shapes/buildings/metal_paint_s.color.png",
        "vertColor": true
      },
      {},
      {},
      {}
    ],
    "annotation": "BUILDINGS",
    "cubemap": "global_cubemap_metalblurred",
    "groundType": "METAL"
  },
  "ind_metal_plates": {
    "name": "ind_metal_plates",
    "mapTo": "ind_metal_plates",
    "class": "Material",
    "persistentId": "2f8dce43-be0f-4aa2-a827-fe453fc0c557",
    "Stages": [
      {
        "colorMap": "/levels/derby/art/shapes/buildings/ind_metal_plates_d.color.png",
        "detailScale": [
          0.100000001,
          0.100000001
        ],
        "diffuseColor": [
          0.992156923,
          0.992156923,
          0.992156923,
          1
        ],
        "normalMap": "/levels/derby/art/shapes/buildings/ind_metal_plates_nm.normal.png",
        "overlayMap": "/levels/derby/art/shapes/buildings/metal_rust_drips.color.png",
        "roughnessFactor": 0.43599999,
        "specular": [
          0.996078014,
          0.996078014,
          0.996078014,
          1
        ],
        "specularMap": "/levels/derby/art/shapes/buildings/ind_metal_plates_s.color.png",
        "useAnisotropic": true,
        "vertColor": true
      },
      {},
      {},
      {}
    ],
    "annotation": "BUILDINGS",
    "groundType": "METAL",
    "materialTag0": "beamng",
    "materialTag1": "beamng",
    "materialTag2": "Industrial",
    "materialTag3": "vegetation",
    "materialTag4": "east_coast_usa",
    "specularStrength0": "1.3",
    "specularStrength1": "0.2",
    "translucentBlendOp": "None"
  },
  "ind_metal_rust": {
    "name": "ind_metal_rust",
    "mapTo": "ind_metal_rust",
    "class": "Material",
    "persistentId": "8d318413-c70d-4030-9426-16f4e09fb732",
    "Stages": [
      {
        "baseColorMap": "/levels/derby/art/shapes/buildings/ind_rust_d.color.png",
        "colorMap": "/levels/derby/art/shapes/buildings/ind_rust_d.color.png",
        "detailScale": [
          0.100000001,
          0.100000001
        ],
        "normalMap": "/levels/derby/art/shapes/buildings/ind_rust_nm.normal.png",
        "overlayMap": "levels/derby/art/shapes/buildings/utah_breakup_texture.dds",
        "pixelSpecular": true,
        "roughnessFactor": 0.739000022,
        "specularMap": "/levels/derby/art/shapes/buildings/ind_rust_s.color.png",
        "useAnisotropic": true,
        "vertColor": true
      },
      {},
      {},
      {}
    ],
    "groundType": "METAL",
    "materialTag0": "Industrial",
    "materialTag1": "beamng",
    "materialTag2": "beamng",
    "materialTag3": "Natural",
    "materialTag4": "east_coast_usa",
    "specularStrength0": "0.3",
    "specularStrength1": "0.2",
    "translucentBlendOp": "None"
  },
  "ind_metal_trim": {
    "name": "ind_metal_trim",
    "mapTo": "ind_metal_trim",
    "class": "Material",
    "persistentId": "6fc54099-1c9a-4a9b-995f-74b5a831e70c",
    "Stages": [
      {
        "colorMap": "levels/derby/art/shapes/buildings/Ind_metal_trim_d.color.png",
        "detailScale": [
          0.100000001,
          0.100000001
        ],
        "diffuseColor": [
          0.992156923,
          0.992156923,
          0.992156923,
          1
        ],
        "normalMap": "levels/derby/art/shapes/buildings/Ind_metal_trim_nm.normal.png",
        "roughnessFactor": 0.667999983,
        "specular": [
          0.996078014,
          0.996078014,
          0.996078014,
          1
        ],
        "specularMap": "/levels/derby/art/shapes/buildings/ind_metal_trim_s.color.png",
        "useAnisotropic": true,
        "vertColor": true
      },
      {},
      {},
      {}
    ],
    "alphaRef": 104,
    "alphaTest": true,
    "annotation": "BUILDINGS",
    "doubleSided": true,
    "groundType": "METAL",
    "invertBackFaceNormals": true,
    "materialTag0": "beamng",
    "materialTag1": "beamng",
    "materialTag2": "Industrial",
    "materialTag3": "vegetation",
    "materialTag4": "east_coast_usa",
    "specularStrength0": "1.3",
    "specularStrength1": "0.2",
    "translucentBlendOp": "None"
  },
  "ind_metalplates": {
    "name": "ind_metalplates",
    "mapTo": "ind_metalplates",
    "class": "Material",
    "persistentId": "5bede42c-14d7-4d94-b764-d95278ab57c6",
    "Stages": [
      {
        "colorMap": "/levels/derby/art/shapes/buildings/ind_metalplates_d.dds",
        "detailMap": "levels/derby/art/shapes/buildings/detail_grunge_02_streak_desat.dds",
        "detailScale": [
          0.1000000014901161,
          0.1000000014901161
        ],
        "diffuseColor": [
          0.654901981,
          0.654901981,
          0.654901981,
          1
        ],
        "normalMap": "/levels/derby/art/shapes/buildings/ind_metalplates_n.dds",
        "specular": [
          0.9960780143737792,
          0.9960780143737792,
          0.9960780143737792,
          1
        ],
        "specularMap": "/levels/derby/art/shapes/buildings/ind_metalplates_s.dds",
        "specularPower": 1,
        "useAnisotropic": true
      },
      {},
      {},
      {}
    ],
    "annotation": "BUILDINGS",
    "groundType": "METAL",
    "materialTag0": "beamng",
    "materialTag1": "Industrial",
    "specularStrength0": "1.3",
    "specularStrength1": "0.2",
    "translucentBlendOp": "None"
  },
  "ind_piping": {
    "name": "ind_piping",
    "mapTo": "ind_piping",
    "class": "Material",
    "persistentId": "4cb0b187-2af1-4217-94c8-071b38849282",
    "Stages": [
      {
        "colorMap": "ind_piping_d.dds",
        "normalMap": "ind_piping_n.dds",
        "pixelSpecular": true,
        "specularPower": 16,
        "useAnisotropic": true
      },
      {},
      {},
      {}
    ],
    "alphaRef": 64,
    "alphaTest": true,
    "groundType": "METAL",
    "materialTag0": "beamng",
    "materialTag1": "object",
    "translucent": true,
    "translucentBlendOp": "None"
  },
  "ind_planks_01": {
    "name": "ind_planks_01",
    "mapTo": "Ind_planks",
    "class": "Material",
    "persistentId": "7ca78015-1652-481b-ab73-535ee7a6c4d0",
    "Stages": [
      {
        "colorMap": "ind_planks_01_d.dds",
        "normalMap": "ind_planks_01_n.dds",
        "specularMap": "ind_planks_01_s.dds",
        "specularPower": 1,
        "useAnisotropic": true
      },
      {},
      {},
      {}
    ],
    "alphaRef": 121,
    "alphaTest": true,
    "groundType": "WOOD",
    "materialTag0": "beamng",
    "materialTag1": "beamng",
    "materialTag2": "Industrial",
    "specularStrength0": "0.294118"
  },
  "ind_plastic": {
    "name": "ind_plastic",
    "mapTo": "ind_plastic",
    "class": "Material",
    "persistentId": "ab1a9267-a2b4-478a-94aa-96a99289f070",
    "Stages": [
      {
        "colorMap": "/levels/derby/art/shapes/buildings/ut_plastic_b.color.png",
        "normalMap": "/levels/derby/art/shapes/buildings/ut_plastic_nm.normal.png",
        "overlayMap": "/levels/derby/art/shapes/buildings/utah_breakup_texture.dds",
        "specularMap": "/levels/derby/art/shapes/buildings/ut_plastic_s.color.png",
        "vertColor": true
      },
      {},
      {},
      {}
    ],
    "doubleSided": true,
    "materialTag0": "beamng",
    "materialTag1": "beamng",
    "materialTag2": "Industrial",
    "materialTag3": "vegetation",
    "materialTag4": "east_coast_usa",
    "specularStrength0": "0.294118",
    "specularStrength1": "0.2"
  },
  "ind_plywood_old": {
    "name": "ind_plywood_old",
    "mapTo": "ind_plywood_old",
    "class": "Material",
    "persistentId": "22466117-6eb1-4877-b075-846ede29108b",
    "Stages": [
      {
        "colorMap": "/levels/derby/art/shapes/buildings/ind_plywood_d.color.png",
        "normalMap": "/levels/derby/art/shapes/buildings/ind_plywood_nm.normal.png",
        "overlayMap": "levels/derby/art/shapes/buildings/utah_breakup_texture.dds",
        "roughnessFactor": 0.879999995,
        "specularMap": "/levels/derby/art/shapes/buildings/ind_plywood_s.color.png",
        "useAnisotropic": true,
        "vertColor": true
      },
      {},
      {},
      {}
    ],
    "alphaRef": 121,
    "alphaTest": true,
    "annotation": "BUILDINGS",
    "doubleSided": true,
    "groundType": "WOOD",
    "invertBackFaceNormals": true,
    "materialTag0": "beamng",
    "materialTag1": "beamng",
    "materialTag2": "Industrial",
    "materialTag3": "vegetation",
    "materialTag4": "east_coast_usa",
    "specularStrength0": "0.294118",
    "specularStrength1": "0.2"
  },
  "ind_portcrane_a_metal_cage": {
    "name": "ind_portcrane_a_metal_cage",
    "mapTo": "ind_portcrane_a_metal_cage",
    "class": "material",
    "persistentId": "65d31160-776c-48a9-aa02-aef31a9d258a",
    "Stages": [
      {
        "colorMap": "levels/derby/art/shapes/buildings/metal_cage_d.dds",
        "diffuseColor": [
          0.741176486,
          0.741176486,
          0.741176486,
          1
        ],
        "normalMap": "levels/derby/art/shapes/buildings/metal_cage_n.dds",
        "specularMap": "levels/derby/art/shapes/buildings/metal_cage_s.dds",
        "useAnisotropic": true
      },
      {},
      {},
      {}
    ],
    "alphaRef": 161,
    "alphaTest": true,
    "annotation": "BUILDINGS",
    "groundType": "METAL",
    "materialTag0": "beamng",
    "materialTag1": "beamng",
    "materialTag2": "Industrial",
    "materialTag3": "vegetation",
    "materialTag4": "east_coast_usa",
    "specularStrength0": "0",
    "specularStrength1": "0.2"
  },
  "ind_tin_01": {
    "name": "ind_tin_01",
    "mapTo": "ind_tin_01",
    "class": "Material",
    "persistentId": "2551c20a-3cfd-4c18-aeb5-bd107a79d4ae",
    "Stages": [
      {
        "colorMap": "/levels/derby/art/shapes/buildings/ut_corrugated_tin_V1_d.color.png",
        "detailScale": [
          0.150000006,
          0.150000006
        ],
        "diffuseColor": [
          0.870588303,
          0.870588303,
          0.870588303,
          1
        ],
        "normalMap": "levels/derby/art/shapes/buildings/ut_corrugated_tin_V1_n.dds",
        "overlayMap": "/levels/derby/art/shapes/buildings/utah_breakup_texture.dds",
        "roughnessFactor": 0.503000021,
        "specular": [
          0.992156923,
          0.992156923,
          0.992156923,
          1
        ],
        "specularMap": "levels/derby/art/shapes/buildings/ut_corrugated_tin_V1_s.dds",
        "useAnisotropic": true,
        "vertColor": true
      },
      {},
      {},
      {}
    ],
    "annotation": "SOLID_LINE",
    "doubleSided": true,
    "groundType": "METAL",
    "invertBackFaceNormals": true,
    "materialTag0": "Industrial",
    "materialTag1": "beamng",
    "materialTag2": "Industrial",
    "materialTag3": "vegetation",
    "materialTag4": "east_coast_usa",
    "specularStrength0": "0",
    "specularStrength1": "0.2",
    "translucentBlendOp": "None"
  },
  "ind_tin_02": {
    "name": "ind_tin_02",
    "mapTo": "ind_tin_02",
    "class": "Material",
    "persistentId": "f85fff98-85d2-4be0-9b82-ec129de95bbc",
    "Stages": [
      {
        "colorMap": "/levels/derby/art/shapes/buildings/ut_corrugated_tin_V2_d.color.png",
        "detailScale": [
          0.150000006,
          0.150000006
        ],
        "diffuseColor": [
          0.870588303,
          0.870588303,
          0.870588303,
          1
        ],
        "normalMap": "levels/derby/art/shapes/buildings/ut_corrugated_tin_V2_n.dds",
        "overlayMap": "/levels/derby/art/shapes/buildings/utah_breakup_texture.dds",
        "roughnessFactor": 0.522000015,
        "specular": [
          0.992156923,
          0.992156923,
          0.992156923,
          1
        ],
        "specularMap": "levels/derby/art/shapes/buildings/ut_corrugated_tin_V2_s.dds",
        "useAnisotropic": true,
        "vertColor": true
      },
      {},
      {},
      {}
    ],
    "annotation": "SOLID_LINE",
    "doubleSided": true,
    "groundType": "METAL",
    "invertBackFaceNormals": true,
    "materialTag0": "Industrial",
    "materialTag1": "beamng",
    "materialTag2": "Industrial",
    "materialTag3": "vegetation",
    "materialTag4": "east_coast_usa",
    "specularStrength0": "0",
    "specularStrength1": "0.2",
    "translucentBlendOp": "None"
  },
  "ind_tin_03": {
    "name": "ind_tin_03",
    "mapTo": "ind_tin_03",
    "class": "Material",
    "persistentId": "2c63d47e-71f0-4198-bf26-2c9d1530b17b",
    "Stages": [
      {
        "colorMap": "/levels/derby/art/shapes/buildings/ut_corrugated_tin_V3_d.color.png",
        "detailScale": [
          0.150000006,
          0.150000006
        ],
        "diffuseColor": [
          0.870588303,
          0.870588303,
          0.870588303,
          1
        ],
        "normalMap": "levels/derby/art/shapes/buildings/ut_corrugated_tin_V3_n.dds",
        "overlayMap": "/levels/derby/art/shapes/buildings/utah_breakup_texture.dds",
        "roughnessFactor": 0.555999994,
        "specular": [
          0.992156923,
          0.992156923,
          0.992156923,
          1
        ],
        "specularMap": "levels/derby/art/shapes/buildings/ut_corrugated_tin_V3_s.dds",
        "useAnisotropic": true,
        "vertColor": true
      },
      {},
      {},
      {}
    ],
    "annotation": "SOLID_LINE",
    "doubleSided": true,
    "groundType": "METAL",
    "invertBackFaceNormals": true,
    "materialTag0": "Industrial",
    "materialTag1": "beamng",
    "materialTag2": "Industrial",
    "materialTag3": "vegetation",
    "materialTag4": "east_coast_usa",
    "specularStrength0": "0",
    "specularStrength1": "0.2",
    "translucentBlendOp": "None"
  },
  "ind_trim_plastic": {
    "name": "ind_trim_plastic",
    "mapTo": "ind_trim_plastic",
    "class": "Material",
    "persistentId": "e2945fc2-9cdb-4272-8725-49ee406da6bd",
    "Stages": [
      {
        "colorMap": "/levels/derby/art/shapes/buildings/trim_plastic.color.png",
        "normalMap": "/levels/derby/art/shapes/buildings/trim_plastic.normal.png",
        "overlayMap": "/levels/derby/art/shapes/buildings/utah_breakup_texture.dds",
        "specularMap": "/levels/derby/art/shapes/buildings/trim_plastic_s.color.png",
        "vertColor": true
      },
      {},
      {},
      {}
    ],
    "doubleSided": true
  },
  "ind_wood_broken_trim": {
    "name": "ind_wood_broken_trim",
    "mapTo": "ind_wood_broken_trim",
    "class": "material",
    "persistentId": "d8de932b-5727-407f-98d9-8871e848bd84",
    "Stages": [
      {
        "colorMap": "levels/derby/art/shapes/buildings/ind_trim_broken_wood_d.color.png",
        "detailScale": [
          0.150000006,
          0.150000006
        ],
        "diffuseColor": [
          0.992156923,
          0.992156923,
          0.992156923,
          1
        ],
        "normalMap": "levels/derby/art/shapes/buildings/ind_trim_wood_n.normal.png",
        "specular": [
          0.996078014,
          0.996078014,
          0.996078014,
          1
        ],
        "specularMap": "levels/derby/art/shapes/buildings/ind_trim_wood_s.color.png",
        "useAnisotropic": true
      },
      {},
      {},
      {}
    ],
    "alphaRef": 101,
    "alphaTest": true,
    "annotation": "NATURE",
    "doubleSided": true,
    "groundType": "ASPHALT_OLD",
    "invertBackFaceNormals": true,
    "materialTag0": "beamng",
    "materialTag1": "beamng",
    "materialTag2": "Industrial",
    "materialTag3": "vegetation",
    "materialTag4": "east_coast_usa",
    "specularStrength0": "0.3",
    "specularStrength1": "0.2",
    "translucentBlendOp": "None"
  },
  "ind_wood_crate": {
    "name": "ind_wood_crate",
    "mapTo": "ind_wood_crate",
    "class": "Material",
    "persistentId": "5027574e-8a68-45f3-87fa-e9f9d8053140",
    "Stages": [
      {
        "colorMap": "WoodCrate-01_d",
        "normalMap": "WoodCrate-01_n"
      },
      {},
      {},
      {}
    ],
    "doubleSided": true,
    "groundType": "WOOD",
    "translucentBlendOp": "None"
  },
  "ind_wood_planks": {
    "name": "ind_wood_planks",
    "mapTo": "ind_wood_planks",
    "class": "Material",
    "persistentId": "32eb9e6a-446d-4d44-baa0-6be4590d05b2",
    "Stages": [
      {
        "colorMap": "levels/derby/art/shapes/buildings/si_wood_wall_d.color.png",
        "diffuseColor": [
          0.988235354,
          0.988235354,
          0.988235354,
          0.00800000038
        ],
        "normalMap": "levels/derby/art/shapes/buildings/si_wood_wall_n.normal.png",
        "specularMap": "/levels/derby/art/shapes/buildings/si_wood_wall_s.color.png",
        "useAnisotropic": true,
        "vertColor": true
      },
      {},
      {},
      {}
    ],
    "alphaRef": 121,
    "annotation": "BUILDINGS",
    "groundType": "WOOD",
    "invertBackFaceNormals": true,
    "materialTag0": "beamng",
    "materialTag1": "beamng",
    "materialTag2": "Industrial",
    "materialTag3": "vegetation",
    "materialTag4": "east_coast_usa",
    "specularStrength0": "0.294118",
    "specularStrength1": "0.2",
    "translucentBlendOp": "None"
  },
  "industrial": {
    "name": "industrial",
    "mapTo": "industrial",
    "class": "Material",
    "persistentId": "7d187a6b-750b-4f4a-8ecc-c161bcf08e74",
    "Stages": [
      {
        "colorMap": "/levels/derby/art/shapes/buildings/industrial_d.dds",
        "normalMap": "/levels/derby/art/shapes/buildings/industrial_n.dds",
        "reflectivityMap": "/levels/derby/art/shapes/buildings/industrial_r.dds",
        "specularMap": "/levels/derby/art/shapes/buildings/industrial_s.dds"
      },
      {},
      {},
      {}
    ],
    "alphaRef": 229,
    "alphaTest": true
  },
  "industrial_signs": {
    "name": "industrial_signs",
    "mapTo": "industrial_signs",
    "class": "Material",
    "persistentId": "d9c72a44-492f-41c0-bdc5-78c9bcd0a3b7",
    "Stages": [
      {
        "colorMap": "/levels/derby/art/shapes/buildings/ind_industrial_signs_d.color.png",
        "detailScale": [
          0.100000001,
          0.100000001
        ],
        "diffuseColor": [
          0.996078491,
          0.996078491,
          0.996078491,
          1
        ],
        "pixelSpecular": true,
        "roughnessFactor": 0.582000017,
        "specular": [
          0.402357012,
          0.402352989,
          0.402352989,
          1
        ],
        "useAnisotropic": true,
        "vertColor": true
      },
      {},
      {},
      {}
    ],
    "annotation": "BUILDINGS",
    "groundType": "ASPHALT_OLD",
    "materialTag0": "beamng",
    "materialTag1": "Industrial",
    "materialTag2": "Industrial",
    "specularStrength0": "1.3",
    "specularStrength1": "0.2",
    "translucentBlendOp": "None"
  },
  "it_concrete_roadside_walls": {
    "name": "it_concrete_roadside_walls",
    "mapTo": "it_concrete_roadside_walls",
    "class": "Material",
    "persistentId": "3d4f601a-8e65-4bfe-b2eb-1db7e823460c",
    "Stages": [
      {
        "colorMap": "levels/derby/art/shapes/buildings/it_concrete_roadside_walls_d.dds",
        "detailScale": [
          0.300000011920929,
          0.300000011920929
        ],
        "normalMap": "levels/derby/art/shapes/buildings/it_concrete_roadside_walls_n.dds",
        "specularMap": "levels/derby/art/shapes/buildings/it_concrete_roadside_walls_s.dds",
        "useAnisotropic": true,
        "vertColor": true
      },
      {},
      {},
      {}
    ],
    "groundType": "ASPHALT_OLD",
    "materialTag0": "beamng",
    "materialTag1": "italy",
    "translucentBlendOp": "None"
  },
  "italy_bld_decals": {
    "name": "italy_bld_decals",
    "mapTo": "italy_bld_decals",
    "class": "Material",
    "persistentId": "28e9e6a0-da97-4551-ad6e-a782cf78acf5",
    "Stages": [
      {
        "colorMap": "/levels/derby/art/shapes/buildings/italy_bld_decals.dds",
        "detailNormalMapStrength": 0.5,
        "detailScale": [
          8,
          8
        ],
        "diffuseColor": [
          0.9960780143737792,
          0.9960780143737792,
          0.9960780143737792,
          1
        ],
        "specular": [
          0.9960780143737792,
          0.9960780143737792,
          0.9960780143737792,
          1
        ],
        "specularPower": 26,
        "vertColor": true
      },
      {},
      {},
      {}
    ],
    "alphaRef": 0,
    "alphaTest": true,
    "annotation": "BUILDINGS",
    "doubleSided": true,
    "groundType": "ASPHALT_OLD",
    "materialTag0": "beamng",
    "materialTag1": "Industrial",
    "specularStrength0": "0.490196",
    "translucent": true,
    "translucentZWrite": true
  },
  "italy_curb_concrete": {
    "name": "italy_curb_concrete",
    "mapTo": "italy_curb_concrete",
    "class": "Material",
    "persistentId": "4a125226-22b2-43fa-9b1f-b4923070b017",
    "Stages": [
      {
        "colorMap": "italy_curb_concrete_d.dds",
        "detailScale": [
          6,
          6
        ],
        "normalMap": "italy_curb_concrete_n.dds",
        "specularMap": "italy_curb_concrete_s.dds",
        "useAnisotropic": true,
        "vertColor": true
      },
      {},
      {},
      {}
    ],
    "groundType": "ASPHALT_OLD",
    "materialTag0": "beamng",
    "materialTag1": "italy",
    "translucentBlendOp": "None"
  },
  "italy_guardrails": {
    "name": "italy_guardrails",
    "mapTo": "italy_guardrails",
    "class": "Material",
    "persistentId": "38a724dc-0275-4bda-9c66-87e01611ff79",
    "Stages": [
      {
        "colorMap": "levels/derby/art/shapes/buildings/italy_guardrails_d.dds",
        "detailScale": [
          6,
          6
        ],
        "normalMap": "levels/derby/art/shapes/buildings/italy_guardrails_n.dds",
        "reflectivityMap": "levels/derby/art/shapes/buildings/italy_guardrails_r.dds",
        "specularMap": "levels/derby/art/shapes/buildings/italy_guardrails_s.dds",
        "specularPower": 1,
        "useAnisotropic": true,
        "vertColor": true
      },
      {
        "useAnisotropic": true,
        "vertColor": true
      },
      {},
      {}
    ],
    "cubemap": "global_cubemap_metalblurred",
    "groundType": "ASPHALT_OLD",
    "materialTag0": "beamng",
    "materialTag1": "italy",
    "specularStrength0": "0.490196",
    "translucentBlendOp": "None"
  },
  "italy_mesh_fence": {
    "name": "italy_mesh_fence",
    "mapTo": "italy_mesh_fence",
    "class": "Material",
    "persistentId": "457ad813-f50d-4718-91c3-546c5373dec6",
    "Stages": [
      {
        "colorMap": "levels/derby/art/shapes/buildings/italy_mesh_fence_d.dds",
        "detailScale": [
          6,
          6
        ],
        "normalMap": "levels/derby/art/shapes/buildings/italy_mesh_fence_n.dds",
        "specularMap": "levels/derby/art/shapes/buildings/italy_mesh_fence_s.dds",
        "useAnisotropic": true
      },
      {},
      {},
      {}
    ],
    "alphaRef": 63,
    "alphaTest": true,
    "groundType": "METAL",
    "materialTag0": "beamng",
    "materialTag1": "italy",
    "specularStrength0": "0.490196"
  },
  "jri_concrete_layered": {
    "name": "jri_concrete_layered",
    "mapTo": "jri_concrete_layered",
    "class": "Material",
    "persistentId": "ca3c7164-d23b-421e-babc-37e28735e10b",
    "Stages": [
      {
        "colorMap": "/levels/derby/art/shapes/buildings/jri_concrete_layered_d.color.png",
        "normalMap": "/levels/derby/art/shapes/buildings/jri_concrete_layered_nm.normal .png",
        "overlayMap": "/levels/derby/art/shapes/buildings/utah_breakup_texture.dds",
        "specularMap": "/levels/derby/art/shapes/buildings/jri_concrete_layered_s.color.png",
        "vertColor": true
      },
      {},
      {},
      {}
    ]
  },
  "metal_rust_drips": {
    "name": "metal_rust_drips",
    "mapTo": "metal_rust_drips",
    "class": "Material",
    "persistentId": "e7fd336c-8c85-40c7-abbb-cf2d86479926",
    "Stages": [
      {
        "colorMap": "/levels/derby/art/shapes/buildings/metal_rust_drips.color.png",
        "normalMap": "/levels/derby/art/shapes/buildings/ind_rust_nm.normal.png",
        "specularMap": "/levels/derby/art/shapes/buildings/ind_rust_s.color.png"
      },
      {},
      {},
      {}
    ],
    "alphaRef": 61,
    "alphaTest": true,
    "castShadows": false
  },
  "misc_billboard_title": {
    "name": "misc_billboard_title",
    "mapTo": "misc_billboard_title",
    "class": "Material",
    "persistentId": "835f198f-4fdf-483a-9b8c-acac4229eeaf",
    "Stages": [
      {
        "colorMap": "levels/derby/art/shapes/misc/billboards_01b.dds",
        "detailScale": [
          10,
          10
        ],
        "pixelSpecular": true,
        "specular": [
          0.5,
          0.5,
          0.5,
          1
        ],
        "specularPower": 1,
        "useAnisotropic": true
      },
      {},
      {},
      {}
    ],
    "doubleSided": true,
    "groundType": "METAL",
    "materialTag0": "Industrial",
    "materialTag1": "beamng",
    "materialTag2": "Miscellaneous",
    "materialTag3": "Natural",
    "translucentBlendOp": "None"
  },
  "race_arrowtexture": {
    "name": "race_arrowtexture",
    "mapTo": "race_arrowtexture",
    "class": "Material",
    "persistentId": "4dd024f1-5d2f-4073-a40b-6693bc1e07e4",
    "Stages": [
      {
        "colorMap": "levels/derby/art/shapes/buildings/race_arrowtexture_d.dds",
        "pixelSpecular": true,
        "specular": [
          0.725489974,
          0.725489974,
          0.725489974,
          1
        ],
        "specularPower": 39,
        "useAnisotropic": true
      },
      {},
      {},
      {}
    ],
    "doubleSided": true,
    "groundType": "METAL",
    "materialTag0": "beamng",
    "materialTag1": "beamng",
    "materialTag2": "Industrial",
    "translucentBlendOp": "None"
  },
  "road2_concrete": {
    "name": "road2_concrete",
    "mapTo": "road2_concrete",
    "class": "Material",
    "persistentId": "923c2ce0-84b0-48f6-8a02-c7cc77e7557b",
    "Stages": [
      {
        "colorMap": "levels/derby/art/shapes/buildings/street_concrete1_d.dds",
        "detailMap": "levels/derby/art/shapes/buildings/detail_grunge_02_streak_desat.dds",
        "detailNormalMapStrength": 0.5,
        "detailScale": [
          0.2000000029802322,
          0.2000000029802322
        ],
        "diffuseColor": [
          0.564705908,
          0.564705908,
          0.564705908,
          1
        ],
        "normalMap": "levels/derby/art/shapes/buildings/street_concrete1_n.dds",
        "specularMap": "levels/derby/art/shapes/buildings/street_concrete1_s.dds",
        "specularPower": 1,
        "useAnisotropic": true
      },
      {},
      {},
      {}
    ],
    "alphaRef": 0,
    "annotation": "STREET",
    "groundType": "ASPHALT_OLD",
    "materialTag0": "buildingsAndPath",
    "materialTag1": "beamng",
    "specularStrength0": "0",
    "translucentBlendOp": "None"
  },
  "si_clutter_b": {
    "name": "si_clutter_b",
    "mapTo": "si_clutter_b",
    "class": "material",
    "persistentId": "98db5e70-b3c9-4461-ba22-63cce48ece42",
    "Stages": [
      {
        "colorMap": "levels/derby/art/shapes/buildings/si_clutter_b_d.dds",
        "normalMap": "levels/derby/art/shapes/buildings/si_clutter_b_n.dds",
        "pixelSpecular": true,
        "reflectivityMap": "levels/derby/art/shapes/buildings/si_clutter_b_r.dds",
        "specular": [
          0.847058892,
          0.9333333969116212,
          0.968627512,
          0.00800000038
        ],
        "specularMap": "levels/derby/art/shapes/buildings/si_clutter_b_s.dds",
        "specularPower": 10,
        "useAnisotropic": true,
        "vertColor": true
      },
      {},
      {},
      {}
    ],
    "groundType": "WOOD",
    "materialTag0": "beamng",
    "materialTag1": "building",
    "materialTag2": "utah",
    "translucentBlendOp": "None"
  },
  "si_metal_clean": {
    "name": "si_metal_clean",
    "mapTo": "si_metal_clean",
    "class": "material",
    "persistentId": "0020c3da-ab62-4a56-98c8-90774c5b6230",
    "Stages": [
      {
        "colorMap": "levels/derby/art/shapes/buildings/si_metal_clean_d.dds",
        "diffuseColor": [
          0.988235354,
          0.988235354,
          0.988235354,
          0.107000001
        ],
        "normalMap": "levels/derby/art/shapes/buildings/si_metal_clean_n.dds",
        "pixelSpecular": true,
        "specularMap": "levels/derby/art/shapes/buildings/si_metal_clean_s.dds",
        "specularPower": 200,
        "useAnisotropic": true,
        "vertColor": true
      },
      {},
      {},
      {}
    ],
    "cubemap": "BNG_Sky_02_cubemap",
    "groundType": "METAL",
    "materialTag0": "beamng",
    "materialTag1": "building",
    "materialTag2": "utah",
    "specularColor0": "0.1 0.1 0.1 0.1",
    "specularStrength0": "0.05",
    "translucentBlendOp": "None"
  },
  "si_metal_roof": {
    "name": "si_metal_roof",
    "mapTo": "si_metal_roof",
    "class": "Material",
    "persistentId": "3c3b2bd8-2391-4688-b07e-0d414bcbd1da",
    "Stages": [
      {
        "colorMap": "/levels/derby/art/shapes/buildings/si_metal_roof_d.color.png",
        "diffuseColor": [
          0.988235354,
          0.988235354,
          0.988235354,
          1
        ],
        "normalMap": "levels/derby/art/shapes/buildings/si_metal_roof.normal.png",
        "overlayMap": "levels/derby/art/shapes/buildings/utah_breakup_texture.dds",
        "pixelSpecular": true,
        "roughnessFactor": 0.407999992,
        "specularMap": "/levels/derby/art/shapes/buildings/si_metal_roof_s.color.png",
        "useAnisotropic": true,
        "vertColor": true
      },
      {},
      {},
      {}
    ],
    "groundType": "METAL",
    "materialTag0": "beamng",
    "materialTag1": "building",
    "materialTag2": "Industrial",
    "specularColor0": "0.1 0.1 0.1 0.1",
    "specularStrength0": "0.05",
    "specularStrength1": "0.2",
    "translucentBlendOp": "None"
  },
  "stand_seats": {
    "name": "stand_seats",
    "mapTo": "stand_seats",
    "class": "Material",
    "persistentId": "83074bcb-bcbc-4406-bcb1-b39cf149a773",
    "Stages": [
      {
        "colorMap": "/levels/derby/art/shapes/buildings/grandstand_seats_d.dds",
        "normalMap": "/levels/derby/art/shapes/buildings/grandstand_seats_n.dds",
        "specularMap": "/levels/derby/art/shapes/buildings/grandstand_seats_s.dds",
        "vertColor": true
      },
      {},
      {},
      {}
    ]
  },
  "ut_graffiti": {
    "name": "ut_graffiti",
    "mapTo": "ut_graffiti",
    "class": "Material",
    "persistentId": "0ce37d53-70a9-42fe-b1fb-dc71df8b7f5e",
    "Stages": [
      {
        "colorMap": "/levels/derby/art/shapes/buildings/ut_graffiti.color.png"
      },
      {},
      {},
      {}
    ],
    "translucent": true
  },
  "vertcolor_glow": {
    "name": "vertcolor_glow",
    "mapTo": "vertcolor_glow",
    "class": "Material",
    "persistentId": "069e7d76-cbfb-4316-bdda-de4001c2afd1",
    "Stages": [
      {
        "emissive": true,
        "glow": true,
        "pixelSpecular": true,
        "specularPower": 32,
        "useAnisotropic": true,
        "vertColor": true
      },
      {},
      {},
      {}
    ],
    "alphaRef": 0,
    "annotation": "BUILDINGS",
    "doubleSided": true,
    "groundType": "PLASTIC",
    "materialTag0": "beamng",
    "materialTag1": "building",
    "translucentBlendOp": "None"
  },
  "windows_doors_reflective": {
    "name": "windows_doors_reflective",
    "mapTo": "windows_doors_reflective",
    "class": "Material",
    "persistentId": "1be3d8ef-24a6-4771-9cdb-4328d6b9e8f7",
    "Stages": [
      {
        "colorMap": "levels/derby/art/shapes/buildings/windows_doors_reflective_d.dds",
        "detailMap": "levels/derby/art/shapes/buildings/detail_grunge_01_low_desat.dds",
        "detailScale": [
          3,
          3
        ],
        "normalMap": "levels/derby/art/shapes/buildings/windows_doors_reflective_n.dds",
        "pixelSpecular": true,
        "reflectivityMap": "levels/derby/art/shapes/buildings/windows_doors_reflective_r.dds",
        "specularMap": "levels/derby/art/shapes/buildings/windows_doors_reflective_s.dds",
        "specularPower": 32,
        "useAnisotropic": true,
        "vertColor": true
      },
      {},
      {},
      {}
    ],
    "alphaRef": 70,
    "alphaTest": true,
    "annotation": "BUILDINGS",
    "cubemap": "BNG_Sky_02_cubemap",
    "doubleSided": true,
    "groundType": "METAL",
    "materialTag0": "beamng",
    "materialTag1": "Industrial",
    "materialTag2": "Industrial",
    "specularStrength0": "0.490196",
    "specularStrength1": "0.2",
    "translucentBlendOp": "None"
  }
}