{"name":"outOfBoundTrigger","class":"BeamNGTrigger","persistentId":"cc107bde-ba15-4bee-adf0-6ededbcd5a92","__parent":"SimGroup_","position":[-347.988739,14.9057922,357.016693],"luaFunction":"onSumoTrigger","scale":[400,400,50],"triggerMode":"Overlaps","triggerTestType":"Bounding box"}
{"name":"SimGroup_","class":"SimGroup","persistentId":"723f4b8d-5565-4263-90b7-97190a62ad4d","groupPosition":"0 0 0"}
{"class":"TSStatic","persistentId":"0796a2c9-d2cd-40cd-ac2e-6dd8e648a93c","__parent":"SimGroup_","position":[-363.043854,-8.73098469,393.301514],"allowPlayerStep":"1","isRenderEnabled":false,"mode":"Ignore","rotationMatrix":[-0.569609761,0.821915329,0,-0.821915329,-0.569609761,0,0,0,1],"shapeName":"/levels/art/ind_jumpramp_large.dae"}
{"class":"TSStatic","persistentId":"07cb892c-cebf-4e7f-9ae6-268f9cce105e","__parent":"SimGroup_","position":[-384.130188,4.76260757,391.180145],"allowPlayerStep":"1","isRenderEnabled":false,"mode":"Ignore","rotationMatrix":[-0.824718952,-0.565542817,0,0.565542817,-0.824718952,0,0,0,1],"shapeName":"/levels/art/ind_platform_10x5_tilt.dae"}
{"class":"TSStatic","persistentId":"0e620475-d6b6-4b27-877d-e5679ab8f2da","__parent":"SimGroup_","position":[-375.844849,-7.48335457,399.206879],"allowPlayerStep":"1","isRenderEnabled":false,"mode":"Ignore","rotationMatrix":[-0.558179438,0.82972008,0,-0.82972008,-0.558179438,0,0,0,0.999999881],"shapeName":"/levels/art/ind_platform_10x5.dae"}
{"class":"TSStatic","persistentId":"11462328-46b0-4315-bbaf-20b5b09b6a45","__parent":"SimGroup_","position":[-392.180664,-0.686126709,393.152985],"allowPlayerStep":"1","isRenderEnabled":false,"mode":"Ignore","rotationMatrix":[0.82972014,0.558179677,0,-0.558179677,0.82972014,0,0,0,1],"shapeName":"/levels/art/ind_platform_10x5.dae"}
{"class":"TSStatic","persistentId":"143f475a-f36b-474d-a2f8-a24744dd9073","__parent":"SimGroup_","position":[-396.100677,-30.2161407,395.172974],"allowPlayerStep":"1","isRenderEnabled":false,"mode":"Ignore","rotationMatrix":[0.824718893,0.565542936,0,-0.565542936,0.824718893,0,0,0,1],"shapeName":"/levels/art/ind_platform_10x10.dae"}
{"class":"TSStatic","persistentId":"1e132e0b-6408-41be-8807-23dd184b2c06","__parent":"SimGroup_","position":[-346.808899,-32.0865631,402.154999],"allowPlayerStep":"1","isRenderEnabled":false,"mode":"Ignore","rotationMatrix":[-0.569609761,0.821915329,0,-0.821915329,-0.569609761,0,0,0,1],"shapeName":"/levels/art/ind_jumpramp_large.dae"}
{"class":"TSStatic","persistentId":"2186f69d-5c0e-409a-854e-eea58e8b58b2","__parent":"SimGroup_","position":[-378.497742,-50.4581947,402.73288],"allowPlayerStep":"1","isRenderEnabled":false,"mode":"Ignore","rotationMatrix":[0.824627578,0.565480232,-0.0148826623,-0.565542817,0.824718893,0,0.0122740129,0.008416784,0.999889255],"shapeName":"/levels/art/ind_platform_10x5_tilt.dae"}
{"class":"TSStatic","persistentId":"2342713b-a370-4cd0-bb85-554ba8297663","__parent":"SimGroup_","position":[-375.02179,8.91749573,388.259094],"allowPlayerStep":"1","isRenderEnabled":false,"mode":"Ignore","rotationMatrix":[-0.535236955,0.844701886,0,-0.844701886,-0.535236955,0,0,0,1],"shapeName":"/levels/art/ind_jumpramp_long.dae"}
{"class":"TSStatic","persistentId":"271192da-f042-41c6-9f37-0a9fc7ee440e","__parent":"SimGroup_","position":[-377.442047,39.3152122,395.699646],"allowPlayerStep":"1","isRenderEnabled":false,"mode":"Ignore","rotationMatrix":[0.824690223,0.565584719,0,-0.565584719,0.824690223,0,0,0,1],"shapeName":"/levels/art/ind_platform_10x10.dae"}
{"class":"TSStatic","persistentId":"2b196cb2-11b7-4c7b-a45e-dc7790a4101b","__parent":"SimGroup_","position":[-381.327515,0.666469574,399.206879],"allowPlayerStep":"1","isRenderEnabled":false,"mode":"Ignore","rotationMatrix":[-0.558179438,0.82972008,0,-0.82972008,-0.558179438,0,0,0,0.999999881],"shapeName":"/levels/art/ind_platform_10x5.dae"}
{"class":"TSStatic","persistentId":"2b2dcdc4-d9f1-47c0-8af8-8b4bfe1b2b34","__parent":"SimGroup_","position":[-397.892853,25.2217197,399.205078],"allowPlayerStep":"1","isRenderEnabled":false,"mode":"Ignore","rotationMatrix":[0.824690223,0.565584719,0,-0.565584719,0.824690223,0,0,0,1],"shapeName":"/levels/art/ind_platform_10x10.dae"}
{"class":"TSStatic","persistentId":"2eec5198-d34c-4dd2-958f-0de8b53d29c8","__parent":"SimGroup_","position":[-386.355743,-42.1639786,398.149323],"allowPlayerStep":"1","isRenderEnabled":false,"mode":"Ignore","rotationMatrix":[-0.827025414,-0.562164307,0,0.562164307,-0.827025414,0,0,0,1],"shapeName":"/levels/art/ind_jumpramp_large.dae"}
{"class":"TSStatic","persistentId":"4149740d-3ebf-43f4-a19e-059f967fefec","__parent":"SimGroup_","position":[-421.633942,7.04180431,402.040588],"allowPlayerStep":"1","isRenderEnabled":false,"mode":"Ignore","rotationMatrix":[0.824690223,0.565584719,0,-0.565584719,0.824690223,0,0,0,1],"shapeName":"/levels/art/ind_platform_10x10.dae"}
{"class":"TSStatic","persistentId":"4301ef2d-bdc5-48ab-aa60-32e1b5a30fc7","__parent":"SimGroup_","position":[-400.450684,-6.28613281,393.152985],"allowPlayerStep":"1","isRenderEnabled":false,"mode":"Ignore","rotationMatrix":[0.82972014,0.558179677,0,-0.558179677,0.82972014,0,0,0,1],"shapeName":"/levels/art/ind_platform_10x5.dae"}
{"class":"TSStatic","persistentId":"441a4d93-651c-4441-9aaf-78d71b712caa","__parent":"SimGroup_","position":[-342.032684,-14.7604427,393.31076],"allowPlayerStep":"1","isRenderEnabled":false,"mode":"Ignore","rotationMatrix":[-0.827025414,-0.562164307,0,0.562164307,-0.827025414,0,0,0,1],"shapeName":"/levels/art/ind_jumpramp_large.dae"}
{"class":"TSStatic","persistentId":"4f675598-dcb2-41e7-8de3-be94135669e5","__parent":"SimGroup_","position":[-364.66217,-40.9705658,406.073456],"allowPlayerStep":"1","isRenderEnabled":false,"mode":"Ignore","rotationMatrix":[0.824718893,0.565542936,0,-0.565542936,0.824718893,0,0,0,1],"shapeName":"/levels/art/ind_platform_10x5_tilt.dae"}
{"class":"TSStatic","persistentId":"4fb1598c-fdbf-4019-98c7-7946f8317178","__parent":"SimGroup_","position":[-385.599945,33.8412628,395.698242],"allowPlayerStep":"1","isRenderEnabled":false,"mode":"Ignore","rotationMatrix":[-0.840674162,-0.54154098,0,0.54154098,-0.840674162,0,0,0,1],"shapeName":"/levels/art/ind_platform_10x5_tilt.dae"}
{"class":"TSStatic","persistentId":"580a8df1-ab6c-40d4-8b73-f45a9a09cc31","__parent":"SimGroup_","position":[-354.895294,6.77186012,388.345062],"allowPlayerStep":"1","isRenderEnabled":false,"mode":"Ignore","rotationMatrix":[0.565542817,-0.824718893,0,0.824718893,0.565542817,0,0,0,1],"shapeName":"/levels/art/ind_platform_10x5_tilt.dae"}
{"class":"TSStatic","persistentId":"5ab73ea1-3d83-49bf-b8e9-eeab4ea985ec","__parent":"SimGroup_","position":[-414.279022,13.9610634,401.615265],"allowPlayerStep":"1","isRenderEnabled":false,"mode":"Ignore","rotationMatrix":[0.827085972,0.556407392,-0.079621464,-0.558179557,0.829720199,-3.7252903e-09,0.0660635382,0.0444430783,0.996825159],"scale":[1.04999995,1,1],"shapeName":"/levels/art/ind_platform_10x5.dae"}
{"class":"TSStatic","persistentId":"5b99dc42-f31b-48df-8ba6-aee4839f2fe8","__parent":"SimGroup_","position":[-416.994446,-1.93220115,396.111298],"allowPlayerStep":"1","isRenderEnabled":false,"mode":"Ignore","rotationMatrix":[0.827021837,0.562169731,0,-0.562169731,0.827021837,0,0,0,0.999999881],"shapeName":"/levels/art/ind_jumpramp_large.dae"}
{"class":"TSStatic","persistentId":"61889118-b237-4468-ab1f-08c08129b209","__parent":"SimGroup_","position":[-407.260681,-13.916153,393.152985],"allowPlayerStep":"1","isRenderEnabled":false,"mode":"Ignore","rotationMatrix":[0.824690223,0.565584719,0,-0.565584719,0.824690223,0,0,0,1],"shapeName":"/levels/art/ind_platform_10x10.dae"}
{"class":"TSStatic","persistentId":"6ac581d8-ec17-4f59-b348-53ba5169dd59","__parent":"SimGroup_","position":[-378.420685,-21.1461334,397.192963],"allowPlayerStep":"1","isRenderEnabled":false,"mode":"Ignore","rotationMatrix":[0.824718893,0.565542936,0,-0.565542936,0.824718893,0,0,0,1],"shapeName":"/levels/art/ind_platform_10x5_tilt.dae"}
{"class":"TSStatic","persistentId":"6b10bcbd-4057-4fba-be98-0781528a4f98","__parent":"SimGroup_","position":[-339.619904,-13.071806,393.31076],"allowPlayerStep":"1","isRenderEnabled":false,"mode":"Ignore","rotationMatrix":[-0.827025414,-0.562164307,0,0.562164307,-0.827025414,0,0,0,1],"shapeName":"/levels/art/ind_jumpramp_large.dae"}
{"class":"TSStatic","persistentId":"709d37be-1838-4e16-bb0d-7bb66aebd5ce","__parent":"SimGroup_","position":[-362.934357,18.4907608,386.757629],"allowPlayerStep":"1","isRenderEnabled":false,"mode":"Ignore","rotationMatrix":[0.824690223,0.565584719,0,-0.565584719,0.824690223,0,0,0,1],"shapeName":"/levels/art/ind_platform_10x10.dae"}
{"class":"TSStatic","persistentId":"766806db-dab9-4fbc-82b5-14c362d3abe8","__parent":"SimGroup_","position":[-348.519257,-29.6891651,402.154999],"allowPlayerStep":"1","isRenderEnabled":false,"mode":"Ignore","rotationMatrix":[-0.569609761,0.821915329,0,-0.821915329,-0.569609761,0,0,0,1],"shapeName":"/levels/art/ind_jumpramp_large.dae"}
{"class":"TSStatic","persistentId":"7741940c-fc27-42fd-a9f0-1f1cd27725e2","__parent":"SimGroup_","position":[-335.048096,-22.1299572,399.235748],"allowPlayerStep":"1","isRenderEnabled":false,"mode":"Ignore","rotationMatrix":[0.824690223,0.565584719,0,-0.565584719,0.824690223,0,0,0,1],"shapeName":"/levels/art/ind_platform_10x10.dae"}
{"class":"TSStatic","persistentId":"78800174-3388-4782-8bd2-498a18a0e7d0","__parent":"SimGroup_","position":[-360.352173,14.7295265,386.349213],"allowPlayerStep":"1","isRenderEnabled":false,"mode":"Ignore","rotationMatrix":[0.565542817,-0.824718893,0,0.824718893,0.565542817,0,0,0,1],"shapeName":"/levels/art/ind_platform_10x5_tilt.dae"}
{"class":"TSStatic","persistentId":"7f326f3d-4d75-4889-9278-bde201ef2c4c","__parent":"SimGroup_","position":[-355.869965,-36.4099045,408.080017],"allowPlayerStep":"1","isRenderEnabled":false,"mode":"Ignore","rotationMatrix":[0.824690223,0.565584719,0,-0.565584719,0.824690223,0,0,0,1],"shapeName":"/levels/art/ind_platform_10x10.dae"}
{"class":"TSStatic","persistentId":"86d26ca1-3933-43ab-9aa2-0f51f571b8c9","__parent":"SimGroup_","position":[-370.591431,31.9280033,389.775909],"allowPlayerStep":"1","isRenderEnabled":false,"mode":"Ignore","rotationMatrix":[0.827021837,0.562169731,0,-0.562169731,0.827021837,0,0,0,0.999999881],"shapeName":"/levels/art/ind_jumpramp_large.dae"}
{"class":"TSStatic","persistentId":"8d1efe71-72ad-4d80-9fa1-a7387b999d56","__parent":"SimGroup_","position":[-360.441772,-27.3517513,402.155029],"allowPlayerStep":"1","isRenderEnabled":false,"mode":"Ignore","rotationMatrix":[-0.827025414,-0.562164307,0,0.562164307,-0.827025414,0,0,0,1],"shapeName":"/levels/art/ind_jumpramp_large.dae"}
{"class":"TSStatic","persistentId":"9afafb2f-8867-42db-a311-26db5d889fd6","__parent":"SimGroup_","position":[-390.13681,30.9187145,396.956146],"allowPlayerStep":"1","isRenderEnabled":false,"mode":"Ignore","rotationMatrix":[-0.839525223,-0.540800929,0.0522613823,0.54154098,-0.840674043,-9.31322575e-10,0.0439347997,0.0283016823,0.998633444],"shapeName":"/levels/art/ind_platform_10x5_tilt.dae"}
{"class":"TSStatic","persistentId":"9ea2e568-54c9-4589-99fd-197591b3648b","__parent":"SimGroup_","position":[-372.636963,-46.4392166,404.098663],"allowPlayerStep":"1","isRenderEnabled":false,"mode":"Ignore","rotationMatrix":[0.824718893,0.565542936,0,-0.565542936,0.824718893,0,0,0,1],"shapeName":"/levels/art/ind_platform_10x5_tilt.dae"}
{"class":"TSStatic","persistentId":"a1caa4bf-3125-43fc-a882-4ac12503f98c","__parent":"SimGroup_","position":[-406.057861,19.602663,399.206787],"allowPlayerStep":"1","isRenderEnabled":false,"mode":"Ignore","rotationMatrix":[-0.824718952,-0.565542817,0,0.565542817,-0.824718952,0,0,0,1],"shapeName":"/levels/art/ind_platform_10x5_tilt.dae"}
{"class":"TSStatic","persistentId":"a428b952-82a8-4225-ad86-cc5696af87de","__parent":"SimGroup_","position":[-386.500671,-26.6761017,395.162964],"allowPlayerStep":"1","isRenderEnabled":false,"mode":"Ignore","rotationMatrix":[0.824718893,0.565542936,0,-0.565542936,0.824718893,0,0,0,1],"shapeName":"/levels/art/ind_platform_10x5_tilt.dae"}
{"class":"TSStatic","persistentId":"a50221aa-5540-43ff-97eb-c6028ebb6882","__parent":"SimGroup_","position":[-381.783936,-51.2221298,404.07431],"allowPlayerStep":"1","isRenderEnabled":false,"mode":"Ignore","rotationMatrix":[0.824690223,0.565584719,0,-0.565584719,0.824690223,0,0,0,1],"shapeName":"/levels/art/ind_platform_10x10.dae"}
{"class":"TSStatic","persistentId":"a5f969e4-d59e-4f81-8c93-a646c6eb6267","__parent":"SimGroup_","position":[-376.642975,11.4760332,388.259094],"allowPlayerStep":"1","isRenderEnabled":false,"mode":"Ignore","rotationMatrix":[-0.535236955,0.844701886,0,-0.844701886,-0.535236955,0,0,0,1],"shapeName":"/levels/art/ind_jumpramp_long.dae"}
{"class":"TSStatic","persistentId":"b63a6f96-6d1a-4b3f-a256-1cfc9f35c026","__parent":"SimGroup_","position":[-349.442566,-1.26449943,390.345184],"allowPlayerStep":"1","isRenderEnabled":false,"mode":"Ignore","rotationMatrix":[0.824690223,0.565584719,0,-0.565584719,0.824690223,0,0,0,1],"shapeName":"/levels/art/ind_platform_10x10.dae"}
{"class":"TSStatic","persistentId":"bbf8b456-63b6-4da1-94da-d261dbf6f268","__parent":"SimGroup_","position":[-388.768524,-43.8526115,398.149323],"allowPlayerStep":"1","isRenderEnabled":false,"mode":"Ignore","rotationMatrix":[-0.827025414,-0.562164307,0,0.562164307,-0.827025414,0,0,0,1],"shapeName":"/levels/art/ind_jumpramp_large.dae"}
{"class":"TSStatic","persistentId":"d6b285ff-d682-4e9a-ad91-69eaf0619142","__parent":"SimGroup_","position":[-373.004211,30.2393723,389.775909],"allowPlayerStep":"1","isRenderEnabled":false,"mode":"Ignore","rotationMatrix":[0.827021837,0.562169731,0,-0.562169731,0.827021837,0,0,0,0.999999881],"shapeName":"/levels/art/ind_jumpramp_large.dae"}
{"class":"TSStatic","persistentId":"d7e1a27f-96b5-4cd5-a766-d387e53f98ef","__parent":"SimGroup_","position":[-392.282166,16.9503136,399.206879],"allowPlayerStep":"1","isRenderEnabled":false,"mode":"Ignore","rotationMatrix":[-0.558179438,0.82972008,0,-0.82972008,-0.558179438,0,0,0,0.999999881],"shapeName":"/levels/art/ind_platform_10x5.dae"}
{"class":"TSStatic","persistentId":"d9205f4c-8779-41a0-a2c4-6e718bf9fd82","__parent":"SimGroup_","position":[-362.854553,-29.0403881,402.155029],"allowPlayerStep":"1","isRenderEnabled":false,"mode":"Ignore","rotationMatrix":[-0.827025414,-0.562164307,0,0.562164307,-0.827025414,0,0,0,1],"shapeName":"/levels/art/ind_jumpramp_large.dae"}
{"class":"TSStatic","persistentId":"da82dffb-0bf1-4385-a14f-e0310c6ea1c0","__parent":"SimGroup_","position":[-361.333496,-11.128396,393.301514],"allowPlayerStep":"1","isRenderEnabled":false,"mode":"Ignore","rotationMatrix":[-0.569609761,0.821915329,0,-0.821915329,-0.569609761,0,0,0,1],"shapeName":"/levels/art/ind_jumpramp_large.dae"}
{"class":"TSStatic","persistentId":"ee42015e-769d-46c1-a89d-60c40cf5d9a4","__parent":"SimGroup_","position":[-403.720673,-23.5661163,393.172974],"allowPlayerStep":"1","isRenderEnabled":false,"mode":"Ignore","rotationMatrix":[0.565542817,-0.824718893,0,0.824718893,0.565542817,0,0,0,1],"shapeName":"/levels/art/ind_platform_10x5_tilt.dae"}
{"class":"TSStatic","persistentId":"f76a421c-6268-43af-afe5-6bb939ce0188","__parent":"SimGroup_","position":[-414.581665,-0.243568182,396.111298],"allowPlayerStep":"1","isRenderEnabled":false,"mode":"Ignore","rotationMatrix":[0.827021837,0.562169731,0,-0.562169731,0.827021837,0,0,0,0.999999881],"shapeName":"/levels/art/ind_jumpramp_large.dae"}
{"class":"TSStatic","persistentId":"f809776e-d626-4f07-9b38-008bf2f0f41a","__parent":"SimGroup_","position":[-370.310669,-15.5761261,399.202972],"allowPlayerStep":"1","isRenderEnabled":false,"mode":"Ignore","rotationMatrix":[0.824690223,0.565584719,0,-0.565584719,0.824690223,0,0,0,1],"shapeName":"/levels/art/ind_platform_10x10.dae"}
{"class":"TSStatic","persistentId":"fc159f9d-3886-4312-a23c-47fed77b91aa","__parent":"SimGroup_","position":[-386.810883,8.81738091,399.206879],"allowPlayerStep":"1","isRenderEnabled":false,"mode":"Ignore","rotationMatrix":[-0.558179438,0.82972008,0,-0.82972008,-0.558179438,0,0,0,0.999999881],"shapeName":"/levels/art/ind_platform_10x5.dae"}
