{"name":"outOfBoundTrigger","class":"BeamNGTrigger","persistentId":"cc107bde-ba15-4bee-adf0-6ededbcd5a92","__parent":"SimGroup_","position":[197.167084,430.219147,382.107117],"luaFunction":"onSumoTrigger","scale":[700,700,50],"triggerMode":"Overlaps","triggerTestType":"Bounding box"}
{"name":"SimGroup_","class":"SimGroup","persistentId":"0946def1-6eff-4fa0-b2c5-e87b327e0334","groupPosition":"0 0 0"}
{"class":"TSStatic","persistentId":"0796a2c9-d2cd-40cd-ac2e-6dd8e648a93c","__parent":"SimGroup_","position":[138.333542,378.823059,414.421234],"allowPlayerStep":"1","isRenderEnabled":false,"mode":"Ignore","rotationMatrix":[-0.569609761,0.821915329,0,-0.821915329,-0.569609761,0,0,0,1],"scale":[4,5,2],"shapeName":"/levels/art/ind_jumpramp_large.dae"}
{"name":"target16","class":"TSStatic","persistentId":"3e8bb07d-251e-4bc9-9b5e-6ff4a8b93619","__parent":"SimGroup_","position":[203.519562,423.501465,408.654846],"collisionType":"Visible Mesh Final","decalType":"Visible Mesh Final","isRenderEnabled":false,"mode":"Ignore","rotationMatrix":[-0.00957965851,-0.999954045,-8.73114914e-11,0.999953806,-0.00957965851,-0.000690534129,0.000690502464,-6.61521335e-06,0.999999762],"scale":[5,5,2],"shapeName":"/levels/art/target.dae"}
{"name":"target2","class":"TSStatic","persistentId":"7602846c-9ac3-465a-8899-6d4a416080de","__parent":"SimGroup_","position":[107.304596,357.421356,426.423279],"collisionType":"Visible Mesh Final","decalType":"Visible Mesh Final","isRenderEnabled":false,"mode":"Ignore","rotationMatrix":[-0.00957965851,-0.999954045,-8.73114914e-11,0.999953806,-0.00957965851,-0.000690534129,0.000690502464,-6.61521335e-06,0.999999762],"scale":[2.5,2.5,2],"shapeName":"/levels/art/target.dae"}
{"name":"target5","class":"TSStatic","persistentId":"8b55d2fc-b7e2-42dd-ab33-1b836f5c7245","__parent":"SimGroup_","position":[317.848206,402.674011,426.36969],"collisionType":"Visible Mesh Final","decalType":"Visible Mesh Final","isRenderEnabled":false,"mode":"Ignore","rotationMatrix":[-0.00957965851,-0.999954045,-8.73114914e-11,0.999953806,-0.00957965851,-0.000690534129,0.000690502464,-6.61521335e-06,0.999999762],"scale":[2.5,2.5,2],"shapeName":"/levels/art/target.dae"}
{"name":"target1","class":"TSStatic","persistentId":"8e81b5ac-b45f-4a7e-b31a-1cc14fe21c3a","__parent":"SimGroup_","position":[93.139679,442.675232,426.433594],"collisionType":"Visible Mesh Final","decalType":"Visible Mesh Final","isRenderEnabled":false,"mode":"Ignore","rotationMatrix":[-0.00957965851,-0.999954045,-8.73114914e-11,0.999953806,-0.00957965851,-0.000690534129,0.000690502464,-6.61521335e-06,0.999999762],"scale":[2.5,2.5,2],"shapeName":"/levels/art/target.dae"}
{"class":"TSStatic","persistentId":"91ae150b-5fbe-47cb-b75c-83a33d41a692","__parent":"SimGroup_","position":[129.72171,436.785767,414.421234],"allowPlayerStep":"1","isRenderEnabled":false,"mode":"Ignore","rotationMatrix":[0.17840746,0.983956635,0,-0.983956635,0.17840746,0,0,0,0.999999881],"scale":[4,5,2],"shapeName":"/levels/art/ind_jumpramp_large.dae"}
{"class":"TSStatic","persistentId":"9bcb2286-5808-4d4b-8b73-718645df945e","__parent":"SimGroup_","position":[248.05513,358.35199,414.421234],"allowPlayerStep":"1","isRenderEnabled":false,"mode":"Ignore","rotationMatrix":[-0.821915209,-0.569609523,0,0.569609523,-0.821915209,0,0,0,0.999999881],"scale":[4,5,2],"shapeName":"/levels/art/ind_jumpramp_large.dae"}
{"class":"TSStatic","persistentId":"b60ec6e5-4757-4ccf-bd7d-cc3a73ffb175","__parent":"SimGroup_","position":[189.48735,347.862549,414.421234],"allowPlayerStep":"1","isRenderEnabled":false,"mode":"Ignore","rotationMatrix":[-0.983956635,0.178407133,0,-0.178407133,-0.983956635,0,0,0,0.999999881],"scale":[4,5,2],"shapeName":"/levels/art/ind_jumpramp_large.dae"}
{"name":"target8","class":"TSStatic","persistentId":"bec475a2-6318-4318-bbae-7356c530b827","__parent":"SimGroup_","position":[138.818466,515.806152,426.371002],"collisionType":"Visible Mesh Final","decalType":"Visible Mesh Final","isRenderEnabled":false,"mode":"Ignore","rotationMatrix":[-0.00957965851,-0.999954045,-8.73114914e-11,0.999953806,-0.00957965851,-0.000690534129,0.000690502464,-6.61521335e-06,0.999999762],"scale":[2.5,2.5,2],"shapeName":"/levels/art/target.dae"}
{"class":"TSStatic","persistentId":"c2017888-fbad-4696-9e1c-9fb162256000","__parent":"SimGroup_","position":[216.908173,499.094269,414.421234],"allowPlayerStep":"1","isRenderEnabled":false,"mode":"Ignore","rotationMatrix":[0.983956635,-0.17840758,0,0.17840758,0.983956635,0,0,0,0.999999881],"scale":[4,5,2],"shapeName":"/levels/art/ind_jumpramp_large.dae"}
{"class":"TSStatic","persistentId":"c20f8c49-5846-476c-b995-3a07625603ee","__parent":"SimGroup_","position":[160.271637,486.096588,414.421234],"allowPlayerStep":"1","isRenderEnabled":false,"mode":"Ignore","rotationMatrix":[0.821915448,0.569609523,0,-0.569609523,0.821915448,0,0,0,0.999999881],"scale":[4,5,2],"shapeName":"/levels/art/ind_jumpramp_large.dae"}
{"name":"target3","class":"TSStatic","persistentId":"c9aff448-2f7a-4b61-9b15-4352bc49238c","__parent":"SimGroup_","position":[182.879395,311.026733,426.370789],"collisionType":"Visible Mesh Final","decalType":"Visible Mesh Final","isRenderEnabled":false,"mode":"Ignore","rotationMatrix":[-0.00957965851,-0.999954045,-8.73114914e-11,0.999953806,-0.00957965851,-0.000690534129,0.000690502464,-6.61521335e-06,0.999999762],"scale":[2.5,2.5,2],"shapeName":"/levels/art/target.dae"}
{"class":"TSStatic","persistentId":"ca9be0c4-0dbd-4843-aaf5-c8bab148f1ad","__parent":"SimGroup_","position":[268.390411,468.486633,414.421234],"allowPlayerStep":"1","isRenderEnabled":false,"mode":"Ignore","rotationMatrix":[0.569609404,-0.821915507,0,0.821915507,0.569609404,0,0,0,0.999999881],"scale":[4,5,2],"shapeName":"/levels/art/ind_jumpramp_large.dae"}
{"name":"target6","class":"TSStatic","persistentId":"ce9235bd-713a-4a27-a40d-5c701523399a","__parent":"SimGroup_","position":[298.266876,490.53894,426.383789],"collisionType":"Visible Mesh Final","decalType":"Visible Mesh Final","isRenderEnabled":false,"mode":"Ignore","rotationMatrix":[-0.00957965851,-0.999954045,-8.73114914e-11,0.999953806,-0.00957965851,-0.000690534129,0.000690502464,-6.61521335e-06,0.999999762],"scale":[2.5,2.5,2],"shapeName":"/levels/art/target.dae"}
{"class":"TSStatic","persistentId":"d4b17198-e801-4bcb-8c6a-5ad616a65486","__parent":"SimGroup_","position":[281.105225,409.337433,414.421234],"allowPlayerStep":"1","isRenderEnabled":false,"mode":"Ignore","rotationMatrix":[-0.178407133,-0.983956635,0,0.983956635,-0.178407133,0,0,0,0.999999881],"scale":[4,5,2],"shapeName":"/levels/art/ind_jumpramp_large.dae"}
{"name":"target7","class":"TSStatic","persistentId":"e3477426-78d2-4a89-a98e-2d984ca87851","__parent":"SimGroup_","position":[223.962662,535.593628,426.38324],"collisionType":"Visible Mesh Final","decalType":"Visible Mesh Final","isRenderEnabled":false,"mode":"Ignore","rotationMatrix":[-0.00957965851,-0.999954045,-8.73114914e-11,0.999953806,-0.00957965851,-0.000690534129,0.000690502464,-6.61521335e-06,0.999999762],"scale":[2.5,2.5,2],"shapeName":"/levels/art/target.dae"}
{"name":"target4","class":"TSStatic","persistentId":"f259c653-1610-4afb-8f80-d979a04a9dd0","__parent":"SimGroup_","position":[269.381348,327.777802,426.37146],"collisionType":"Visible Mesh Final","decalType":"Visible Mesh Final","isRenderEnabled":false,"mode":"Ignore","rotationMatrix":[-0.00957965851,-0.999954045,-8.73114914e-11,0.999953806,-0.00957965851,-0.000690534129,0.000690502464,-6.61521335e-06,0.999999762],"scale":[2.5,2.5,2],"shapeName":"/levels/art/target.dae"}
