{
  "sumo_m_concrete_plain": {
    "name": "sumo_m_concrete_plain",
    "mapTo": "sumo_m_concrete_plain",
    "class": "Material",
    "persistentId": "40319074-87c9-4ffc-9d47-cf86d428ea3e",
    "Stages": [
      {
        "ambientOcclusionMap": "/art/SumoMaterials/t_concrete_plain_ao.data.png",
        "baseColorFactor": [
          0.992156923,
          0.992156923,
          0.992156923,
          1
        ],
        "baseColorMap": "/art/SumoMaterials/t_concrete_plain_b.color.png",
        "detailMap": "/art/SumoMaterials/t_macro_asphalt_b.png",
        "detailNormalMap": "/art/SumoMaterials/t_macro_asphalt_nm.png",
        "detailNormalMapStrength": 0.209999993,
        "detailScale": [
          0.100000001,
          0.100000001
        ],
        "diffuseMapUseUV": null,
        "normalMap": "/art/SumoMaterials/t_concrete_plain_nm.normal.png",
        "opacityMapUseUV": null,
        "pixelSpecular": true,
        "roughnessFactor": 0.607767701,
        "roughnessMap": "/art/SumoMaterials/t_concrete_plain_r.data.png",
        "specular": [
          0.517175972,
          0.517170012,
          0.517170012,
          1
        ],
        "vertColor": true
      },
      {
        "baseColorFactor": null,
        "baseColorMap": "/art/SumoMaterials/t_breakup_general_b.color.png",
        "detailNormalMapStrength": null,
        "detailScale": null,
        "diffuseMapUseUV": 1,
        "opacityMap": "/art/SumoMaterials/t_breakup_general_o.data.png",
        "opacityMapUseUV": 1,
        "pixelSpecular": null,
        "roughnessFactor": 0.699999988,
        "specular": null,
        "vertColor": true
      },
      {
        "baseColorFactor": null,
        "detailNormalMapStrength": null,
        "detailScale": null,
        "diffuseMapUseUV": null,
        "opacityMapUseUV": null,
        "pixelSpecular": null,
        "roughnessFactor": null,
        "specular": null,
        "vertColor": null
      },
      {
        "baseColorFactor": null,
        "detailNormalMapStrength": null,
        "detailScale": null,
        "diffuseMapUseUV": null,
        "opacityMapUseUV": null,
        "pixelSpecular": null,
        "roughnessFactor": null,
        "specular": null,
        "vertColor": null
      }
    ],
    "activeLayers": 2,
    "alphaRef": 0,
    "annotation": "BUILDINGS",
    "groundType": "CONCRETE",
    "materialTag0": "beamng",
    "materialTag1": "building",
    "materialTag2": "concrete",
    "specularStrength0": "0.490196",
    "translucentBlendOp": "None",
    "version": 1.5
  },
  "Concrete_Road_Barrier_a": {
    "name": "Concrete_Road_Barrier_a",
    "mapTo": "concrete_road_barrier_a",
    "class": "Material",
    "persistentId": "47828424-0366-4d7e-ad5f-c5ebb9196acc",
    "Stages": [
      {
        "colorMap": "concrete_road_barrier_a_d.dds",
        "diffuseColor": [
          0.992156982,
          0.992156982,
          0.992156982,
          1
        ],
        "normalMap": "concrete_road_barrier_a_n.dds",
        "specularMap": "concrete_road_barrier_a_s.dds",
        "specularPower": 1
      },
      {},
      {},
      {}
    ],
    "groundType": "ASPHALT_OLD",
    "materialTag0": "beamng",
    "materialTag1": "Industrial"
  },
  "concrete_bridge_01a": {
    "name": "concrete_bridge_01a",
    "mapTo": "concrete_bridge_01a",
    "class": "Material",
    "persistentId": "c6e10580-1553-4a1a-a45c-e65a18a55390",
    "Stages": [
      {
        "colorMap": "concrete_bridge_01a_d.dds",
        "diffuseColor": [
          0.800000012,
          0.800000012,
          0.800000012,
          1
        ],
        "normalMap": "concrete_bridge_01a_n.dds",
        "pixelSpecular": true,
        "specular": [
          0.400000006,
          0.400000006,
          0.400000006,
          1
        ],
        "specularMap": "concrete_bridge_01a_s.dds",
        "specularPower": 4,
        "useAnisotropic": true
      },
      {},
      {},
      {}
    ],
    "groundType": "ASPHALT_OLD",
    "materialTag0": "beamng",
    "materialTag1": "Utah"
  },
  "flag_usa_loose": {
    "name": "flag_usa_loose",
    "mapTo": "flag_usa_loose",
    "class": "Material",
    "persistentId": "ae3b2a86-1776-4cc9-b15f-74223d4c910c",
    "Stages": [
      {
        "colorMap": "/levels/utah/art/shapes/misc/flag_usa_loose_d.dds",
        "normalMap": "/levels/utah/art/shapes/misc/flag_usa_loose_n.dds",
        "pixelSpecular": true,
        "specularMap": "/levels/utah/art/shapes/misc/flag_usa_loose_s.dds",
        "useAnisotropic": true
      },
      {},
      {},
      {}
    ],
    "doubleSided": true,
    "groundType": "PLASTIC",
    "materialTag0": "beamng",
    "materialTag1": "Utah"
  },
  "garbage": {
    "name": "garbage",
    "mapTo": "garbage",
    "class": "Material",
    "persistentId": "db60ad1c-9fe3-4306-a192-2da5dd51d16e",
    "Stages": [
      {
        "colorMap": "/levels/utah/art/shapes/misc/garbage_d.dds",
        "normalMap": "/levels/utah/art/shapes/misc/garbage_n.dds",
        "pixelSpecular": true,
        "specularMap": "/levels/utah/art/shapes/misc/garbage_s.dds",
        "useAnisotropic": true
      },
      {},
      {},
      {}
    ],
    "groundType": "PLASTIC",
    "materialTag0": "beamng",
    "materialTag1": "Utah"
  },
  "guardrail": {
    "name": "guardrail",
    "mapTo": "guardrail",
    "class": "Material",
    "persistentId": "0e3f97e9-15ee-4a0f-85eb-30bd6344788d",
    "Stages": [
      {
        "colorMap": "levels/Utah/art/shapes/misc/guardrail_d.dds",
        "normalMap": "/levels/Utah/art/shapes/misc/guardrail_n.normal.png",
        "pixelSpecular": true,
        "reflectivityMap": "levels/Utah/art/shapes/misc/guardrail_r.dds",
        "roughnessFactor": 0.607767701,
        "specularMap": "levels/Utah/art/shapes/misc/guardrail_s.dds",
        "useAnisotropic": true,
        "vertColor": true
      },
      {},
      {},
      {}
    ],
    "annotation": "GUARD_RAIL",
    "cubemap": "global_cubemap_metalblurred",
    "groundType": "METAL",
    "materialTag0": "beamng",
    "materialTag1": "vehicle",
    "translucent": true,
    "translucentBlendOp": "None"
  },
  "metal_canyonbridge_01a": {
    "name": "metal_canyonbridge_01a",
    "mapTo": "metal_canyonbridge_01a",
    "class": "Material",
    "persistentId": "043470a1-7623-4d6b-bcad-0dca6abd5aa1",
    "Stages": [
      {
        "colorMap": "metal_canyonbridge_01a_d.dds",
        "normalMap": "metal_canyonbridge_01a_n.dds",
        "pixelSpecular": true,
        "specularMap": "metal_canyonbridge_01a_s.dds",
        "useAnisotropic": true
      },
      {},
      {},
      {}
    ],
    "materialTag0": "beamng",
    "materialTag1": "Utah"
  },
  "metal_canyonbridge_01b": {
    "name": "metal_canyonbridge_01b",
    "mapTo": "metal_canyonbridge_01b",
    "class": "Material",
    "persistentId": "03dd1f53-3410-4a9d-835e-8fdabb6e4cc5",
    "Stages": [
      {
        "colorMap": "metal_canyonbridge_01b_d.dds",
        "normalMap": "metal_canyonbridge_01b_n.dds",
        "pixelSpecular": true,
        "specular": [
          0.5,
          0.5,
          0.5,
          1
        ],
        "specularMap": "metal_canyonbridge_01b_s.dds",
        "useAnisotropic": true
      },
      {},
      {},
      {}
    ],
    "groundType": "ASPHALT_OLD",
    "materialTag0": "beamng",
    "materialTag1": "Utah"
  },
  "poles": {
    "name": "poles",
    "mapTo": "poles",
    "class": "material",
    "persistentId": "261d46d2-585a-47a3-a84e-74c936c995bf",
    "Stages": [
      {
        "ambientOcclusionMap": "/levels/utah/art/shapes/trees/Juniper/t_juniper_bark_ao.data.png",
        "baseColorMap": "/levels/utah/art/shapes/trees/Juniper/t_juniper_bark_b.color.png",
        "normalMap": "/levels/utah/art/shapes/trees/Juniper/t_juniper_bark_nm.normal.png",
        "pixelSpecular": true,
        "roughnessMap": "/levels/utah/art/shapes/trees/Juniper/t_juniper_bark_r.data.png",
        "specular": [
          0.203921586,
          0.203921586,
          0.203921586,
          1
        ]
      },
      {},
      {},
      {}
    ],
    "alphaRef": 70,
    "alphaTest": true,
    "groundType": "WOOD",
    "materialTag0": "beamng",
    "materialTag1": "vegetation",
    "materialTag2": "utah",
    "materialTag3": "Natural",
    "version": 1.5
  },
  "terrain_dirt_rocky": {
    "name": "terrain_dirt_rocky",
    "mapTo": "terrain_dirt_rocky",
    "class": "Material",
    "persistentId": "3e507b2e-95b3-46c6-8496-432813b43156",
    "Stages": [
      {
        "ambientOcclusionMap": "/levels/Utah/art/shapes/misc/t_dirt_rocky_ao.data.png",
        "baseColorFactor": [
          0.996078491,
          0.996078491,
          0.996078491,
          1
        ],
        "baseColorMap": "/levels/Utah/art/shapes/misc/t_dirt_rocky_b.color.png",
        "detailNormalMap": "/levels/utah/art/shapes/misc/dirt_rocky_n_opgl.dds",
        "detailNormalMapStrength": 0.5,
        "detailScale": [
          3,
          3
        ],
        "normalMap": "/levels/Utah/art/shapes/misc/t_dirt_rocky_nm.normal.png",
        "pixelSpecular": true,
        "roughnessMap": "/levels/Utah/art/shapes/misc/t_dirt_rocky_r.data.png",
        "specular": [
          0.992156923,
          0.992156923,
          0.992156923,
          1
        ],
        "vertColor": true
      },
      {},
      {},
      {}
    ],
    "annotation": "STREET",
    "groundType": "DIRT_DUSTY",
    "materialTag0": "beamng",
    "materialTag1": "Utah",
    "version": 1.5
  },
  "terrain_dirt_rocky_large": {
    "name": "terrain_dirt_rocky_large",
    "mapTo": "terrain_dirt_rocky_large",
    "class": "Material",
    "persistentId": "31610c84-cf81-472a-8530-d5e918186826",
    "Stages": [
      {
        "ambientOcclusionMap": "/levels/Utah/art/shapes/misc/t_dirt_rocks_large_ao.data.png",
        "baseColorFactor": [
          0.996078491,
          0.996078491,
          0.996078491,
          1
        ],
        "baseColorMap": "/levels/Utah/art/shapes/misc/t_dirt_rocks_large_b.color.png",
        "detailNormalMap": "/levels/utah/art/shapes/misc/dirt_rocky_n_opgl.dds",
        "detailNormalMapStrength": 0.200000003,
        "detailScale": [
          3,
          3
        ],
        "normalMap": "/levels/Utah/art/shapes/misc/t_dirt_rocks_large_nm.normal.png",
        "pixelSpecular": true,
        "roughnessMap": "/levels/Utah/art/shapes/misc/t_dirt_rocks_large_r.data.png",
        "specular": [
          0.992156923,
          0.992156923,
          0.992156923,
          1
        ],
        "vertColor": true
      },
      {},
      {},
      {}
    ],
    "groundType": "DIRT_DUSTY",
    "materialTag0": "beamng",
    "materialTag1": "Utah",
    "version": 1.5
  },
  "ut_backdrop": {
    "name": "ut_backdrop",
    "mapTo": "ut_backdrop",
    "class": "Material",
    "persistentId": "6cc093dc-21c3-4418-8dc1-1a46a3987248",
    "Stages": [
      {
        "baseColorMap": "/levels/Utah/art/shapes/misc/t_ut_backdrop_b.color.png",
        "detailMap": "levels/Utah/art/shapes/misc/ut_backdrop_macro.dds",
        "detailNormalMap": "/levels/Utah/art/shapes/misc/dirt_rocky_n_opgl.dds",
        "detailNormalMapStrength": 0.5,
        "detailScale": [
          60,
          60
        ],
        "normalMap": "/levels/Utah/art/shapes/misc/t_ut_backdrop_nm.normal.png",
        "roughnessMap": "/levels/utah/art/shapes/misc/t_ut_backdrop_r.data.png"
      },
      {},
      {},
      {}
    ],
    "annotation": "NATURE",
    "groundType": "DIRT_DUSTY",
    "materialTag0": "beamng",
    "materialTag1": "building",
    "materialTag2": "east_coast_usa",
    "translucentBlendOp": "None",
    "version": 1.5
  }
}