{
  "sumo_m_concrete_plain": {
    "name": "sumo_m_concrete_plain",
    "mapTo": "sumo_m_concrete_plain",
    "class": "Material",
    "persistentId": "40319074-87c9-4ffc-9d47-cf86d428ea3e",
    "Stages": [
      {
        "ambientOcclusionMap": "/art/SumoMaterials/t_concrete_plain_ao.data.png",
        "baseColorFactor": [
          0.992156923,
          0.992156923,
          0.992156923,
          1
        ],
        "baseColorMap": "/art/SumoMaterials/t_concrete_plain_b.color.png",
        "detailMap": "/art/SumoMaterials/t_macro_asphalt_b.png",
        "detailNormalMap": "/art/SumoMaterials/t_macro_asphalt_nm.png",
        "detailNormalMapStrength": 0.209999993,
        "detailScale": [
          0.100000001,
          0.100000001
        ],
        "diffuseMapUseUV": null,
        "normalMap": "/art/SumoMaterials/t_concrete_plain_nm.normal.png",
        "opacityMapUseUV": null,
        "pixelSpecular": true,
        "roughnessFactor": 0.607767701,
        "roughnessMap": "/art/SumoMaterials/t_concrete_plain_r.data.png",
        "specular": [
          0.517175972,
          0.517170012,
          0.517170012,
          1
        ],
        "vertColor": true
      },
      {
        "baseColorFactor": null,
        "baseColorMap": "/art/SumoMaterials/t_breakup_general_b.color.png",
        "detailNormalMapStrength": null,
        "detailScale": null,
        "diffuseMapUseUV": 1,
        "opacityMap": "/art/SumoMaterials/t_breakup_general_o.data.png",
        "opacityMapUseUV": 1,
        "pixelSpecular": null,
        "roughnessFactor": 0.699999988,
        "specular": null,
        "vertColor": true
      },
      {
        "baseColorFactor": null,
        "detailNormalMapStrength": null,
        "detailScale": null,
        "diffuseMapUseUV": null,
        "opacityMapUseUV": null,
        "pixelSpecular": null,
        "roughnessFactor": null,
        "specular": null,
        "vertColor": null
      },
      {
        "baseColorFactor": null,
        "detailNormalMapStrength": null,
        "detailScale": null,
        "diffuseMapUseUV": null,
        "opacityMapUseUV": null,
        "pixelSpecular": null,
        "roughnessFactor": null,
        "specular": null,
        "vertColor": null
      }
    ],
    "activeLayers": 2,
    "alphaRef": 0,
    "annotation": "BUILDINGS",
    "groundType": "CONCRETE",
    "materialTag0": "beamng",
    "materialTag1": "building",
    "materialTag2": "concrete",
    "specularStrength0": "0.490196",
    "translucentBlendOp": "None",
    "version": 1.5
  },
  "Concrete_Road_Barrier_a": {
    "name": "Concrete_Road_Barrier_a",
    "mapTo": "concrete_road_barrier_a",
    "class": "Material",
    "persistentId": "402a68a7-a800-43d8-abdb-013ce897979f",
    "Stages": [
      {
        "colorMap": "concrete_road_barrier_a_d.dds",
        "diffuseColor": [
          0.992156982,
          0.992156982,
          0.992156982,
          1
        ],
        "normalMap": "concrete_road_barrier_a_n.dds",
        "specularMap": "concrete_road_barrier_a_s.dds",
        "specularPower": 1
      },
      {},
      {},
      {}
    ],
    "groundType": "SOFT_COLLISION_GENERAL",
    "materialTag0": "beamng",
    "materialTag1": "Industrial"
  },
  "a_asphalt_01_a": {
    "name": "a_asphalt_01_a",
    "mapTo": "asphalt_01_a",
    "class": "Material",
    "persistentId": "9818d383-c902-437d-b030-3107d274e96f",
    "Stages": [
      {
        "colorMap": "/levels/italy/art/shapes/misc/asphalt_01_a_d.dds",
        "diffuseColor": [
          0.803921998,
          0.803921998,
          0.803921998,
          1
        ],
        "specularMap": "/levels/italy/art/shapes/misc/asphalt_01_a_s.dds"
      },
      {},
      {},
      {}
    ],
    "doubleSided": true,
    "groundType": "ASPHALT_OLD",
    "materialTag0": "beamng",
    "materialTag1": "RoadAndPath",
    "translucentBlendOp": "None"
  },
  "clouds_test": {
    "name": "clouds_test",
    "mapTo": "clouds_test",
    "class": "Material",
    "persistentId": "18b7cd37-9378-4232-b47d-d8f91150bee0",
    "Stages": [
      {
        "animFlags": 1,
        "colorMap": "levels/italy/art/shapes/misc/clouds_d.dds",
        "diffuseColor": [
          0.9882353544235228,
          0.9882353544235228,
          0.9882353544235228,
          1
        ],
        "emissive": true,
        "minnaertConstant": -2,
        "scrollDir": [
          0.00999999978,
          0
        ],
        "scrollSpeed": 0.00999999978,
        "specularPower": 1,
        "subSurfaceColor": [
          1,
          0.823529005,
          0,
          1
        ],
        "subSurfaceRolloff": 5,
        "useAnisotropic": true
      },
      {},
      {},
      {}
    ],
    "alphaRef": 50,
    "castShadows": false,
    "materialTag0": "beamng",
    "materialTag1": "vegetation",
    "materialTag2": "Natural",
    "materialTag3": "Natural",
    "translucent": true
  },
  "concrete_bridge_01a": {
    "name": "concrete_bridge_01a",
    "mapTo": "concrete_bridge_01a",
    "class": "Material",
    "persistentId": "fed778d4-9898-45ed-a02a-f70695e682d2",
    "Stages": [
      {
        "colorMap": "concrete_bridge_01a_d.dds",
        "diffuseColor": [
          0.800000012,
          0.800000012,
          0.800000012,
          1
        ],
        "normalMap": "concrete_bridge_01a_n.dds",
        "pixelSpecular": true,
        "specular": [
          0.400000006,
          0.400000006,
          0.400000006,
          1
        ],
        "specularMap": "concrete_bridge_01a_s.dds",
        "specularPower": 4,
        "useAnisotropic": true
      },
      {},
      {},
      {}
    ],
    "groundType": "ASPHALT_OLD",
    "materialTag0": "beamng",
    "materialTag1": "Industrial"
  },
  "containers_01_a": {
    "name": "containers_01_a",
    "mapTo": "containers_01_a",
    "class": "Material",
    "persistentId": "a39a7133-1181-4c07-8b4b-cf3a44cf0a4b",
    "Stages": [
      {
        "colorMap": "/levels/italy/art/shapes/misc/containers_01_a_d.dds",
        "diffuseColor": [
          0.996078014,
          0.992156982,
          0.992156982,
          1
        ],
        "normalMap": "/levels/italy/art/shapes/misc/containers_01_a_n.dds",
        "specularMap": "/levels/italy/art/shapes/misc/containers_01_a_s.dds",
        "useAnisotropic": true
      },
      {},
      {},
      {}
    ],
    "groundType": "METAL",
    "order_simset": -1082130432,
    "translucentBlendOp": "None"
  },
  "italy_backdrop": {
    "name": "italy_backdrop",
    "mapTo": "italy_backdrop",
    "class": "Material",
    "persistentId": "68918536-c3ac-4f17-87a4-bfe3f1bff96c",
    "Stages": [
      {
        "detailMap": "levels/italy/art/terrains/Macro_generic.dds",
        "detailNormalMap": "levels/italy/art/terrains/Rock-05-N2.dds",
        "detailNormalMapStrength": 0.699999988,
        "detailScale": [
          15,
          15
        ],
        "diffuseColor": [
          0.662745118,
          0.623529434,
          0.552941203,
          1
        ],
        "normalMap": "levels/italy/art/shapes/misc/italy_backdrop_n.dds",
        "pixelSpecular": true,
        "useAnisotropic": true,
        "vertColor": true
      },
      {
        "colorMap": "levels/italy/art/shapes/misc/italy_backdrop_d.dds"
      },
      {},
      {}
    ],
    "doubleSided": true,
    "groundType": "GRAVEL",
    "materialTag0": "beamng",
    "materialTag1": "italy",
    "translucentBlendOp": "None"
  },
  "misc_markings_01": {
    "name": "misc_markings_01",
    "mapTo": "misc_markings_01",
    "class": "Material",
    "persistentId": "ffaf6d81-70be-4aac-a48b-8e5f9e4a9f33",
    "Stages": [
      {
        "colorMap": "misc_markings.dds",
        "diffuseColor": [
          0.9960780143737792,
          0.9960780143737792,
          0.9960780143737792,
          1
        ],
        "pixelSpecular": true,
        "specular": [
          0.5,
          0.5,
          0.5,
          1
        ],
        "specularPower": 1
      },
      {},
      {},
      {}
    ],
    "alphaRef": 40,
    "alphaTest": true,
    "castShadows": false,
    "doubleSided": true,
    "groundType": "ASPHALT_OLD",
    "materialTag0": "beamng",
    "materialTag1": "Industrial",
    "translucentZWrite": true
  },
  "parkinglot_01_a_terrain_rockydirt": {
    "name": "parkinglot_01_a_terrain_rockydirt",
    "mapTo": "terrain_rockydirt",
    "class": "Material",
    "persistentId": "a10f8273-b4ab-4a23-a4d2-56bfd2048cf9",
    "Stages": [
      {
        "colorMap": "levels/italy/art/terrains/RockyDirt-01-D.dds",
        "diffuseColor": [
          0.835294008,
          0.807843029,
          0.800000012,
          1
        ],
        "normalMap": "levels/italy/art/terrains/RockyDirt-01-N.dds",
        "specularMap": "levels/italy/art/terrains/RockyDirt-01-S.dds"
      },
      {},
      {},
      {}
    ],
    "doubleSided": true,
    "groundType": "GRAVEL",
    "translucentBlendOp": "None"
  },
  "port_objects": {
    "name": "port_objects",
    "mapTo": "port_objects",
    "class": "Material",
    "persistentId": "5fced0fa-e0fb-41eb-a2cc-cbd904d5eb8e",
    "Stages": [
      {
        "colorMap": "levels/italy/art/shapes/misc/port_objects_d.dds",
        "normalMap": "levels/italy/art/shapes/misc/port_objects_n.dds",
        "pixelSpecular": true,
        "reflectivityMap": "levels/italy/art/shapes/misc/port_objects_r.dds",
        "specularMap": "levels/italy/art/shapes/misc/port_objects_s.dds",
        "specularPower": 19,
        "useAnisotropic": true
      },
      {},
      {},
      {}
    ],
    "alphaRef": 0,
    "annotation": "OBSTACLES",
    "cubemap": "global_cubemap_metalblurred",
    "groundType": "METAL",
    "materialTag0": "beamng",
    "translucentBlendOp": "None"
  },
  "river_white_water": {
    "name": "river_white_water",
    "mapTo": "river_white_water",
    "class": "Material",
    "persistentId": "3f8d3ccc-2607-46cd-bbf5-1bb1e89bc48f",
    "Stages": [
      {
        "animFlags": 1,
        "colorMap": "levels/italy/art/water/river_white_water_d.dds",
        "diffuseColor": [
          0.992156982,
          0.992156982,
          0.992156982,
          1
        ],
        "normalMap": "levels/italy/art/water/ripple3.dds",
        "pixelSpecular": true,
        "scrollDir": [
          0.00999999978,
          -0.1700000017881393
        ],
        "scrollSpeed": 1.881999969482422,
        "specularPower": 79,
        "useAnisotropic": true
      },
      {
        "animFlags": 9,
        "colorMap": "levels/italy/art/water/river_white_water_d.dds",
        "diffuseColor": [
          0.9882353544235228,
          0.9882353544235228,
          0.9882353544235228,
          0.711000025
        ],
        "normalMap": "levels/italy/art/water/ripple3.dds",
        "pixelSpecular": true,
        "scrollDir": [
          0.00999999978,
          -0.340000004
        ],
        "scrollSpeed": 1.294000029563904,
        "useAnisotropic": true,
        "vertColor": true
      },
      {},
      {}
    ],
    "alphaRef": 0,
    "castShadows": false,
    "doubleSided": true,
    "materialTag0": "beamng",
    "materialTag1": "water",
    "translucent": true
  },
  "speedbump_01a": {
    "name": "speedbump_01a",
    "mapTo": "speedbump_01a",
    "class": "Material",
    "persistentId": "b52ae656-7d42-451b-b75c-422477b8bd5a",
    "Stages": [
      {
        "colorMap": "speedbump_01a_d.dds",
        "normalMap": "speedbump_01a_n.dds",
        "pixelSpecular": true,
        "specularMap": "speedbump_01a_s.dds",
        "specularPower": 3,
        "useAnisotropic": true
      },
      {},
      {},
      {}
    ],
    "groundType": "SOFT_COLLISION_GENERAL",
    "materialTag0": "beamng",
    "materialTag1": "Industrial"
  },
  "terrain_grass2": {
    "name": "terrain_grass2",
    "mapTo": "terrain_grass2",
    "class": "Material",
    "persistentId": "4e953338-5bc7-40b6-ba86-4cf78a7161aa",
    "Stages": [
      {
        "colorMap": "levels/italy/art/terrains/Grass-02-D.dds",
        "diffuseColor": [
          0.87450999,
          0.854902029,
          0.639216006,
          1
        ],
        "normalMap": "levels/italy/art/terrains/Grass-02-N.dds"
      },
      {},
      {},
      {}
    ],
    "doubleSided": true,
    "groundType": "GRASS",
    "materialTag0": "beamng",
    "materialTag1": "Natural",
    "translucentBlendOp": "None"
  },
  "terrain_gravel": {
    "name": "terrain_gravel",
    "mapTo": "terrain_gravel",
    "class": "Material",
    "persistentId": "3af42fdb-86ed-4086-b158-11d40ebab670",
    "Stages": [
      {
        "diffuseColor": [
          0.662745118,
          0.623529434,
          0.552941203,
          1
        ],
        "normalMap": "levels/italy/art/terrains/terrain_gravel_n.dds",
        "useAnisotropic": true
      },
      {},
      {},
      {}
    ],
    "doubleSided": true,
    "groundType": "GRAVEL",
    "translucentBlendOp": "None"
  }
}