{
  "version":0.1,
  "apps":[
    {
      "appName":"sumo",
      "placement":{
        "left":"0px",
        "height": "100%",
        "bottom": "0px",
        "width": "100%"
      }
    },
    {
      "appName":"forcedInduction",
      "placement":{
        "width":"150px",
        "bottom":"320px",
        "height":"150px",
        "right":"20px"
      },
      "settings":{
        "noCockpit":true
      }
    },
    {
      "appName":"keyList",
      "placement":{
        "width":"355px",
        "height":"500px",
        "right":"0px",
        "top":"0px"
      }
    },
    {
      "appName":"simplePowertrainControl",
      "placement":{
        "bottom":"0px",
        "height":"170px",
        "position":"absolute",
        "right":"260px",
        "width":"230px"
      },
      "settings":{
        "noCockpit":true
      }
    },
    {
      "appName":"damageApp",
      "placement":{
        "bottom":"0px",
        "height":"300px",
        "left":"0px",
        "position":"absolute",
        "right":"",
        "top":"",
        "width":"168.75px"
      }
    },
    {
      "appName":"tacho2",
      "placement":{
        "width":"300px",
        "bottom":"5px",
        "height":"300px",
        "right":"5px"
      },
      "settings":{
        "noCockpit":true
      }
    },
    {
      "appName":"messages",
      "placement":{
        "bottom":"",
        "height":"450px",
        "left":"0px",
        "position":"absolute",
        "right":"",
        "top":"0px",
        "width":"470px"
      }
    },
	    {
      "appName":"multiplayerchat",
      "placement":{
        "width":"550px",
        "bottom":"0px",
        "height":"170px",
        "left":"180px"
      }
    },
    {
      "appName":"multiplayerplayerlist",
      "placement":{
        "height":"527px",
        "min-width":"240px",
        "right":"0px",
        "top":"90px",
        "width":"auto"
      }
    },
    {
      "appName":"multiplayersession",
      "placement":{
        "bottom":"",
        "height":"40px",
        "left":0,
        "margin":"auto",
        "position":"absolute",
        "right":0,
        "top":"0px",
        "width":"700px"
      }
    }
  ],
  "title":"Sumo",
  "type":"sumo"
}
