{
  "sumo_m_concrete_plain": {
    "name": "sumo_m_concrete_plain",
    "mapTo": "sumo_m_concrete_plain",
    "class": "Material",
    "persistentId": "40319074-87c9-4ffc-9d47-cf86d428ea3e",
    "Stages": [
      {
        "ambientOcclusionMap": "/art/SumoMaterials/t_concrete_plain_ao.data.png",
        "baseColorFactor": [
          0.992156923,
          0.992156923,
          0.992156923,
          1
        ],
        "baseColorMap": "/art/SumoMaterials/t_concrete_plain_b.color.png",
        "detailMap": "/art/SumoMaterials/t_macro_asphalt_b.png",
        "detailNormalMap": "/art/SumoMaterials/t_macro_asphalt_nm.png",
        "detailNormalMapStrength": 0.209999993,
        "detailScale": [
          0.100000001,
          0.100000001
        ],
        "diffuseMapUseUV": null,
        "normalMap": "/art/SumoMaterials/t_concrete_plain_nm.normal.png",
        "opacityMapUseUV": null,
        "pixelSpecular": true,
        "roughnessFactor": 0.607767701,
        "roughnessMap": "/art/SumoMaterials/t_concrete_plain_r.data.png",
        "specular": [
          0.517175972,
          0.517170012,
          0.517170012,
          1
        ],
        "vertColor": true
      },
      {
        "baseColorFactor": null,
        "baseColorMap": "/art/SumoMaterials/t_breakup_general_b.color.png",
        "detailNormalMapStrength": null,
        "detailScale": null,
        "diffuseMapUseUV": 1,
        "opacityMap": "/art/SumoMaterials/t_breakup_general_o.data.png",
        "opacityMapUseUV": 1,
        "pixelSpecular": null,
        "roughnessFactor": 0.699999988,
        "specular": null,
        "vertColor": true
      },
      {
        "baseColorFactor": null,
        "detailNormalMapStrength": null,
        "detailScale": null,
        "diffuseMapUseUV": null,
        "opacityMapUseUV": null,
        "pixelSpecular": null,
        "roughnessFactor": null,
        "specular": null,
        "vertColor": null
      },
      {
        "baseColorFactor": null,
        "detailNormalMapStrength": null,
        "detailScale": null,
        "diffuseMapUseUV": null,
        "opacityMapUseUV": null,
        "pixelSpecular": null,
        "roughnessFactor": null,
        "specular": null,
        "vertColor": null
      }
    ],
    "activeLayers": 2,
    "alphaRef": 0,
    "annotation": "BUILDINGS",
    "groundType": "CONCRETE",
    "materialTag0": "beamng",
    "materialTag1": "building",
    "materialTag2": "concrete",
    "specularStrength0": "0.490196",
    "translucentBlendOp": "None",
    "version": 1.5
  },
  "GridMat": {
    "name": "GridMat",
    "mapTo": "GridMat",
    "class": "Material",
    "persistentId": "ff044d7d-b72d-491c-81fe-f44a646c4318",
    "Stages": [
      {
        "colorMap": "levels/GridMap/art/shapes/buildings/concrete-01_GM_d.dds",
        "detailMap": "levels/GridMap/art/shapes/buildings/concrete-01_Macro_d.dds",
        "detailScale": [
          0.1000000014901161,
          0.1000000014901161
        ],
        "diffuseColor": [
          0.7725489735603333,
          0.7725489735603333,
          0.7725489735603333,
          1
        ],
        "normalMap": "levels/GridMap/art/shapes/buildings/concrete-01_GM_n2.dds",
        "specularMap": "levels/GridMap/art/shapes/buildings/Concrete-01_s.dds",
        "specularPower": 1,
        "useAnisotropic": true
      },
      {},
      {},
      {}
    ],
    "materialTag0": "beamng",
    "materialTag1": "beamng",
    "materialTag2": "Industrial",
    "specularStrength0": "0.0980392"
  },
  "GridMat_alpha": {
    "name": "GridMat_alpha",
    "mapTo": "GridMat_alpha",
    "class": "Material",
    "persistentId": "9a3ae5cc-f806-430a-9745-6e56a09e10a9",
    "Stages": [
      {
        "colorMap": "levels/GridMap/art/shapes/misc/grid_10_b_d.dds",
        "specularPower": 1,
        "useAnisotropic": true
      },
      {},
      {},
      {}
    ],
    "alphaRef": 20,
    "alphaTest": true,
    "materialTag0": "beamng",
    "materialTag1": "beamng",
    "materialTag2": "Industrial"
  },
  "a_asphalt_01_a": {
    "name": "a_asphalt_01_a",
    "mapTo": "asphalt_01_a",
    "class": "Material",
    "persistentId": "1f3c0bc9-b6e7-463d-be6c-85467319875d",
    "Stages": [
      {
        "colorMap": "asphalt_01_a_d.dds",
        "diffuseColor": [
          0.8039219975471497,
          0.8039219975471497,
          0.8039219975471497,
          1
        ],
        "specularMap": "asphalt_01_a_s.dds",
        "specularPower": 1,
        "useAnisotropic": true
      },
      {},
      {},
      {}
    ],
    "doubleSided": true,
    "materialTag0": "beamng",
    "materialTag1": "RoadAndPath",
    "translucentBlendOp": "None"
  },
  "billboards_01_a_misc_billboard_news": {
    "name": "billboards_01_a_misc_billboard_news",
    "mapTo": "billboards_01_a_misc_billboard_news",
    "class": "Material",
    "persistentId": "13a341eb-f699-4d06-908f-1337cf1c76aa",
    "Stages": [
      {
        "animFlags": 1,
        "colorMap": "billboards_01b",
        "pixelSpecular": true,
        "scrollDir": [
          0.2070000022649765,
          0
        ],
        "scrollSpeed": 0.5879999995231628,
        "specular": [
          0.5,
          0.5,
          0.5,
          1
        ],
        "specularPower": 1
      },
      {},
      {},
      {}
    ],
    "doubleSided": true,
    "materialTag0": "Industrial",
    "materialTag1": "beamng",
    "materialTag2": "Miscellaneous",
    "materialTag3": "Natural",
    "translucentBlendOp": "None"
  },
  "billboards_01_a_misc_billboard_title": {
    "name": "billboards_01_a_misc_billboard_title",
    "mapTo": "billboards_01_a_misc_billboard_title",
    "class": "Material",
    "persistentId": "bd5a3d43-8f4c-4a04-9d18-95768702515b",
    "Stages": [
      {
        "colorMap": "levels/GridMap/art/shapes/misc/billboards_01b",
        "emissive": true,
        "pixelSpecular": true,
        "specular": [
          0.5,
          0.5,
          0.5,
          1
        ],
        "specularPower": 1,
        "useAnisotropic": true
      },
      {},
      {},
      {}
    ],
    "doubleSided": true,
    "materialTag0": "Industrial",
    "materialTag1": "beamng",
    "materialTag2": "Industrial",
    "translucentBlendOp": "None"
  },
  "concrete_bridge_01a": {
    "name": "concrete_bridge_01a",
    "mapTo": "concrete_bridge_01a",
    "class": "Material",
    "persistentId": "4d07f296-be19-4ac6-8100-1e750090d805",
    "Stages": [
      {
        "colorMap": "concrete_bridge_01a_d.dds",
        "diffuseColor": [
          0.800000011920929,
          0.800000011920929,
          0.800000011920929,
          1
        ],
        "normalMap": "concrete_bridge_01a_n.dds",
        "pixelSpecular": true,
        "specular": [
          0.4000000059604645,
          0.4000000059604645,
          0.4000000059604645,
          1
        ],
        "specularMap": "concrete_bridge_01a_s.dds",
        "specularPower": 4,
        "useAnisotropic": true
      },
      {},
      {},
      {}
    ],
    "materialTag0": "beamng",
    "materialTag1": "Industrial"
  },
  "container_01_a_containers_01_a": {
    "name": "container_01_a_containers_01_a",
    "mapTo": "containers_01_a",
    "class": "Material",
    "persistentId": "3bf671db-e3b6-41f9-9050-b739fc46c75e",
    "Stages": [
      {
        "colorMap": "containers_01_a_d.dds",
        "diffuseColor": [
          0.9960780143737793,
          0.992156982421875,
          0.992156982421875,
          1
        ],
        "normalMap": "containers_01_a_n.dds",
        "specularMap": "containers_01_a_s.dds"
      },
      {},
      {},
      {}
    ],
    "translucentBlendOp": "None"
  },
  "container_01_b_Material": {
    "name": "container_01_b_Material",
    "mapTo": "Material",
    "class": "Material",
    "persistentId": "b1fd27ea-8c1f-45cd-8297-13727f848c92",
    "Stages": [
      {
        "diffuseColor": [
          0.6399999856948853,
          0.6399999856948853,
          0.6399999856948853,
          1
        ]
      },
      {},
      {},
      {}
    ],
    "doubleSided": true,
    "translucentBlendOp": "None"
  },
  "glass_01": {
    "name": "glass_01",
    "mapTo": "glass_01",
    "class": "Material",
    "persistentId": "d0a769b7-ca2a-4af4-acc4-5351f94a91b0",
    "Stages": [
      {
        "colorMap": "levels/GridMap/art/shapes/misc/glass_01_d.dds",
        "diffuseColor": [
          0.992156982421875,
          0.992156982421875,
          0.992156982421875,
          1
        ],
        "pixelSpecular": true,
        "specularPower": 1,
        "useAnisotropic": true
      },
      {},
      {},
      {}
    ],
    "cubemap": "BNG_Sky_02_cubemap",
    "materialTag0": "beamng",
    "materialTag1": "building",
    "materialTag2": "east_coast_usa",
    "translucent": true
  },
  "gm_pipe_02_ColorEffectR27G177B88_material": {
    "name": "gm_pipe_02_ColorEffectR27G177B88_material",
    "mapTo": "ColorEffectR27G177B88-material",
    "class": "Material",
    "persistentId": "1f2117a9-3212-4cd1-8a29-2c53f17cc216",
    "Stages": [
      {
        "diffuseColor": [
          0.0856185033917427,
          0.5550979971885681,
          0.2773630023002625,
          1
        ],
        "specular": [
          0.5,
          0.5,
          0.5,
          1
        ],
        "specularPower": 50
      },
      {},
      {},
      {}
    ],
    "doubleSided": true,
    "translucentBlendOp": "None"
  },
  "gm_ramp_02_ColorEffectR27G177B88_material_001": {
    "name": "gm_ramp_02_ColorEffectR27G177B88_material_001",
    "mapTo": "ColorEffectR27G177B88-material_001",
    "class": "Material",
    "persistentId": "667137d7-52aa-4eca-8043-1f8f28e93570",
    "Stages": [
      {
        "diffuseColor": [
          0.06849479675292969,
          0.4440779983997345,
          0.22189100086689,
          1
        ],
        "specular": [
          0.25,
          0.25,
          0.25,
          1
        ],
        "specularPower": 50
      },
      {},
      {},
      {}
    ],
    "translucentBlendOp": "None"
  },
  "gm_ramp_02_GridMat_001": {
    "name": "gm_ramp_02_GridMat_001",
    "mapTo": "GridMat_001",
    "class": "Material",
    "persistentId": "ea372b95-6b9e-4841-b0bc-76d7fde7200d",
    "Stages": [
      {
        "diffuseColor": [
          0.5120000243186951,
          0.5120000243186951,
          0.5120000243186951,
          1
        ],
        "specular": [
          0.5,
          0.5,
          0.5,
          1
        ],
        "specularPower": 50
      },
      {},
      {},
      {}
    ],
    "translucentBlendOp": "None"
  },
  "metal_orange_plate_a": {
    "name": "metal_orange_plate_a",
    "mapTo": "metal_orange_plate_a",
    "class": "Material",
    "persistentId": "39f5a46f-f91d-49f9-8233-2a72f48ee4e9",
    "Stages": [
      {
        "colorMap": "metal_orange_plate_a_d.dds",
        "normalMap": "metal_orange_plate_a_n.dds",
        "specularMap": "metal_orange_plate_a_s.dds",
        "specularPower": 1,
        "useAnisotropic": true
      },
      {},
      {},
      {}
    ],
    "materialTag0": "beamng",
    "materialTag1": "beamng",
    "materialTag2": "Industrial"
  },
  "misc_billboard_images": {
    "name": "misc_billboard_images",
    "mapTo": "misc_billboard_images",
    "class": "Material",
    "persistentId": "6feeb26e-6130-4df3-963e-5e7aebb9afa2",
    "Stages": [
      {
        "colorMap": "billboards_01.dds",
        "detailScale": [
          10,
          10
        ],
        "pixelSpecular": true,
        "specularPower": 1,
        "useAnisotropic": true
      },
      {},
      {},
      {}
    ],
    "materialTag0": "beamng",
    "materialTag1": "beamng",
    "materialTag2": "Miscellaneous",
    "materialTag3": "Natural"
  },
  "misc_billboard_news": {
    "name": "misc_billboard_news",
    "mapTo": "misc_billboard_news",
    "class": "Material",
    "persistentId": "c765aefd-d7c1-4a00-9b88-0d3cc66c795b",
    "Stages": [
      {
        "colorMap": "billboards_01.dds",
        "detailScale": [
          10,
          10
        ],
        "emissive": true,
        "pixelSpecular": true,
        "specularPower": 1,
        "useAnisotropic": true
      },
      {},
      {},
      {}
    ],
    "materialTag0": "beamng",
    "materialTag1": "beamng",
    "materialTag2": "Miscellaneous",
    "materialTag3": "Natural"
  },
  "misc_billboard_title": {
    "name": "misc_billboard_title",
    "mapTo": "misc_billboard_title",
    "class": "Material",
    "persistentId": "d005e21c-f5f0-48a6-8478-b98df0052110",
    "Stages": [
      {
        "colorMap": "billboards_01.dds",
        "detailScale": [
          10,
          10
        ],
        "pixelSpecular": true,
        "specularPower": 1,
        "useAnisotropic": true
      },
      {},
      {},
      {}
    ],
    "materialTag0": "beamng",
    "materialTag1": "beamng",
    "materialTag2": "Miscellaneous",
    "materialTag3": "Natural"
  },
  "misc_markings_01": {
    "name": "misc_markings_01",
    "mapTo": "misc_markings_01",
    "class": "Material",
    "persistentId": "fe48d18d-d138-45e5-afa8-2e2a1dc7b4cd",
    "Stages": [
      {
        "colorMap": "misc_markings.dds",
        "diffuseColor": [
          0.9960780143737793,
          0.9960780143737793,
          0.9960780143737793,
          1
        ],
        "pixelSpecular": true,
        "specular": [
          0.5,
          0.5,
          0.5,
          1
        ],
        "specularPower": 1
      },
      {},
      {},
      {}
    ],
    "alphaRef": 40,
    "alphaTest": true,
    "castShadows": false,
    "doubleSided": true,
    "materialTag0": "beamng",
    "materialTag1": "Industrial",
    "translucentZWrite": true
  },
  "parkinglot_01_b_asphalt_01_a": {
    "name": "parkinglot_01_b_asphalt_01_a",
    "mapTo": "unmapped_mat",
    "class": "Material",
    "persistentId": "719368fa-9430-4265-8e6d-d97ddffc5f72",
    "Stages": [
      {
        "diffuseColor": [
          0.6399999856948853,
          0.6399999856948853,
          0.6399999856948853,
          1
        ]
      },
      {},
      {},
      {}
    ],
    "doubleSided": true,
    "materialTag0": "beamng",
    "materialTag1": "Industrial",
    "translucentBlendOp": "None"
  },
  "parkinglot_01_b_misc_markings_01": {
    "name": "parkinglot_01_b_misc_markings_01",
    "mapTo": "unmapped_mat",
    "class": "Material",
    "persistentId": "3b038611-7dc7-43d1-9b65-3f547b2fed41",
    "Stages": [
      {
        "diffuseColor": [
          0.6399999856948853,
          0.6399999856948853,
          0.6399999856948853,
          1
        ],
        "specular": [
          0.5,
          0.5,
          0.5,
          1
        ],
        "specularPower": 50
      },
      {},
      {},
      {}
    ],
    "doubleSided": true,
    "materialTag0": "beamng",
    "materialTag1": "RoadAndPath",
    "translucent": true
  },
  "parkinglot_01_b_terrain_rockydirt": {
    "name": "parkinglot_01_b_terrain_rockydirt",
    "mapTo": "unmapped_mat",
    "class": "Material",
    "persistentId": "56bb283b-994f-4c66-976f-7503b08877e5",
    "Stages": [
      {
        "diffuseColor": [
          0.6399999856948853,
          0.6399999856948853,
          0.6399999856948853,
          1
        ]
      },
      {},
      {},
      {}
    ],
    "doubleSided": true,
    "materialTag0": "beamng",
    "materialTag1": "Industrial",
    "translucentBlendOp": "None"
  },
  "speedbump_01a": {
    "name": "speedbump_01a",
    "mapTo": "speedbump_01a",
    "class": "Material",
    "persistentId": "f92f3ed3-fb5f-4917-9434-8efd3eb7de91",
    "Stages": [
      {
        "colorMap": "speedbump_01a_d.dds",
        "normalMap": "speedbump_01a_n.dds",
        "pixelSpecular": true,
        "specularMap": "speedbump_01a_s.dds",
        "specularPower": 3,
        "useAnisotropic": true
      },
      {},
      {},
      {}
    ],
    "materialTag0": "beamng",
    "materialTag1": "Industrial"
  },
  "terrain_grass2": {
    "name": "terrain_grass2",
    "mapTo": "terrain_grass2",
    "class": "Material",
    "persistentId": "2bbb0e65-482d-4018-8fc4-2bf60db7b37e",
    "Stages": [
      {
        "colorMap": "Grass-02-D.dds",
        "diffuseColor": [
          0.8745099902153015,
          0.8549020290374756,
          0.6392160058021545,
          1
        ],
        "normalMap": "Grass-02-N.dds"
      },
      {},
      {},
      {}
    ],
    "doubleSided": true,
    "materialTag0": "beamng",
    "materialTag1": "Natural",
    "translucentBlendOp": "None"
  },
  "terrain_rockydirt": {
    "name": "terrain_rockydirt",
    "mapTo": "terrain_rockydirt",
    "class": "Material",
    "persistentId": "294aabdd-1521-4f52-bbc8-4fca6c1d2887",
    "Stages": [
      {
        "colorMap": "RockyDirt-01-D.dds",
        "diffuseColor": [
          0.8352940082550049,
          0.807843029499054,
          0.800000011920929,
          1
        ],
        "normalMap": "RockyDirt-01-N.dds",
        "specularMap": "RockyDirt-01-S.dds"
      },
      {},
      {},
      {}
    ],
    "doubleSided": true,
    "materialTag0": "beamng",
    "materialTag1": "Natural",
    "translucentBlendOp": "None"
  }
}