{"name":"outOfBoundTrigger","class":"BeamNGTrigger","persistentId":"e51cfab6-789e-4905-a732-917b364557eb","__parent":"SimGroup_","position":[-109.765671,240.3479,365.275085],"luaFunction":"onSumoTrigger","scale":[400,400,50],"triggerMode":"Overlaps","triggerTestType":"Bounding box"}
{"name":"SimGroup_","class":"SimGroup","persistentId":"d6d59d17-24fe-4f0c-bedf-f446761706a4","groupPosition":"0 0 0"}
{"class":"TSStatic","persistentId":"278d30f8-526d-4238-bcc6-ee5bb5223977","__parent":"SimGroup_","position":[-84.572998,290.645996,402.131226],"instanceColor":[0.73760426,0.11037758,0.11037758,1],"instanceColor1":[0.246827006,0.112496778,0.112496778,1],"instanceColor2":[0,0,0,1],"isRenderEnabled":false,"rotationMatrix":[0.99999994,0,0,0,0.99999994,0,0,0,0.999999881],"scale":[6.25,25,1],"shapeName":"/art/buildingblock_concrete.dae","useInstanceRenderData":true}
{"class":"TSStatic","persistentId":"283fd01f-c47c-4c98-aa02-da139e3b422d","__parent":"SimGroup_","position":[-109.543999,265.713989,402.131226],"instanceColor":[0.73760426,0.11037758,0.11037758,1],"instanceColor1":[0.246827006,0.112496778,0.112496778,1],"instanceColor2":[0,0,0,1],"isRenderEnabled":false,"rotationMatrix":[0.99999994,0,0,0,0.99999994,0,0,0,0.999999881],"scale":[6.25,25,1],"shapeName":"/art/buildingblock_concrete.dae","useInstanceRenderData":true}
{"class":"TSStatic","persistentId":"44a54fdf-764e-4810-9885-7d4f51378dda","__parent":"SimGroup_","position":[-59.6020012,190.917786,402.131226],"instanceColor":[0.73760426,0.11037758,0.11037758,1],"instanceColor1":[0.246827006,0.112496778,0.112496778,1],"instanceColor2":[0,0,0,1],"isRenderEnabled":false,"rotationMatrix":[0.99999994,0,0,0,0.99999994,0,0,0,0.999999881],"scale":[6.25,25,1],"shapeName":"/art/buildingblock_concrete.dae","useInstanceRenderData":true}
{"class":"TSStatic","persistentId":"481f8ad4-214c-4da5-a85a-775bc0fc2069","__parent":"SimGroup_","position":[-59.6020012,240.781998,402.131226],"instanceColor":[0.73760426,0.11037758,0.11037758,1],"instanceColor1":[0.246827006,0.112496778,0.112496778,1],"instanceColor2":[0,0,0,1],"isRenderEnabled":false,"rotationMatrix":[0.99999994,0,0,0,0.99999994,0,0,0,0.999999881],"scale":[6.25,25,1],"shapeName":"/art/buildingblock_concrete.dae","useInstanceRenderData":true}
{"class":"TSStatic","persistentId":"73157be4-6913-49a6-9d9a-3fba7c0d654e","__parent":"SimGroup_","position":[-134.515213,290.645996,402.131226],"instanceColor":[0.73760426,0.11037758,0.11037758,1],"instanceColor1":[0.246827006,0.112496778,0.112496778,1],"instanceColor2":[0,0,0,1],"isRenderEnabled":false,"rotationMatrix":[0.99999994,0,0,0,0.99999994,0,0,0,0.999999881],"scale":[6.25,25,1],"shapeName":"/art/buildingblock_concrete.dae","useInstanceRenderData":true}
{"class":"TSStatic","persistentId":"749ce259-f7a6-4ab2-9235-d0a3fd071e08","__parent":"SimGroup_","position":[-134.515213,240.781998,402.131226],"instanceColor":[0.73760426,0.11037758,0.11037758,1],"instanceColor1":[0.246827006,0.112496778,0.112496778,1],"instanceColor2":[0,0,0,1],"isRenderEnabled":false,"rotationMatrix":[0.99999994,0,0,0,0.99999994,0,0,0,0.999999881],"scale":[6.25,25,1],"shapeName":"/art/buildingblock_concrete.dae","useInstanceRenderData":true}
{"class":"TSStatic","persistentId":"7c3c954e-9a84-43ce-937c-18f4e331c1d3","__parent":"SimGroup_","position":[-159.485901,265.713989,402.131226],"instanceColor":[0.73760426,0.11037758,0.11037758,1],"instanceColor1":[0.246827006,0.112496778,0.112496778,1],"instanceColor2":[0,0,0,1],"isRenderEnabled":false,"rotationMatrix":[0.99999994,0,0,0,0.99999994,0,0,0,0.999999881],"scale":[6.25,25,1],"shapeName":"/art/buildingblock_concrete.dae","useInstanceRenderData":true}
{"class":"TSStatic","persistentId":"7c4c60e0-73e6-4d95-9b37-044776a94989","__parent":"SimGroup_","position":[-109.543999,190.917786,402.131226],"instanceColor":[0.73760426,0.11037758,0.11037758,1],"instanceColor1":[0.246827006,0.112496778,0.112496778,1],"instanceColor2":[0,0,0,1],"isRenderEnabled":false,"rotationMatrix":[0.99999994,0,0,0,0.99999994,0,0,0,0.999999881],"scale":[6.25,25,1],"shapeName":"/art/buildingblock_concrete.dae","useInstanceRenderData":true}
{"class":"TSStatic","persistentId":"9165dd77-603f-4ff5-b413-8433f8edff2c","__parent":"SimGroup_","position":[-109.543999,240.781998,402.131226],"instanceColor":[0.73760426,0.11037758,0.11037758,1],"instanceColor1":[0.246827006,0.112496778,0.112496778,1],"instanceColor2":[0,0,0,1],"isRenderEnabled":false,"rotationMatrix":[0.99999994,0,0,0,0.99999994,0,0,0,0.999999881],"scale":[6.25,25,1],"shapeName":"/art/buildingblock_concrete.dae","useInstanceRenderData":true}
{"class":"TSStatic","persistentId":"b3ac808b-dcb7-4fb5-86c7-83c33bb9cf7f","__parent":"SimGroup_","position":[-159.485901,215.850006,402.131226],"instanceColor":[0.73760426,0.11037758,0.11037758,1],"instanceColor1":[0.246827006,0.112496778,0.112496778,1],"instanceColor2":[0,0,0,1],"isRenderEnabled":false,"rotationMatrix":[0.99999994,0,0,0,0.99999994,0,0,0,0.999999881],"scale":[6.25,25,1],"shapeName":"/art/buildingblock_concrete.dae","useInstanceRenderData":true}
{"class":"TSStatic","persistentId":"b49546a3-2de0-4075-b8a3-d5add9ae2395","__parent":"SimGroup_","position":[-159.485901,290.645996,402.131226],"instanceColor":[0.73760426,0.11037758,0.11037758,1],"instanceColor1":[0.246827006,0.112496778,0.112496778,1],"instanceColor2":[0,0,0,1],"isRenderEnabled":false,"rotationMatrix":[0.99999994,0,0,0,0.99999994,0,0,0,0.999999881],"scale":[6.25,25,1],"shapeName":"/art/buildingblock_concrete.dae","useInstanceRenderData":true}
{"class":"TSStatic","persistentId":"b616d4b6-635d-4d42-9d7b-f0a23d77439a","__parent":"SimGroup_","position":[-134.515213,190.917786,402.131226],"instanceColor":[0.73760426,0.11037758,0.11037758,1],"instanceColor1":[0.246827006,0.112496778,0.112496778,1],"instanceColor2":[0,0,0,1],"isRenderEnabled":false,"rotationMatrix":[0.99999994,0,0,0,0.99999994,0,0,0,0.999999881],"scale":[6.25,25,1],"shapeName":"/art/buildingblock_concrete.dae","useInstanceRenderData":true}
{"class":"TSStatic","persistentId":"b8a25541-44c8-464e-a3b1-426ec1823c6d","__parent":"SimGroup_","position":[-59.6020012,290.645996,402.131226],"instanceColor":[0.73760426,0.11037758,0.11037758,1],"instanceColor1":[0.246827006,0.112496778,0.112496778,1],"instanceColor2":[0,0,0,1],"isRenderEnabled":false,"rotationMatrix":[0.99999994,0,0,0,0.99999994,0,0,0,0.999999881],"scale":[6.25,25,1],"shapeName":"/art/buildingblock_concrete.dae","useInstanceRenderData":true}
{"class":"TSStatic","persistentId":"ba7bc765-e9bd-4a74-851f-e445a81fef57","__parent":"SimGroup_","position":[-59.6020012,190.917786,402.131226],"instanceColor":[0.73760426,0.11037758,0.11037758,1],"instanceColor1":[0.246827006,0.112496778,0.112496778,1],"instanceColor2":[0,0,0,1],"isRenderEnabled":false,"rotationMatrix":[0.99999994,0,0,0,0.99999994,0,0,0,0.999999881],"scale":[6.25,25,1],"shapeName":"/art/buildingblock_concrete.dae","useInstanceRenderData":true}
{"class":"TSStatic","persistentId":"d33ba9de-ab76-4f4a-a3e0-e1e6feac3189","__parent":"SimGroup_","position":[-159.485901,190.917786,402.131226],"instanceColor":[0.73760426,0.11037758,0.11037758,1],"instanceColor1":[0.246827006,0.112496778,0.112496778,1],"instanceColor2":[0,0,0,1],"isRenderEnabled":false,"rotationMatrix":[0.99999994,0,0,0,0.99999994,0,0,0,0.999999881],"scale":[6.25,25,1],"shapeName":"/art/buildingblock_concrete.dae","useInstanceRenderData":true}
{"class":"TSStatic","persistentId":"d448d31f-fe76-4a41-bd65-47181f518ba9","__parent":"SimGroup_","position":[-159.485901,240.781998,402.131226],"instanceColor":[0.73760426,0.11037758,0.11037758,1],"instanceColor1":[0.246827006,0.112496778,0.112496778,1],"instanceColor2":[0,0,0,1],"isRenderEnabled":false,"rotationMatrix":[0.99999994,0,0,0,0.99999994,0,0,0,0.999999881],"scale":[6.25,25,1],"shapeName":"/art/buildingblock_concrete.dae","useInstanceRenderData":true}
{"class":"TSStatic","persistentId":"eb70b6a8-0c6b-4d2d-ba35-7bc3535763f1","__parent":"SimGroup_","position":[-59.6020012,265.713989,402.131226],"instanceColor":[0.73760426,0.11037758,0.11037758,1],"instanceColor1":[0.246827006,0.112496778,0.112496778,1],"instanceColor2":[0,0,0,1],"isRenderEnabled":false,"rotationMatrix":[0.99999994,0,0,0,0.99999994,0,0,0,0.999999881],"scale":[6.25,25,1],"shapeName":"/art/buildingblock_concrete.dae","useInstanceRenderData":true}
{"class":"TSStatic","persistentId":"f22682f9-286e-4aa2-a6e0-45f169c24df0","__parent":"SimGroup_","position":[-84.572998,190.917786,402.131226],"instanceColor":[0.73760426,0.11037758,0.11037758,1],"instanceColor1":[0.246827006,0.112496778,0.112496778,1],"instanceColor2":[0,0,0,1],"isRenderEnabled":false,"rotationMatrix":[0.99999994,0,0,0,0.99999994,0,0,0,0.999999881],"scale":[6.25,25,1],"shapeName":"/art/buildingblock_concrete.dae","useInstanceRenderData":true}
{"class":"TSStatic","persistentId":"fa8458f6-86cb-44bf-bf67-b56e8ada1336","__parent":"SimGroup_","position":[-84.572998,240.781998,402.131226],"instanceColor":[0.73760426,0.11037758,0.11037758,1],"instanceColor1":[0.246827006,0.112496778,0.112496778,1],"instanceColor2":[0,0,0,1],"isRenderEnabled":false,"rotationMatrix":[0.99999994,0,0,0,0.99999994,0,0,0,0.999999881],"scale":[6.25,25,1],"shapeName":"/art/buildingblock_concrete.dae","useInstanceRenderData":true}
{"class":"TSStatic","persistentId":"fc562a08-6489-4b09-b048-bebe938eb450","__parent":"SimGroup_","position":[-109.543999,215.850006,402.131226],"instanceColor":[0.73760426,0.11037758,0.11037758,1],"instanceColor1":[0.246827006,0.112496778,0.112496778,1],"instanceColor2":[0,0,0,1],"isRenderEnabled":false,"rotationMatrix":[0.99999994,0,0,0,0.99999994,0,0,0,0.999999881],"scale":[6.25,25,1],"shapeName":"/art/buildingblock_concrete.dae","useInstanceRenderData":true}
{"class":"TSStatic","persistentId":"fc89d918-46d3-4cac-8521-58f9430f6243","__parent":"SimGroup_","position":[-59.6020012,215.850342,402.131226],"instanceColor":[0.73760426,0.11037758,0.11037758,1],"instanceColor1":[0.246827006,0.112496778,0.112496778,1],"instanceColor2":[0,0,0,1],"isRenderEnabled":false,"rotationMatrix":[0.99999994,0,0,0,0.99999994,0,0,0,0.999999881],"scale":[6.25,25,1],"shapeName":"/art/buildingblock_concrete.dae","useInstanceRenderData":true}
{"class":"TSStatic","persistentId":"fdab766e-94c2-4119-b841-c1b84a45ea39","__parent":"SimGroup_","position":[-109.543999,290.645996,402.131226],"instanceColor":[0.73760426,0.11037758,0.11037758,1],"instanceColor1":[0.246827006,0.112496778,0.112496778,1],"instanceColor2":[0,0,0,1],"isRenderEnabled":false,"rotationMatrix":[0.99999994,0,0,0,0.99999994,0,0,0,0.999999881],"scale":[6.25,25,1],"shapeName":"/art/buildingblock_concrete.dae","useInstanceRenderData":true}
