{
  "sumo_m_concrete_plain": {
    "name": "sumo_m_concrete_plain",
    "mapTo": "sumo_m_concrete_plain",
    "class": "Material",
    "persistentId": "40319074-87c9-4ffc-9d47-cf86d428ea3e",
    "Stages": [
      {
        "ambientOcclusionMap": "/art/SumoMaterials/t_concrete_plain_ao.data.png",
        "baseColorFactor": [
          0.992156923,
          0.992156923,
          0.992156923,
          1
        ],
        "baseColorMap": "/art/SumoMaterials/t_concrete_plain_b.color.png",
        "detailMap": "/art/SumoMaterials/t_macro_asphalt_b.png",
        "detailNormalMap": "/art/SumoMaterials/t_macro_asphalt_nm.png",
        "detailNormalMapStrength": 0.209999993,
        "detailScale": [
          0.100000001,
          0.100000001
        ],
        "diffuseMapUseUV": null,
        "normalMap": "/art/SumoMaterials/t_concrete_plain_nm.normal.png",
        "opacityMapUseUV": null,
        "pixelSpecular": true,
        "roughnessFactor": 0.607767701,
        "roughnessMap": "/art/SumoMaterials/t_concrete_plain_r.data.png",
        "specular": [
          0.517175972,
          0.517170012,
          0.517170012,
          1
        ],
        "vertColor": true
      },
      {
        "baseColorFactor": null,
        "baseColorMap": "/art/SumoMaterials/t_breakup_general_b.color.png",
        "detailNormalMapStrength": null,
        "detailScale": null,
        "diffuseMapUseUV": 1,
        "opacityMap": "/art/SumoMaterials/t_breakup_general_o.data.png",
        "opacityMapUseUV": 1,
        "pixelSpecular": null,
        "roughnessFactor": 0.699999988,
        "specular": null,
        "vertColor": true
      },
      {
        "baseColorFactor": null,
        "detailNormalMapStrength": null,
        "detailScale": null,
        "diffuseMapUseUV": null,
        "opacityMapUseUV": null,
        "pixelSpecular": null,
        "roughnessFactor": null,
        "specular": null,
        "vertColor": null
      },
      {
        "baseColorFactor": null,
        "detailNormalMapStrength": null,
        "detailScale": null,
        "diffuseMapUseUV": null,
        "opacityMapUseUV": null,
        "pixelSpecular": null,
        "roughnessFactor": null,
        "specular": null,
        "vertColor": null
      }
    ],
    "activeLayers": 2,
    "alphaRef": 0,
    "annotation": "BUILDINGS",
    "groundType": "CONCRETE",
    "materialTag0": "beamng",
    "materialTag1": "building",
    "materialTag2": "concrete",
    "specularStrength0": "0.490196",
    "translucentBlendOp": "None",
    "version": 1.5
  },
  "AsphaltRoad_laned_mesh": {
    "name": "AsphaltRoad_laned_mesh",
    "mapTo": "AsphaltRoad_laned_mesh",
    "class": "Material",
    "persistentId": "c67fe67d-2dd5-4350-b9f2-308797e78503",
    "Stages": [
      {
        "colorMap": "levels/small_island/art/road/AsphaltRoad_laned_d.dds",
        "normalMap": "levels/small_island/art/road/AsphaltRoad_laned_n.dds",
        "specular": [
          0.9960780143737792,
          0.9960780143737792,
          0.9960780143737792,
          1
        ],
        "specularMap": "levels/small_island/art/road/AsphaltRoad_laned_s.dds",
        "specularPower": 1,
        "useAnisotropic": true
      },
      {},
      {},
      {}
    ],
    "groundType": "ASPHALT_OLD",
    "materialTag0": "beamng",
    "materialTag1": "RoadAndPath",
    "materialTag2": "RoadAndPath"
  },
  "Concrete_Road_Barrier_a": {
    "name": "Concrete_Road_Barrier_a",
    "mapTo": "concrete_road_barrier_a",
    "class": "Material",
    "persistentId": "c0422153-a032-4621-85ab-ee826dc95c92",
    "Stages": [
      {
        "colorMap": "levels/small_island/art/shapes/misc/concrete_road_barrier_a_d.dds",
        "diffuseColor": [
          0.992156982,
          0.992156982,
          0.992156982,
          1
        ],
        "normalMap": "levels/small_island/art/shapes/misc/concrete_road_barrier_a_n.dds",
        "specularMap": "levels/small_island/art/shapes/misc/concrete_road_barrier_a_s.dds",
        "specularPower": 1
      },
      {},
      {},
      {}
    ],
    "groundType": "ASPHALT_OLD",
    "materialTag0": "beamng",
    "materialTag1": "Industrial"
  },
  "RoadBarrier-01": {
    "name": "RoadBarrier-01",
    "mapTo": "RoadBarrier-01",
    "class": "Material",
    "persistentId": "591a855f-26b8-425c-893e-cc95ba1f4a66",
    "Stages": [
      {
        "colorMap": "levels/small_island/art/shapes/misc/RoadBarrier-01_d.dds",
        "diffuseColor": [
          0.992156982,
          0.992156982,
          0.992156982,
          1
        ],
        "normalMap": "levels/small_island/art/shapes/misc/RoadBarrier-01_n.dds",
        "pixelSpecular": true,
        "specularMap": "levels/small_island/art/shapes/misc/RoadBarrier-01_s.dds",
        "specularPower": 1
      },
      {},
      {},
      {}
    ],
    "groundType": "ASPHALT_OLD",
    "materialTag0": "beamng",
    "materialTag1": "object"
  },
  "a_asphalt_01_a": {
    "name": "a_asphalt_01_a",
    "mapTo": "asphalt_01_a",
    "class": "Material",
    "persistentId": "b4458b8a-5b7c-4d09-b838-ee4317ea80e0",
    "Stages": [
      {
        "colorMap": "/levels/small_island/art/shapes/misc/asphalt_01_a_d.dds",
        "diffuseColor": [
          0.803921998,
          0.803921998,
          0.803921998,
          1
        ],
        "specularMap": "/levels/small_island/art/shapes/misc/asphalt_01_a_s.dds"
      },
      {},
      {},
      {}
    ],
    "doubleSided": true,
    "groundType": "ASPHALT_OLD",
    "materialTag0": "beamng",
    "materialTag1": "RoadAndPath",
    "translucentBlendOp": "None"
  },
  "backdrop": {
    "name": "backdrop",
    "mapTo": "backdrop",
    "class": "Material",
    "persistentId": "5f39f6b0-07b2-41b4-98fb-c89144f27812",
    "Stages": [
      {
        "colorMap": "/levels/small_island/art/shapes/misc/backdrop.color.png",
        "detailMap": "/levels/small_island/art/terrains/t_macro_clumpy_b.png",
        "detailNormalMap": "/levels/small_island/art/terrains/t_macro_clumpy_nm.png",
        "detailNormalMapStrength": 0.360000014,
        "detailScale": [
          80,
          20
        ],
        "normalMap": "/levels/small_island/art/shapes/misc/backdrop.normal.png",
        "specular": [
          0.996078014,
          0.996078014,
          0.996078014,
          1
        ],
        "useAnisotropic": true
      },
      {},
      {},
      {}
    ],
    "groundType": "ASPHALT_OLD",
    "materialTag0": "beamng",
    "materialTag1": "RoadAndPath",
    "materialTag2": "RoadAndPath"
  },
  "beamng_text": {
    "name": "beamng_text",
    "mapTo": "beamng_text",
    "class": "Material",
    "persistentId": "a8f0285f-221c-4cd4-a185-7bfda552232a",
    "Stages": [
      {
        "colorMap": "levels/small_island/art/shapes/misc/beamng_text.dds",
        "diffuseColor": [
          0.992156982,
          0.992156982,
          0.992156982,
          1
        ],
        "pixelSpecular": true,
        "specularPower": 21
      },
      {},
      {},
      {}
    ],
    "alphaRef": 120,
    "alphaTest": true,
    "castShadows": false,
    "groundType": "PLASTIC",
    "materialTag0": "beamng",
    "materialTag1": "object"
  },
  "container_01_a_containers_01_a": {
    "name": "container_01_a_containers_01_a",
    "mapTo": "containers_01_a",
    "class": "Material",
    "persistentId": "2cb01d94-2bb3-4311-a330-6a5d71678945",
    "Stages": [
      {
        "colorMap": "/levels/small_island/art/shapes/misc/containers_01_a_d.dds",
        "diffuseColor": [
          0.701960802,
          0.698039234,
          0.698039234,
          1
        ],
        "normalMap": "/levels/small_island/art/shapes/misc/containers_01_a_n.dds",
        "specularMap": "/levels/small_island/art/shapes/misc/containers_01_a_s.dds",
        "useAnisotropic": true
      },
      {},
      {},
      {}
    ],
    "annotation": "STREET",
    "groundType": "METAL",
    "materialTag0": "beamng",
    "materialTag1": "beamng",
    "materialTag2": "Industrial",
    "specularStrength0": "0.3",
    "specularStrength1": "0.2",
    "translucentBlendOp": "None"
  },
  "containers_shipping": {
    "name": "containers_shipping",
    "mapTo": "containers_shipping",
    "class": "Material",
    "persistentId": "54ab4b85-e352-4833-a604-3fb87a8fddd6",
    "Stages": [
      {
        "diffuseColor": [
          0.992156982,
          0.992156982,
          0.992156982,
          1
        ],
        "normalMap": "/levels/small_island/art/shapes/misc/containers_n.normal.png",
        "specularMap": "/levels/small_island/art/shapes/misc/containers_s.color.png",
        "useAnisotropic": true,
        "vertColor": true
      },
      {
        "colorMap": "/levels/small_island/art/shapes/misc/containers_d.color.png",
        "normalMap": "/levels/small_island/art/shapes/misc/containers_n.normal.png",
        "specularMap": "/levels/small_island/art/shapes/misc/containers_s.color.png"
      },
      {},
      {}
    ],
    "groundType": "METAL",
    "materialTag0": "beamng",
    "materialTag1": "Industrial"
  },
  "containers_shipping_branding": {
    "name": "containers_shipping_branding",
    "mapTo": "containers_shipping_branding",
    "class": "Material",
    "persistentId": "db16d184-65a8-47b8-b1c7-39e2f545323d",
    "Stages": [
      {
        "colorMap": "/levels/small_island/art/shapes/misc/containers_branding.png",
        "diffuseColor": [
          0.992156982,
          0.992156982,
          0.992156982,
          1
        ],
        "useAnisotropic": true,
        "vertColor": true
      },
      {},
      {},
      {}
    ],
    "castShadows": false,
    "groundType": "ASPHALT_OLD",
    "materialTag0": "beamng",
    "materialTag1": "Industrial",
    "translucent": true,
    "translucentZWrite": true
  },
  "misc_billboard_title": {
    "name": "misc_billboard_title",
    "mapTo": "misc_billboard_title",
    "class": "Material",
    "persistentId": "ef75620b-a1dd-4671-90d5-da19387b5168",
    "Stages": [
      {
        "colorMap": "levels/small_island/art/shapes/misc/billboards_01b",
        "pixelSpecular": true,
        "specular": [
          0.5,
          0.5,
          0.5,
          1
        ],
        "specularPower": 1
      },
      {},
      {},
      {}
    ],
    "doubleSided": true,
    "groundType": "WOOD",
    "materialTag0": "Industrial",
    "materialTag1": "beamng",
    "translucentBlendOp": "None"
  },
  "misc_markings_01": {
    "name": "misc_markings_01",
    "mapTo": "misc_markings_01",
    "class": "Material",
    "persistentId": "b155222f-2811-4fb7-ae99-f1a768cbc40e",
    "Stages": [
      {
        "colorMap": "misc_markings.dds",
        "diffuseColor": [
          0.9960780143737792,
          0.9960780143737792,
          0.9960780143737792,
          1
        ],
        "pixelSpecular": true,
        "specular": [
          0.5,
          0.5,
          0.5,
          1
        ],
        "specularPower": 1
      },
      {},
      {},
      {}
    ],
    "alphaRef": 40,
    "alphaTest": true,
    "castShadows": false,
    "doubleSided": true,
    "groundType": "PLASTIC",
    "materialTag0": "beamng",
    "materialTag1": "Industrial",
    "translucentZWrite": true
  },
  "speedbump_01a": {
    "name": "speedbump_01a",
    "mapTo": "speedbump_01a",
    "class": "Material",
    "persistentId": "7acfaca5-cbc3-42e0-9505-dee8c679270c",
    "Stages": [
      {
        "colorMap": "speedbump_01a_d.dds",
        "normalMap": "speedbump_01a_n.dds",
        "pixelSpecular": true,
        "specularMap": "speedbump_01a_s.dds",
        "specularPower": 3,
        "useAnisotropic": true
      },
      {},
      {},
      {}
    ],
    "groundType": "ASPHALT_OLD",
    "materialTag0": "beamng",
    "materialTag1": "Industrial"
  },
  "terrain_sand": {
    "name": "terrain_sand",
    "mapTo": "terrain_sand",
    "class": "Material",
    "persistentId": "91e6f851-8734-4883-9161-ca5c0e361350",
    "Stages": [
      {
        "colorMap": "/levels/small_island/art/terrains/t_beachsand_b.png",
        "diffuseColor": [
          1,
          0.999989986,
          0.999989986,
          1
        ],
        "normalMap": "/levels/small_island/art/terrains/t_beachsand_nm.png",
        "overlayMap": "levels/small_island/art/shapes/buildings/utah_breakup_texture.dds",
        "useAnisotropic": true
      },
      {},
      {},
      {}
    ],
    "alphaRef": 0,
    "doubleSided": true,
    "groundType": "SAND",
    "materialTag0": "beamng",
    "materialTag1": "Natural",
    "translucentBlendOp": "None"
  }
}