{
  "sumo_canal": {
    "name": "sumo_canal",
    "mapTo": "sumo_canal",
    "class": "Material",
    "persistentId": "0b2a4111-4209-46a8-aaee-6ffd27c82c66",
    "Stages": [
      {
        "colorMap": "/art/SumoMaterials/buildings/canal_d.dds",
        "detailMap": "/art/SumoMaterials/roads/Concrete-04-diff.dds",
        "detailScale": [
          6,
          6
        ],
        "normalMap": "/art/SumoMaterials/buildings/canal_n.dds",
        "pixelSpecular": true,
        "reflectivityMap": "/art/SumoMaterials/buildings/canal_r.dds",
        "roughnessFactor": 0.607767701,
        "specularMap": "/art/SumoMaterials/buildings/canal_s.dds",
        "useAnisotropic": true,
        "vertColor": true
      },
      {},
      {},
      {}
    ],
    "alphaRef": 0,
    "annotation": "BUILDINGS",
    "cubemap": "global_cubemap_metalblurred",
    "materialTag0": "beamng",
    "materialTag1": "building",
    "translucentBlendOp": "None"
  },
  "architraves": {
    "name": "architraves",
    "mapTo": "architraves",
    "class": "Material",
    "persistentId": "85c40c54-00d4-4657-9247-1c9af47b18ab",
    "Stages": [
      {
        "colorMap": "levels/west_coast_usa/art/shapes/buildings/architraves_d.dds",
        "normalMap": "levels/west_coast_usa/art/shapes/buildings/architraves_n.dds",
        "pixelSpecular": true,
        "roughnessFactor": 0.607767701,
        "specularMap": "levels/west_coast_usa/art/shapes/buildings/architraves_s.dds",
        "useAnisotropic": true,
        "vertColor": true
      },
      {},
      {},
      {}
    ],
    "alphaRef": 0,
    "annotation": "BUILDINGS",
    "materialTag0": "beamng",
    "materialTag1": "building",
    "translucentBlendOp": "None"
  },
  "balustrades": {
    "name": "balustrades",
    "mapTo": "balustrades",
    "class": "Material",
    "persistentId": "c021e7f6-496d-4bec-aca0-1a6e18a0a88c",
    "Stages": [
      {
        "colorMap": "levels/west_coast_usa/art/shapes/buildings/balustrades_d.dds",
        "normalMap": "levels/west_coast_usa/art/shapes/buildings/balustrades_n.dds",
        "pixelSpecular": true,
        "roughnessFactor": 0.607767701,
        "specularMap": "levels/west_coast_usa/art/shapes/buildings/balustrades_s.dds",
        "useAnisotropic": true,
        "vertColor": true
      },
      {},
      {},
      {}
    ],
    "alphaRef": 64,
    "alphaTest": true,
    "annotation": "BUILDINGS",
    "doubleSided": true,
    "invertBackFaceNormals": true,
    "materialTag0": "beamng",
    "materialTag1": "building",
    "translucentBlendOp": "None"
  },
  "brick_herringbone": {
    "name": "brick_herringbone",
    "mapTo": "brick_herringbone",
    "class": "Material",
    "persistentId": "6168c44f-9237-46b2-9353-1c8715756e45",
    "Stages": [
      {
        "baseColorFactor": [
          0.928803027,
          0.790638983,
          0.73041898,
          1
        ],
        "baseColorMap": "levels/west_coast_usa/art/shapes/buildings/brick_herringbone_d.dds",
        "detailMap": "/levels/west_coast_usa/art/shapes/buildings/t_grunge_detail1_b.color.png",
        "detailScale": [
          0.25,
          0.25
        ],
        "normalMap": "levels/west_coast_usa/art/shapes/buildings/brick_herringbone_n.dds",
        "pixelSpecular": true,
        "roughnessFactor": 0.519999981,
        "vertColor": true
      },
      {},
      {},
      {}
    ],
    "alphaRef": 0,
    "annotation": "SIDEWALK",
    "cubemap": "cubemap_buildings_reflection",
    "materialTag0": "beamng",
    "materialTag1": "building",
    "translucentBlendOp": "None",
    "version": 1.5
  },
  "brick_painted": {
    "name": "brick_painted",
    "mapTo": "brick_painted",
    "class": "Material",
    "persistentId": "6b47e50a-065f-4dea-b141-701480e67a05",
    "Stages": [
      {
        "colorMap": "levels/west_coast_usa/art/shapes/buildings/brick_painted_d.dds",
        "normalMap": "levels/west_coast_usa/art/shapes/buildings/brick_plain_n.dds",
        "pixelSpecular": true,
        "roughnessFactor": 0.607767701,
        "specularMap": "levels/west_coast_usa/art/shapes/buildings/brick_plain_s.dds",
        "useAnisotropic": true,
        "vertColor": true
      },
      {},
      {},
      {}
    ],
    "alphaRef": 0,
    "annotation": "BUILDINGS",
    "materialTag0": "beamng",
    "materialTag1": "building",
    "translucentBlendOp": "None"
  },
  "brick_plain": {
    "name": "brick_plain",
    "mapTo": "brick_plain",
    "class": "Material",
    "persistentId": "6d75984d-3cff-4546-ae5a-e93c9c99a923",
    "Stages": [
      {
        "colorMap": "levels/west_coast_usa/art/shapes/buildings/brick_plain_d.dds",
        "normalMap": "levels/west_coast_usa/art/shapes/buildings/brick_plain_n.dds",
        "pixelSpecular": true,
        "roughnessFactor": 0.607767701,
        "specularMap": "levels/west_coast_usa/art/shapes/buildings/brick_plain_s.dds",
        "useAnisotropic": true,
        "vertColor": true
      },
      {},
      {},
      {}
    ],
    "alphaRef": 0,
    "annotation": "BUILDINGS",
    "materialTag0": "beamng",
    "materialTag1": "building",
    "translucentBlendOp": "None"
  },
  "busstop": {
    "name": "busstop",
    "mapTo": "busstop",
    "class": "Material",
    "persistentId": "583e1976-98e2-4cb3-8e90-f326e0519fda",
    "Stages": [
      {
        "colorMap": "levels/west_coast_usa/art/shapes/buildings/busstop_d.dds",
        "normalMap": "levels/west_coast_usa/art/shapes/buildings/busstop_n.dds",
        "pixelSpecular": true,
        "reflectivityMap": "levels/west_coast_usa/art/shapes/buildings/busstop_r.dds",
        "roughnessFactor": 0.607767701,
        "specularMap": "levels/west_coast_usa/art/shapes/buildings/busstop_s.dds",
        "useAnisotropic": true,
        "vertColor": true
      },
      {},
      {},
      {}
    ],
    "alphaRef": 64,
    "alphaTest": true,
    "annotation": "OBSTACLES",
    "cubemap": "global_cubemap_metalblurred",
    "translucentBlendOp": "None"
  },
  "busstop_windows": {
    "name": "busstop_windows",
    "mapTo": "busstop_windows",
    "class": "Material",
    "persistentId": "62f96886-67ca-4c63-943d-fb9e23240c73",
    "Stages": [
      {
        "colorMap": "levels/west_coast_usa/art/shapes/buildings/busstop_d.dds",
        "normalMap": "levels/west_coast_usa/art/shapes/buildings/busstop_n.dds",
        "pixelSpecular": true,
        "reflectivityMap": "levels/west_coast_usa/art/shapes/buildings/busstop_r.dds",
        "roughnessFactor": 0.607767701,
        "specularMap": "levels/west_coast_usa/art/shapes/buildings/busstop_s.dds",
        "useAnisotropic": true
      },
      {},
      {},
      {}
    ],
    "alphaRef": 64,
    "cubemap": "global_cubemap_metalblurred",
    "translucent": true,
    "translucentZWrite": true
  },
  "canal": {
    "name": "canal",
    "mapTo": "canal",
    "class": "Material",
    "persistentId": "0b2a4111-4209-46a8-aaee-6ffd27c82c66",
    "Stages": [
      {
        "colorMap": "levels/west_coast_usa/art/shapes/buildings/canal_d.dds",
        "detailMap": "/levels/west_coast_usa/art/shapes/roads/Concrete-04-diff.dds",
        "detailScale": [
          6,
          6
        ],
        "normalMap": "levels/west_coast_usa/art/shapes/buildings/canal_n.dds",
        "pixelSpecular": true,
        "reflectivityMap": "levels/west_coast_usa/art/shapes/buildings/canal_r.dds",
        "roughnessFactor": 0.607767701,
        "specularMap": "levels/west_coast_usa/art/shapes/buildings/canal_s.dds",
        "useAnisotropic": true,
        "vertColor": true
      },
      {},
      {},
      {}
    ],
    "alphaRef": 0,
    "annotation": "BUILDINGS",
    "cubemap": "global_cubemap_metalblurred",
    "materialTag0": "beamng",
    "materialTag1": "building",
    "translucentBlendOp": "None"
  },
  "cladding_zinc": {
    "name": "cladding_zinc",
    "mapTo": "cladding_zinc",
    "class": "Material",
    "persistentId": "926c71d6-8664-4b7d-8474-a363550bc5e1",
    "Stages": [
      {
        "colorMap": "levels/west_coast_usa/art/shapes/buildings/cladding_zinc_d.dds",
        "normalMap": "levels/west_coast_usa/art/shapes/buildings/cladding_zinc_n.dds",
        "pixelSpecular": true,
        "reflectivityMap": "levels/west_coast_usa/art/shapes/buildings/cladding_zinc_r.dds",
        "specularMap": "levels/west_coast_usa/art/shapes/buildings/cladding_zinc_s.dds",
        "specularPower": 32,
        "useAnisotropic": true,
        "vertColor": true
      },
      {},
      {},
      {}
    ],
    "alphaRef": 0,
    "cubemap": "global_cubemap_metalblurred",
    "groundType": "METAL",
    "materialTag0": "beamng",
    "materialTag1": "building",
    "translucentBlendOp": "None"
  },
  "clutter_commercial": {
    "name": "clutter_commercial",
    "mapTo": "clutter_commercial",
    "class": "Material",
    "persistentId": "bef10247-df48-4f55-b111-303c87da4cc0",
    "Stages": [
      {
        "colorMap": "levels/west_coast_usa/art/shapes/buildings/clutter_commercial_d.dds",
        "roughnessFactor": 0.607767701,
        "useAnisotropic": true,
        "vertColor": true
      },
      {},
      {},
      {}
    ],
    "alphaRef": 64,
    "alphaTest": true,
    "annotation": "BUILDINGS",
    "materialTag0": "beamng",
    "materialTag1": "building",
    "translucentBlendOp": "None"
  },
  "columns": {
    "name": "columns",
    "mapTo": "columns",
    "class": "Material",
    "persistentId": "c4ca6013-2e75-4d0d-bf98-77aa663962b7",
    "Stages": [
      {
        "colorMap": "levels/west_coast_usa/art/shapes/buildings/columns_d.dds",
        "normalMap": "levels/west_coast_usa/art/shapes/buildings/columns_n.dds",
        "pixelSpecular": true,
        "roughnessFactor": 0.607767701,
        "specularMap": "levels/west_coast_usa/art/shapes/buildings/columns_s.dds",
        "useAnisotropic": true,
        "vertColor": true
      },
      {},
      {},
      {}
    ],
    "alphaRef": 0,
    "annotation": "BUILDINGS",
    "materialTag0": "beamng",
    "materialTag1": "building",
    "translucentBlendOp": "None"
  },
  "concrete_precast1": {
    "name": "concrete_precast1",
    "mapTo": "concrete_precast1",
    "class": "Material",
    "persistentId": "37b34082-9b97-44a2-9d18-fe7af38f9a82",
    "Stages": [
      {
        "colorMap": "levels/west_coast_usa/art/shapes/buildings/concrete_precast1_white.dds",
        "normalMap": "levels/west_coast_usa/art/shapes/buildings/concrete_precast1_n.dds",
        "pixelSpecular": true,
        "roughnessFactor": 0.607767701,
        "specularMap": "levels/west_coast_usa/art/shapes/buildings/concrete_precast1_s.dds",
        "useAnisotropic": true,
        "vertColor": true
      },
      {},
      {},
      {}
    ],
    "alphaRef": 0,
    "annotation": "BUILDINGS",
    "materialTag0": "beamng",
    "materialTag1": "building",
    "translucentBlendOp": "None"
  },
  "construction": {
    "name": "construction",
    "mapTo": "construction",
    "class": "Material",
    "persistentId": "e691b834-d02e-4785-9249-1e0f1ba2c487",
    "Stages": [
      {
        "colorMap": "levels/west_coast_usa/art/shapes/buildings/construction_d.dds",
        "normalMap": "levels/west_coast_usa/art/shapes/buildings/construction_n.dds",
        "pixelSpecular": true,
        "roughnessFactor": 0.607767701,
        "specularMap": "levels/west_coast_usa/art/shapes/buildings/construction_s.dds",
        "useAnisotropic": true,
        "vertColor": true
      },
      {},
      {},
      {}
    ],
    "alphaRef": 70,
    "alphaTest": true,
    "annotation": "BUILDINGS",
    "doubleSided": true,
    "invertBackFaceNormals": true,
    "materialTag0": "beamng",
    "materialTag1": "building",
    "translucentBlendOp": "None"
  },
  "corrugated_modern": {
    "name": "corrugated_modern",
    "mapTo": "corrugated_modern",
    "class": "Material",
    "persistentId": "dfeda9f3-b255-49f5-82cb-93a6ff9d8ef5",
    "Stages": [
      {
        "colorMap": "levels/west_coast_usa/art/shapes/buildings/corrugated_modern_d.dds",
        "normalMap": "levels/west_coast_usa/art/shapes/buildings/corrugated_modern_n.dds",
        "overlayMap": "levels/west_coast_usa/art/shapes/buildings/grunge_dripping_d.dds",
        "pixelSpecular": true,
        "roughnessFactor": 0.607767701,
        "specularMap": "levels/west_coast_usa/art/shapes/buildings/corrugated_modern_s.dds",
        "useAnisotropic": true,
        "vertColor": true
      },
      {},
      {},
      {}
    ],
    "annotation": "BUILDINGS",
    "materialTag0": "beamng",
    "materialTag1": "building"
  },
  "highrise": {
    "name": "highrise",
    "mapTo": "highrise",
    "class": "Material",
    "persistentId": "7ecdcd3d-c3c2-4e5f-84bd-aacd67b0d034",
    "Stages": [
      {
        "colorMap": "levels/west_coast_usa/art/shapes/buildings/highrise_d.dds",
        "normalMap": "levels/west_coast_usa/art/shapes/buildings/highrise_n.dds",
        "pixelSpecular": true,
        "reflectivityMap": "levels/west_coast_usa/art/shapes/buildings/highrise_r.dds",
        "roughnessFactor": 0.607767701,
        "specularMap": "levels/west_coast_usa/art/shapes/buildings/highrise_s.dds",
        "useAnisotropic": true,
        "vertColor": true
      },
      {
        "colorMap": "levels/west_coast_usa/art/shapes/buildings/highrise_g.dds",
        "emissive": true
      },
      {},
      {}
    ],
    "alphaRef": 0,
    "annotation": "BUILDINGS",
    "dynamicCubemap": true,
    "materialTag0": "beamng",
    "materialTag1": "building",
    "translucentBlendOp": "None"
  },
  "industrial": {
    "name": "industrial",
    "mapTo": "industrial",
    "class": "Material",
    "persistentId": "16b8fab9-d948-47a6-bd21-a30afbff6ca3",
    "Stages": [
      {
        "colorMap": "levels/west_coast_usa/art/shapes/buildings/industrial_d.dds",
        "normalMap": "levels/west_coast_usa/art/shapes/buildings/industrial_n.dds",
        "pixelSpecular": true,
        "reflectivityMap": "levels/west_coast_usa/art/shapes/buildings/industrial_r.dds",
        "reflectivityMapFactor": 0.300000012,
        "roughnessFactor": 0.607767701,
        "specularMap": "levels/west_coast_usa/art/shapes/buildings/industrial_s.dds",
        "useAnisotropic": true,
        "vertColor": true
      },
      {},
      {},
      {}
    ],
    "alphaRef": 127,
    "alphaTest": true,
    "annotation": "BUILDINGS",
    "cubemap": "cubemap_wca_reflection",
    "groundType": "METAL",
    "materialTag0": "beamng",
    "materialTag1": "building",
    "translucentBlendOp": "None"
  },
  "m_batching_plant_mm": {
    "name": "m_batching_plant_mm",
    "mapTo": "m_batching_plant_mm",
    "class": "Material",
    "persistentId": "f3beffac-0c4d-441b-80a0-8f5c2929ad7a",
    "Stages": [
      {
        "baseColorMap": "/levels/west_coast_usa/art/shapes/buildings/t_batching_plant_mm_b.color.png",
        "normalMap": "/levels/west_coast_usa/art/shapes/buildings/t_batching_plant_mm_nm.normal.png",
        "roughnessMap": "/levels/west_coast_usa/art/shapes/buildings/t_batching_plant_mm_r.data.png",
        "vertColor": true
      },
      {
        "vertColor": null
      },
      {
        "vertColor": null
      },
      {
        "vertColor": null
      }
    ],
    "version": 1.5
  },
  "m_concrete_plain": {
    "name": "m_concrete_plain",
    "mapTo": "m_concrete_plain",
    "class": "Material",
    "persistentId": "6eb3090d-7a13-4eb0-8e58-8b7e6edee7b6",
    "Stages": [
      {
        "ambientOcclusionMap": "/levels/automation_test_track/art/shapes/buildings/t_concrete_plain_ao.data.png",
        "baseColorMap": "/levels/automation_test_track/art/shapes/buildings/t_concrete_plain_b.color.png",
        "detailMap": "/levels/automation_test_track/art/shapes/buildings/t_concrete_plain_detail.data.png",
        "normalMap": "/levels/automation_test_track/art/shapes/buildings/t_concrete_plain_nm.normal.png",
        "roughnessMap": "/levels/automation_test_track/art/shapes/buildings/t_concrete_plain_r.data.png",
        "vertColor": true
      },
      {
        "ambientOcclusionMapUseUV": 1,
        "baseColorMap": "/art/shapes/garage_and_dealership/garage/t_breakup_general_b.color.png",
        "detailMapUseUV": 1,
        "diffuseMapUseUV": 1,
        "metallicMapUseUV": 1,
        "normalDetailMapUseUV": 1,
        "normalMapUseUV": 1,
        "opacityMap": "/art/shapes/garage_and_dealership/garage/t_breakup_general_o.data.png",
        "opacityMapUseUV": 1,
        "roughnessMap": "/art/shapes/garage_and_dealership/garage/t_breakup_general_r.data.png",
        "roughnessMapUseUV": 1
      },
      {},
      {}
    ],
    "activeLayers": 2,
    "annotation": "BUILDINGS",
    "version": 1.5
  },
  "m_gasstation_tyrannos": {
    "name": "m_gasstation_tyrannos",
    "mapTo": "m_gasstation_tyrannos",
    "class": "Material",
    "persistentId": "f19d3abc-74b8-4290-89eb-d371a5cf2694",
    "Stages": [
      {
        "baseColorMap": "/levels/west_coast_usa/art/shapes/buildings/t_gasstation_tyrannos_b.color.png",
        "vertColor": true
      },
      {},
      {},
      {}
    ],
    "translucentRecvShadows": true,
    "version": 1.5
  },
  "m_logos_dealership_garage": {
    "name": "m_logos_dealership_garage",
    "mapTo": "m_logos_dealership_garage",
    "class": "Material",
    "persistentId": "1b62af9d-180f-43e6-bd01-70f332b04ce5",
    "Stages": [
      {
        "colorMap": "/levels/west_coast_usa/art/shapes/buildings/logos_dealership_garage_wca_d.color.png",
        "overlayMap": "/levels/Industrial/art/shapes/buildings/utah_breakup_texture.dds",
        "vertColor": true
      },
      {},
      {},
      {}
    ],
    "annotation": "BUILDINGS"
  },
  "m_mascot": {
    "name": "m_mascot",
    "mapTo": "m_mascot",
    "class": "Material",
    "persistentId": "642315c7-37b1-40a9-9da6-a60f447449c3",
    "Stages": [
      {
        "ambientOcclusionMap": "/levels/west_coast_usa/art/shapes/buildings/t_mascot_ao.data.png",
        "baseColorMap": "/levels/west_coast_usa/art/shapes/buildings/t_mascot_b.color.png",
        "metallicMap": "/levels/west_coast_usa/art/shapes/buildings/t_mascot_m.data.png",
        "normalMap": "/levels/west_coast_usa/art/shapes/buildings/t_mascot_nm.normal.png",
        "pixelSpecular": true,
        "roughnessMap": "/levels/west_coast_usa/art/shapes/buildings/t_mascot_r.data.png"
      },
      {},
      {},
      {}
    ],
    "alphaRef": 0,
    "version": 1.5
  },
  "m_movie_studio_signage": {
    "name": "m_movie_studio_signage",
    "mapTo": "m_movie_studio_signage",
    "class": "Material",
    "persistentId": "40641277-e429-4bcc-b187-d146bd84f3fb",
    "Stages": [
      {
        "baseColorMap": "/levels/west_coast_usa/art/shapes/buildings/t_movie_studio_signage_b.color.png",
        "roughnessFactor": 0.400000006
      },
      {},
      {},
      {}
    ],
    "version": 1.5
  },
  "m_refinery_logo": {
    "name": "m_refinery_logo",
    "mapTo": "m_refinery_logo",
    "class": "Material",
    "persistentId": "6596d049-c1cf-4252-b7a8-5743018955b9",
    "Stages": [
      {
        "baseColorMap": "/levels/west_coast_usa/art/shapes/buildings/t_spearleaf_refinery_logo_b.color.png",
        "opacityMap": "/levels/west_coast_usa/art/shapes/buildings/t_spearleaf_refinery_logo_o.data.png"
      },
      {},
      {},
      {}
    ],
    "alphaRef": 135,
    "alphaTest": true,
    "annotation": "BUILDINGS",
    "version": 1.5
  },
  "m_s_batchingplant": {
    "name": "m_s_batchingplant",
    "mapTo": "m_s_batchingplant",
    "class": "Material",
    "persistentId": "8acf28a7-2344-4401-8a43-40db5cd59f9d",
    "Stages": [
      {
        "baseColorMap": "/levels/west_coast_usa/art/shapes/buildings/t_s_batching plant_b.color.png"
      },
      {},
      {},
      {}
    ],
    "version": 1.5
  },
  "m_sealbrick_logo": {
    "name": "m_sealbrick_logo",
    "mapTo": "m_sealbrick_logo",
    "class": "Material",
    "persistentId": "73e32c27-d4e5-4dd3-a13f-10aaef98426f",
    "Stages": [
      {
        "baseColorMap": "/levels/west_coast_usa/art/shapes/buildings/t_sealbrik_logo_b.color.png"
      },
      {},
      {},
      {}
    ],
    "alphaRef": 150,
    "alphaTest": true,
    "version": 1.5
  },
  "m_terrain_dirt": {
    "name": "m_terrain_dirt",
    "mapTo": "m_terrain_dirt",
    "class": "Material",
    "persistentId": "a72f2445-aac4-48f5-87c6-ea50dac3843c",
    "Stages": [
      {
        "ambientOcclusionMap": "/levels/west_coast_usa/art/terrains/t_dirt_rocky_ao.png",
        "baseColorFactor": [
          0.784313977,
          0.686275005,
          0.607842982,
          1
        ],
        "baseColorMap": "/levels/west_coast_usa/art/terrains/t_dirt_rocky_b.png",
        "detailMap": "/levels/west_coast_usa/art/terrains/t_macro_sand_b.png",
        "detailNormalMap": "/levels/west_coast_usa/art/terrains/t_sand_nm.png",
        "detailScale": [
          0.100000001,
          0.100000001
        ],
        "normalMap": "/levels/west_coast_usa/art/terrains/t_dirt_rocky_nm.png",
        "roughnessFactor": 0.850000024,
        "vertColor": true
      },
      {
        "ambientOcclusionMapUseUV": 1,
        "baseColorFactor": [
          1,
          0.99999398,
          0.999989986,
          1
        ],
        "detailScale": [
          0.5,
          0.5
        ],
        "diffuseMapUseUV": 1,
        "normalMapUseUV": 1
      },
      {},
      {}
    ],
    "annotation": "MUD",
    "groundType": "DIRT_DUSTY_LOOSE",
    "version": 1.5
  },
  "m_west_coast_garage_sign": {
    "name": "m_west_coast_garage_sign",
    "mapTo": "m_west_coast_garage_sign",
    "class": "Material",
    "persistentId": "bdde1391-1886-40ee-8e18-d0fdc977896d",
    "Stages": [
      {
        "baseColorMap": "/levels/west_coast_usa/art/shapes/buildings/t_west_coast_garage_sign_b.color.png",
        "opacityMap": "/levels/west_coast_usa/art/shapes/buildings/t_west_coast_garage_sign_o.data.png",
        "roughnessMap": "/levels/west_coast_usa/art/shapes/buildings/t_west_coast_garage_sign_r.data.png"
      },
      {},
      {},
      {}
    ],
    "alphaRef": 15,
    "alphaTest": true,
    "annotation": "BUILDINGS",
    "translucentBlendOp": "None",
    "translucentZWrite": true,
    "version": 1.5
  },
  "rooftiles": {
    "name": "rooftiles",
    "mapTo": "rooftiles",
    "class": "Material",
    "persistentId": "25c1030e-eebb-4808-8d67-0b841aca0e16",
    "Stages": [
      {
        "colorMap": "levels/west_coast_usa/art/shapes/buildings/rooftiles1_grey.dds",
        "normalMap": "levels/west_coast_usa/art/shapes/buildings/rooftiles1_n.dds",
        "pixelSpecular": true,
        "roughnessFactor": 0.607767701,
        "specularMap": "levels/west_coast_usa/art/shapes/buildings/rooftiles1_s.dds",
        "useAnisotropic": true,
        "vertColor": true
      },
      {},
      {},
      {}
    ],
    "alphaRef": 0,
    "annotation": "BUILDINGS",
    "materialTag0": "beamng",
    "materialTag1": "building",
    "translucentBlendOp": "None"
  },
  "slabs_brutalist": {
    "name": "slabs_brutalist",
    "mapTo": "slabs_brutalist",
    "class": "Material",
    "persistentId": "867a4350-8e62-4dc6-8e9d-1fb5de835b1b",
    "Stages": [
      {
        "colorMap": "levels/west_coast_usa/art/shapes/buildings/slabs_brutalist_d.dds",
        "normalMap": "levels/west_coast_usa/art/shapes/buildings/slabs_brutalist_n.dds",
        "pixelSpecular": true,
        "roughnessFactor": 0.607767701,
        "specularMap": "levels/west_coast_usa/art/shapes/buildings/slabs_brutalist_s.dds",
        "useAnisotropic": true,
        "vertColor": true
      },
      {},
      {},
      {}
    ],
    "alphaRef": 0,
    "annotation": "BUILDINGS",
    "materialTag0": "beamng",
    "materialTag1": "building",
    "translucentBlendOp": "None"
  },
  "slabs_marble": {
    "name": "slabs_marble",
    "mapTo": "slabs_marble",
    "class": "Material",
    "persistentId": "293a4970-d13b-4ace-bd38-755dac3e3ce7",
    "Stages": [
      {
        "colorMap": "levels/west_coast_usa/art/shapes/buildings/slabs_marble_d.dds",
        "normalMap": "levels/west_coast_usa/art/shapes/buildings/slabs_marble_n.dds",
        "pixelSpecular": true,
        "reflectivityMap": "levels/west_coast_usa/art/shapes/buildings/slabs_marble_r.dds",
        "roughnessFactor": 0.607767701,
        "specularMap": "levels/west_coast_usa/art/shapes/buildings/slabs_marble_s.dds",
        "useAnisotropic": true,
        "vertColor": true
      },
      {},
      {},
      {}
    ],
    "alphaRef": 0,
    "annotation": "BUILDINGS",
    "cubemap": "cubemap_buildings_reflection",
    "materialTag0": "beamng",
    "materialTag1": "building",
    "translucentBlendOp": "None"
  },
  "stone_brick_irregular": {
    "name": "stone_brick_irregular",
    "mapTo": "stone_brick_irregular",
    "class": "Material",
    "persistentId": "a13496c1-912a-4943-a00f-bac48c930bab",
    "Stages": [
      {
        "colorMap": "levels/west_coast_usa/art/shapes/buildings/stone_brick_irregular_d.dds",
        "normalMap": "levels/west_coast_usa/art/shapes/buildings/stone_brick_irregular_n.dds",
        "pixelSpecular": true,
        "roughnessFactor": 0.607767701,
        "specularMap": "levels/west_coast_usa/art/shapes/buildings/stone_brick_irregular_s.dds",
        "useAnisotropic": true,
        "vertColor": true
      },
      {},
      {},
      {}
    ],
    "alphaRef": 0,
    "annotation": "BUILDINGS",
    "materialTag0": "beamng",
    "materialTag1": "building",
    "translucentBlendOp": "None"
  },
  "stone_brick_regular": {
    "name": "stone_brick_regular",
    "mapTo": "stone_brick_regular",
    "class": "Material",
    "persistentId": "cb09a7af-ee44-4c4e-abba-8a4e2df126d7",
    "Stages": [
      {
        "colorMap": "levels/west_coast_usa/art/shapes/buildings/stone_brick_regular_d.dds",
        "normalMap": "levels/west_coast_usa/art/shapes/buildings/stone_brick_regular_n.dds",
        "pixelSpecular": true,
        "roughnessFactor": 0.607767701,
        "specularMap": "levels/west_coast_usa/art/shapes/buildings/stone_brick_regular_s.dds",
        "useAnisotropic": true,
        "vertColor": true
      },
      {},
      {},
      {}
    ],
    "alphaRef": 0,
    "annotation": "BUILDINGS",
    "materialTag0": "beamng",
    "materialTag1": "building",
    "translucentBlendOp": "None"
  },
  "stone_joins": {
    "name": "stone_joins",
    "mapTo": "stone_joins",
    "class": "Material",
    "persistentId": "48108dfb-33bf-4923-813f-37ea4e9100d9",
    "Stages": [
      {
        "colorMap": "levels/west_coast_usa/art/shapes/buildings/stone_joins_d.dds",
        "normalMap": "levels/west_coast_usa/art/shapes/buildings/stone_joins_n.dds",
        "pixelSpecular": true,
        "roughnessFactor": 0.607767701,
        "specularMap": "levels/west_coast_usa/art/shapes/buildings/stone_joins_s.dds",
        "useAnisotropic": true,
        "vertColor": true
      },
      {},
      {},
      {}
    ],
    "alphaRef": 0,
    "annotation": "BUILDINGS",
    "materialTag0": "beamng",
    "materialTag1": "building",
    "translucentBlendOp": "None"
  },
  "stucco1_white": {
    "name": "stucco1_white",
    "mapTo": "stucco1_white",
    "class": "Material",
    "persistentId": "792bbe8c-0619-4978-84f2-f4723ffaeb45",
    "Stages": [
      {
        "colorMap": "levels/west_coast_usa/art/shapes/buildings/stucco1_white.dds",
        "normalMap": "levels/west_coast_usa/art/shapes/buildings/stucco1_n.dds",
        "pixelSpecular": true,
        "roughnessFactor": 0.607767701,
        "specularMap": "levels/west_coast_usa/art/shapes/buildings/stucco1_s.dds",
        "useAnisotropic": true,
        "vertColor": true
      },
      {},
      {},
      {}
    ],
    "alphaRef": 0,
    "annotation": "BUILDINGS",
    "materialTag0": "beamng",
    "materialTag1": "building"
  },
  "tent": {
    "name": "tent",
    "mapTo": "tent",
    "class": "Material",
    "persistentId": "9bd98bdd-a68f-49d4-b06d-148b9ee4d3a8",
    "Stages": [
      {
        "colorMap": "levels/west_coast_usa/art/shapes/buildings/tent_d.dds",
        "normalMap": "levels/west_coast_usa/art/shapes/buildings/tent_n.dds",
        "pixelSpecular": true,
        "roughnessFactor": 0.607767701,
        "specularMap": "levels/west_coast_usa/art/shapes/buildings/tent_s.dds",
        "useAnisotropic": true,
        "vertColor": true
      },
      {},
      {},
      {}
    ],
    "alphaRef": 0,
    "annotation": "BUILDINGS",
    "materialTag0": "beamng",
    "materialTag1": "building",
    "translucentBlendOp": "None"
  },
  "tiles_marble_square": {
    "name": "tiles_marble_square",
    "mapTo": "tiles_marble_square",
    "class": "Material",
    "persistentId": "a225c36d-19d2-4f0b-ab55-818cb77d513a",
    "Stages": [
      {
        "colorMap": "levels/west_coast_usa/art/shapes/buildings/tiles_marble_square_d.dds",
        "normalMap": "levels/west_coast_usa/art/shapes/buildings/tiles_marble_square_n.dds",
        "pixelSpecular": true,
        "reflectivityMap": "levels/west_coast_usa/art/shapes/buildings/tiles_marble_square_r.dds",
        "roughnessFactor": 0.607767701,
        "specularMap": "levels/west_coast_usa/art/shapes/buildings/tiles_marble_square_s.dds",
        "useAnisotropic": true,
        "vertColor": true
      },
      {},
      {},
      {}
    ],
    "alphaRef": 0,
    "annotation": "BUILDINGS",
    "cubemap": "cubemap_buildings_reflection",
    "materialTag0": "beamng",
    "materialTag1": "building",
    "translucentBlendOp": "None"
  },
  "tunnel": {
    "name": "tunnel",
    "mapTo": "tunnel",
    "class": "Material",
    "persistentId": "8691d8fe-0100-40c7-88de-d29ca4cb4eac",
    "Stages": [
      {
        "baseColorMap": "/levels/west_coast_usa/art/shapes/buildings/t_tunnel_b.color.png",
        "emissiveFactor": [
          1,
          0.999989986,
          0.999989986
        ],
        "emissiveMap": "/levels/west_coast_usa/art/shapes/buildings/t_tunnel_e.color.png",
        "normalMap": "/levels/west_coast_usa/art/shapes/buildings/t_tunnel_nm.normal.png",
        "pixelSpecular": true,
        "roughnessMap": "/levels/west_coast_usa/art/shapes/buildings/t_tunnel_r.data.png"
      },
      {
        "baseColorFactor": [
          1,
          0.699999988,
          0.5,
          1
        ],
        "baseColorMap": "levels/west_coast_usa/art/shapes/buildings/tunnel_g.dds",
        "emissive": true
      },
      {},
      {}
    ],
    "alphaRef": 0,
    "annotation": "BUILDINGS",
    "materialTag0": "beamng",
    "materialTag1": "building",
    "translucentBlendOp": "None",
    "version": 1.5
  },
  "vertexColor": {
    "name": "vertexColor",
    "mapTo": "vertexColor",
    "class": "Material",
    "persistentId": "0a3505fc-0f79-49c0-92fd-8037210054d1",
    "Stages": [
      {
        "pixelSpecular": true,
        "roughnessFactor": 0.607767701,
        "useAnisotropic": true,
        "vertColor": true
      },
      {},
      {},
      {}
    ],
    "alphaRef": 0,
    "materialTag0": "beamng",
    "materialTag1": "building",
    "translucentBlendOp": "None"
  },
  "walls_transparent": {
    "name": "walls_transparent",
    "mapTo": "walls_transparent",
    "class": "Material",
    "persistentId": "29265fa6-1a99-4983-9607-7aef556448a4",
    "Stages": [
      {
        "baseColorMap": "levels/west_coast_usa/art/shapes/buildings/walls_transparent_d.dds",
        "metallicFactor": 1,
        "normalMap": "levels/west_coast_usa/art/shapes/buildings/walls_transparent_n.dds",
        "opacityFactor": 0.500999987,
        "pixelSpecular": true,
        "roughnessFactor": 0,
        "vertColor": true
      },
      {},
      {},
      {}
    ],
    "alphaRef": 127,
    "annotation": "BUILDINGS",
    "dynamicCubemap": true,
    "materialTag0": "beamng",
    "materialTag1": "building",
    "translucent": true,
    "version": 1.5
  },
  "weatherboards": {
    "name": "weatherboards",
    "mapTo": "weatherboards",
    "class": "Material",
    "persistentId": "2fe866bc-75ff-4e19-a709-e52925dbb80f",
    "Stages": [
      {
        "colorMap": "levels/west_coast_usa/art/shapes/buildings/weatherboards1_white.dds",
        "normalMap": "levels/west_coast_usa/art/shapes/buildings/weatherboards1_n.dds",
        "pixelSpecular": true,
        "roughnessFactor": 0.607767701,
        "specularMap": "levels/west_coast_usa/art/shapes/buildings/weatherboards1_s.dds",
        "useAnisotropic": true,
        "vertColor": true
      },
      {},
      {},
      {}
    ],
    "alphaRef": 0,
    "annotation": "BUILDINGS",
    "groundType": "WOOD",
    "materialTag0": "beamng",
    "materialTag1": "building",
    "translucentBlendOp": "None"
  },
  "windows_doors_reflective": {
    "name": "windows_doors_reflective",
    "mapTo": "windows_doors_reflective",
    "class": "Material",
    "persistentId": "ebc74da1-01df-40bd-bc10-c140d6383517",
    "Stages": [
      {
        "colorMap": "levels/west_coast_usa/art/shapes/buildings/windows_doors_reflective_d.dds",
        "normalMap": "levels/west_coast_usa/art/shapes/buildings/windows_doors_reflective_n.dds",
        "pixelSpecular": true,
        "reflectivityMap": "levels/west_coast_usa/art/shapes/buildings/windows_doors_reflective_r.dds",
        "roughnessFactor": 0.607767701,
        "specularMap": "levels/west_coast_usa/art/shapes/buildings/windows_doors_reflective_s.dds",
        "useAnisotropic": true,
        "vertColor": true
      },
      {},
      {},
      {}
    ],
    "alphaRef": 127,
    "alphaTest": true,
    "annotation": "BUILDINGS",
    "cubemap": "cubemap_buildings_reflection",
    "materialTag0": "beamng",
    "materialTag1": "building",
    "translucentBlendOp": "None"
  },
  "wood_rough": {
    "name": "wood_rough",
    "mapTo": "wood_rough",
    "class": "Material",
    "persistentId": "6d6177bf-093f-4045-97ad-2e4a3e9b16dc",
    "Stages": [
      {
        "colorMap": "levels/west_coast_usa/art/shapes/buildings/wood_rough_d.dds",
        "normalMap": "levels/west_coast_usa/art/shapes/buildings/wood_rough_n.dds",
        "pixelSpecular": true,
        "roughnessFactor": 0.607767701,
        "specularMap": "levels/west_coast_usa/art/shapes/buildings/wood_rough_s.dds",
        "useAnisotropic": true,
        "vertColor": true
      },
      {},
      {},
      {}
    ],
    "alphaRef": 0,
    "annotation": "POLE",
    "groundType": "WOOD",
    "materialTag0": "beamng",
    "materialTag1": "building",
    "translucentBlendOp": "None"
  }
}