{
  "sumo_canal": {
    "name": "sumo_canal",
    "mapTo": "sumo_canal",
    "class": "Material",
    "persistentId": "0b2a4111-4209-46a8-aaee-6ffd27c82c66",
    "Stages": [
      {
        "colorMap": "/art/SumoMaterials/buildings/canal_d.dds",
        "detailMap": "/art/SumoMaterials/roads/Concrete-04-diff.dds",
        "detailScale": [
          6,
          6
        ],
        "normalMap": "/art/SumoMaterials/buildings/canal_n.dds",
        "pixelSpecular": true,
        "reflectivityMap": "/art/SumoMaterials/buildings/canal_r.dds",
        "roughnessFactor": 0.607767701,
        "specularMap": "/art/SumoMaterials/buildings/canal_s.dds",
        "useAnisotropic": true,
        "vertColor": true
      },
      {},
      {},
      {}
    ],
    "alphaRef": 0,
    "annotation": "BUILDINGS",
    "cubemap": "global_cubemap_metalblurred",
    "materialTag0": "beamng",
    "materialTag1": "building",
    "translucentBlendOp": "None"
  },
  "background_sky": {
    "name": "background_sky",
    "mapTo": "background_sky",
    "class": "Material",
    "persistentId": "41d2cdef-03fe-4b46-bf82-e15657d2e215",
    "Stages": [
      {
        "colorMap": "levels/glow_city/art/shapes/buildings/background_sky.dds",
        "emissive": true,
        "pixelSpecular": true,
        "specularPower": 1,
        "useAnisotropic": true
      },
      {},
      {},
      {}
    ],
    "alphaTest": true,
    "materialTag0": "beamng",
    "materialTag1": "powerglow",
    "translucent": true
  },
  "powerglow_gridmap_a": {
    "name": "powerglow_gridmap_a",
    "mapTo": "powerglow_gridmap_a",
    "class": "Material",
    "persistentId": "ec6bb16c-261e-4f0d-9129-93d24a31dfa1",
    "Stages": [
      {
        "colorMap": "levels/glow_city/art/shapes/buildings/powerglow_gridmap_a.dds",
        "emissive": true,
        "glow": true,
        "pixelSpecular": true,
        "specularPower": 0.2000000029802322,
        "useAnisotropic": true
      },
      {},
      {},
      {}
    ],
    "materialTag0": "beamng",
    "materialTag1": "powerglow"
  },
  "powerglow_gridmap_b": {
    "name": "powerglow_gridmap_b",
    "mapTo": "powerglow_gridmap_b",
    "class": "Material",
    "persistentId": "fda70a2d-586f-42cb-9455-9021275b1413",
    "Stages": [
      {
        "colorMap": "levels/glow_city/art/shapes/buildings/powerglow_gridmap_b.dds",
        "diffuseColor": [
          0.1381209939718246,
          0.05494299903512001,
          0,
          1
        ],
        "emissive": true,
        "pixelSpecular": true,
        "specularPower": 0.2000000029802322,
        "useAnisotropic": true
      },
      {},
      {},
      {}
    ],
    "materialTag0": "beamng",
    "materialTag1": "powerglow"
  },
  "traffic_lights": {
    "name": "traffic_lights",
    "mapTo": "traffic_lights",
    "class": "Material",
    "persistentId": "2f259261-e1d2-4683-800e-899605085004",
    "Stages": [
      {
        "animFlags": 1,
        "colorMap": "levels/glow_city/art/shapes/buildings/traffic_lights.dds",
        "diffuseColor": [
          0.9999899864196777,
          1,
          1,
          1
        ],
        "emissive": true,
        "glow": true,
        "pixelSpecular": true,
        "scrollDir": [
          -0.2039999961853027,
          0
        ],
        "scrollSpeed": 1.266999959945679,
        "specularPower": 1,
        "useAnisotropic": true
      },
      {},
      {},
      {}
    ],
    "materialTag0": "beamng",
    "materialTag1": "powerglow"
  },
  "trim_emissive": {
    "name": "trim_emissive",
    "mapTo": "trim_emissive",
    "class": "Material",
    "persistentId": "d1718a16-6082-410b-b2a3-54abee4ded4d",
    "Stages": [
      {
        "colorMap": "levels/glow_city/art/shapes/buildings/trim_emissive.dds",
        "diffuseColor": [
          0.9999960064888,
          1,
          0.9999899864196777,
          1
        ],
        "pixelSpecular": true,
        "specular": [
          1,
          0.5416960120201111,
          0.3186269998550415,
          1
        ],
        "specularPower": 0.300000011920929,
        "useAnisotropic": true
      },
      {
        "colorMap": "levels/glow_city/art/shapes/buildings/trim_emissive_glow.dds",
        "diffuseColor": [
          0.828728973865509,
          0.3468360006809235,
          0.1419370025396347,
          1
        ],
        "emissive": true,
        "glow": true
      },
      {},
      {}
    ],
    "materialTag0": "beamng",
    "materialTag1": "powerglow"
  },
  "trim_emissive_glow": {
    "name": "trim_emissive_glow",
    "mapTo": "trim_emissive_glow",
    "class": "Material",
    "persistentId": "287c96e3-274b-4865-adc4-ea475d944fe8",
    "Stages": [
      {
        "colorMap": "levels/glow_city/art/shapes/buildings/trim_emissive_glow.dds",
        "diffuseColor": [
          0.9058824181556702,
          0.4980392456054688,
          0.0941176563501358,
          1
        ],
        "emissive": true,
        "glow": true,
        "pixelSpecular": true,
        "specular": [
          1,
          0.5416960120201111,
          0.3186269998550415,
          1
        ],
        "specularPower": 0.300000011920929,
        "useAnisotropic": true
      },
      {
        "diffuseColor": [
          0.828728973865509,
          0.3468360006809235,
          0.1419370025396347,
          1
        ]
      },
      {},
      {}
    ],
    "alphaTest": true,
    "materialTag0": "beamng",
    "materialTag1": "powerglow",
    "translucent": true
  }
}