{
  "sumo_canal": {
    "name": "sumo_canal",
    "mapTo": "sumo_canal",
    "class": "Material",
    "persistentId": "0b2a4111-4209-46a8-aaee-6ffd27c82c66",
    "Stages": [
      {
        "colorMap": "/art/SumoMaterials/buildings/canal_d.dds",
        "detailMap": "/art/SumoMaterials/roads/Concrete-04-diff.dds",
        "detailScale": [
          6,
          6
        ],
        "normalMap": "/art/SumoMaterials/buildings/canal_n.dds",
        "pixelSpecular": true,
        "reflectivityMap": "/art/SumoMaterials/buildings/canal_r.dds",
        "roughnessFactor": 0.607767701,
        "specularMap": "/art/SumoMaterials/buildings/canal_s.dds",
        "useAnisotropic": true,
        "vertColor": true
      },
      {},
      {},
      {}
    ],
    "alphaRef": 0,
    "annotation": "BUILDINGS",
    "cubemap": "global_cubemap_metalblurred",
    "materialTag0": "beamng",
    "materialTag1": "building",
    "translucentBlendOp": "None"
  },
  "busstop": {
    "name": "busstop",
    "mapTo": "busstop",
    "class": "Material",
    "persistentId": "670a95d9-5f2c-4a49-9cca-520b89fa48a3",
    "Stages": [
      {
        "colorMap": "levels/italy/art/shapes/buildings/busstop_d.dds",
        "normalMap": "levels/italy/art/shapes/buildings/busstop_n.dds",
        "pixelSpecular": true,
        "reflectivityMap": "levels/italy/art/shapes/buildings/busstop_r.dds",
        "specularMap": "levels/italy/art/shapes/buildings/busstop_s.dds",
        "specularPower": 32,
        "useAnisotropic": true,
        "vertColor": true
      },
      {},
      {},
      {}
    ],
    "alphaRef": 64,
    "alphaTest": true,
    "cubemap": "global_cubemap_metalblurred",
    "groundType": "METAL",
    "translucentBlendOp": "None"
  },
  "ind_bld_extras": {
    "name": "ind_bld_extras",
    "mapTo": "ind_bld__2__extras",
    "class": "Material",
    "persistentId": "996dcb44-ddd3-4623-878a-f61d1b8151f8",
    "Stages": [
      {
        "colorMap": "ind_bld_buildingextras_d.dds",
        "pixelSpecular": true,
        "specularMap": "ind_bld_buildingextras_s.dds",
        "specularPower": 1
      },
      {},
      {},
      {}
    ],
    "groundType": "METAL",
    "materialTag0": "beamng",
    "materialTag1": "beamng",
    "materialTag2": "Industrial",
    "translucentBlendOp": "None"
  },
  "ind_plywood_old": {
    "name": "ind_plywood_old",
    "mapTo": "ind_plywood_old",
    "class": "Material",
    "persistentId": "22466117-6eb1-4877-b075-846ede29108b",
    "Stages": [
      {
        "colorMap": "/levels/italy/art/shapes/buildings/ind_plywood_d.color.png",
        "normalMap": "/levels/italy/art/shapes/buildings/ind_plywood_nm.normal.png",
        "overlayMap": "levels/italy/art/shapes/buildings/utah_breakup_texture.dds",
        "roughnessFactor": 0.879999995,
        "specularMap": "/levels/italy/art/shapes/buildings/ind_plywood_s.color.png",
        "useAnisotropic": true,
        "vertColor": true
      },
      {},
      {},
      {}
    ],
    "alphaRef": 121,
    "alphaTest": true,
    "annotation": "BUILDINGS",
    "doubleSided": true,
    "groundType": "WOOD",
    "invertBackFaceNormals": true,
    "materialTag0": "beamng",
    "materialTag1": "beamng",
    "materialTag2": "Industrial",
    "materialTag3": "vegetation",
    "materialTag4": "east_coast_usa",
    "specularStrength0": "0.294118",
    "specularStrength1": "0.2"
  },
  "it_concrete_roadside_walls": {
    "name": "it_concrete_roadside_walls",
    "mapTo": "it_concrete_roadside_walls",
    "class": "Material",
    "persistentId": "eff15c8f-7476-4094-842a-817fceb2d6bd",
    "Stages": [
      {
        "colorMap": "levels/italy/art/shapes/buildings/it_concrete_roadside_walls_d.dds",
        "detailScale": [
          0.300000012,
          0.300000012
        ],
        "normalMap": "levels/italy/art/shapes/buildings/it_concrete_roadside_walls_n.dds",
        "specularMap": "levels/italy/art/shapes/buildings/it_concrete_roadside_walls_s.dds",
        "useAnisotropic": true,
        "vertColor": true
      },
      {},
      {},
      {}
    ],
    "annotation": "BUILDINGS",
    "groundType": "ASPHALT_OLD",
    "materialTag0": "beamng",
    "materialTag1": "italy",
    "translucentBlendOp": "None"
  },
  "it_siding_tops": {
    "name": "it_siding_tops",
    "mapTo": "it_siding_tops",
    "class": "Material",
    "persistentId": "2020db95-a833-4199-9bdb-b94c8720a316",
    "Stages": [
      {
        "colorMap": "levels/italy/art/shapes/buildings/tops_cavity_d.dds",
        "detailMap": "levels/italy/art/shapes/buildings/detail_grunge_01_low_desat.dds",
        "detailScale": [
          6,
          6
        ],
        "normalMap": "levels/italy/art/shapes/buildings/tops_cavity_n.dds",
        "specularMap": "levels/italy/art/shapes/buildings/tops_cavity_s.dds",
        "useAnisotropic": true
      },
      {},
      {},
      {}
    ],
    "doubleSided": true,
    "groundType": "ROCK",
    "materialTag0": "beamng",
    "materialTag1": "italy",
    "translucentBlendOp": "None"
  },
  "it_stone_wall": {
    "name": "it_stone_wall",
    "mapTo": "it_stone_wall",
    "class": "Material",
    "persistentId": "a789524f-ead4-4eb1-99c0-56d0c4a19f36",
    "Stages": [
      {
        "colorMap": "levels/italy/art/shapes/buildings/stone_wall_d.dds",
        "detailNormalMap": "levels/italy/art/shapes/buildings/concrete-01_n.dds",
        "normalMap": "levels/italy/art/shapes/buildings/stone_wall_n.dds",
        "specularMap": "levels/italy/art/shapes/buildings/stone_wall_s.dds",
        "useAnisotropic": true
      },
      {},
      {},
      {}
    ],
    "groundType": "ROCK",
    "materialTag0": "beamng",
    "materialTag1": "italy",
    "translucentBlendOp": "None"
  },
  "italy_antenna": {
    "name": "italy_antenna",
    "mapTo": "italy_antenna",
    "class": "Material",
    "persistentId": "de46bbec-61fa-4f47-b6b2-47eddd03a5f1",
    "Stages": [
      {
        "colorMap": "levels/italy/art/shapes/buildings/italy_antenna_d.dds",
        "normalMap": "levels/italy/art/shapes/buildings/italy_antenna_n.dds",
        "pixelSpecular": true,
        "specularMap": "levels/italy/art/shapes/buildings/italy_antenna_s.dds",
        "specularPower": 26,
        "useAnisotropic": true,
        "vertColor": true
      },
      {},
      {},
      {}
    ],
    "alphaRef": 104,
    "alphaTest": true,
    "doubleSided": true,
    "groundType": "METAL",
    "invertBackFaceNormals": true,
    "materialTag0": "beamng",
    "materialTag1": "italy",
    "specularStrength0": "0.490196",
    "translucentBlendOp": "None"
  },
  "italy_asphalt": {
    "name": "italy_asphalt",
    "mapTo": "italy_asphalt",
    "class": "Material",
    "persistentId": "5a3ad3a2-64d3-42dd-9388-5d196809b4ab",
    "Stages": [
      {
        "ambientOcclusionMap": "/levels/italy/art/shapes/buildings/t_asphalt_ao.data.png",
        "baseColorFactor": [
          0.996078014,
          0.996078014,
          0.996078014,
          1
        ],
        "baseColorMap": "/levels/italy/art/shapes/buildings/t_asphalt_b.color.png",
        "detailMap": "/levels/italy/art/shapes/buildings/t_macro_asphalt_detail.data.png",
        "detailNormalMap": "/levels/italy/art/shapes/buildings/t_macro_asphalt_nm.normal.png",
        "detailNormalMapStrength": 0.5,
        "detailScale": [
          0.100000001,
          0.100000001
        ],
        "normalMap": "/levels/italy/art/shapes/buildings/t_asphalt_nm.normal.png",
        "roughnessMap": "/levels/italy/art/shapes/buildings/t_asphalt_r.data.png",
        "specular": [
          0.996078014,
          0.996078014,
          0.996078014,
          1
        ],
        "vertColor": true
      },
      {},
      {},
      {}
    ],
    "annotation": "ASPHALT",
    "groundType": "ASPHALT",
    "materialTag0": "beamng",
    "materialTag1": "italy",
    "specularStrength0": "0.490196",
    "translucentBlendOp": "None",
    "version": 1.5
  },
  "italy_billboards": {
    "name": "italy_billboards",
    "mapTo": "italy_billboards",
    "class": "Material",
    "persistentId": "0beeff77-4ad5-4ed2-bda0-a6b98fd5fc26",
    "Stages": [
      {
        "colorMap": "/levels/italy/art/shapes/buildings/italy_billboards_d.dds",
        "useAnisotropic": true,
        "vertColor": true
      },
      {},
      {},
      {}
    ],
    "annotation": "BUILDINGS",
    "groundType": "PLASTIC",
    "materialTag0": "beamng",
    "materialTag1": "sign",
    "materialTag2": "italy",
    "order_simset": 0,
    "specularStrength0": "0.490196",
    "translucentBlendOp": "None"
  },
  "italy_bld_balcony_rail": {
    "name": "italy_bld_balcony_rail",
    "mapTo": "italy_bld_balcony_rail",
    "class": "Material",
    "persistentId": "59fd1f1e-8854-4860-b9a4-eb7d4d5fec46",
    "Stages": [
      {
        "colorMap": "levels/italy/art/shapes/buildings/italy_bld_balcony_rail_d.dds",
        "detailNormalMapStrength": 0.5,
        "detailScale": [
          0.5,
          0.5
        ],
        "diffuseColor": [
          0.9960780143737792,
          0.9960780143737792,
          0.9960780143737792,
          1
        ],
        "normalMap": "levels/italy/art/shapes/buildings/italy_bld_balcony_rail_n.dds",
        "specular": [
          0.9960780143737792,
          0.9960780143737792,
          0.9960780143737792,
          1
        ],
        "specularMap": "levels/italy/art/shapes/buildings/italy_bld_balcony_rail_s.dds",
        "specularPower": 49,
        "vertColor": true
      },
      {},
      {},
      {}
    ],
    "alphaRef": 75,
    "alphaTest": true,
    "annotation": "BUILDINGS",
    "doubleSided": true,
    "groundType": "METAL",
    "invertBackFaceNormals": true,
    "materialTag0": "beamng",
    "materialTag1": "italy",
    "specularStrength0": "0.490196",
    "translucentBlendOp": "None"
  },
  "italy_bld_balcony_rail_details": {
    "name": "italy_bld_balcony_rail_details",
    "mapTo": "italy_bld_balcony_rail_details",
    "class": "Material",
    "persistentId": "2c4cd5bf-6f8f-400e-b610-731440dc76f2",
    "Stages": [
      {
        "colorMap": "levels/italy/art/shapes/buildings/italy_bld_balcony_rail_details_d.dds",
        "detailNormalMapStrength": 0.5,
        "detailScale": [
          0.5,
          0.5
        ],
        "diffuseColor": [
          0.9960780143737792,
          0.9960780143737792,
          0.9960780143737792,
          1
        ],
        "normalMap": "levels/italy/art/shapes/buildings/italy_bld_balcony_rail_details_n.dds",
        "specular": [
          0.9960780143737792,
          0.9960780143737792,
          0.9960780143737792,
          1
        ],
        "specularMap": "levels/italy/art/shapes/buildings/italy_bld_balcony_rail_details_s.dds",
        "specularPower": 19,
        "vertColor": true
      },
      {},
      {},
      {}
    ],
    "alphaRef": 75,
    "alphaTest": true,
    "annotation": "BUILDINGS",
    "doubleSided": true,
    "groundType": "METAL",
    "invertBackFaceNormals": true,
    "materialTag0": "beamng",
    "materialTag1": "italy",
    "specularStrength0": "0.490196",
    "translucentBlendOp": "None"
  },
  "italy_bld_big_beveled_bricks": {
    "name": "italy_bld_big_beveled_bricks",
    "mapTo": "italy_bld_big_beveled_bricks",
    "class": "Material",
    "persistentId": "ef494c43-2e3d-4b42-bb6a-214720c7b538",
    "Stages": [
      {
        "colorMap": "levels/italy/art/shapes/buildings/italy_bld_big_beveled_bricks_d.dds",
        "detailNormalMapStrength": 0.5,
        "detailScale": [
          1,
          1
        ],
        "diffuseColor": [
          0.9960780143737792,
          0.9960780143737792,
          0.9960780143737792,
          1
        ],
        "normalMap": "levels/italy/art/shapes/buildings/italy_bld_big_beveled_bricks_n.dds",
        "overlayMap": "levels/italy/art/shapes/buildings/italy_bld_dirt_2nd_UV.dds",
        "specular": [
          0.9960780143737792,
          0.9960780143737792,
          0.9960780143737792,
          1
        ],
        "specularMap": "levels/italy/art/shapes/buildings/italy_bld_big_beveled_bricks_s.dds",
        "specularPower": 19,
        "vertColor": true
      },
      {},
      {},
      {}
    ],
    "annotation": "BUILDINGS",
    "groundType": "ASPHALT_OLD",
    "materialTag0": "beamng",
    "materialTag1": "italy",
    "specularStrength0": "0.490196",
    "translucentBlendOp": "None"
  },
  "italy_bld_big_flat_bricks": {
    "name": "italy_bld_big_flat_bricks",
    "mapTo": "italy_bld_big_flat_bricks",
    "class": "Material",
    "persistentId": "1abc76aa-14ea-4d35-845e-3580ed9e3c14",
    "Stages": [
      {
        "colorMap": "levels/italy/art/shapes/buildings/italy_bld_big_flat_bricks_d.dds",
        "detailMap": "levels/italy/art/shapes/buildings/detail_map_leaks_01.dds",
        "detailNormalMapStrength": 0.5,
        "detailScale": [
          0.300000011920929,
          0.300000011920929
        ],
        "diffuseColor": [
          0.9960780143737792,
          0.9960780143737792,
          0.9960780143737792,
          1
        ],
        "normalMap": "levels/italy/art/shapes/buildings/italy_bld_big_flat_bricks_n.dds",
        "overlayMap": "levels/italy/art/shapes/buildings/italy_bld_dirt_2nd_UV.dds",
        "specular": [
          0.9960780143737792,
          0.9960780143737792,
          0.9960780143737792,
          1
        ],
        "specularMap": "levels/italy/art/shapes/buildings/italy_bld_big_flat_bricks_s.dds",
        "specularPower": 19,
        "vertColor": true
      },
      {},
      {},
      {}
    ],
    "annotation": "BUILDINGS",
    "groundType": "ASPHALT_OLD",
    "materialTag0": "beamng",
    "materialTag1": "italy",
    "specularStrength0": "0.490196",
    "translucentBlendOp": "None"
  },
  "italy_bld_big_flat_bricks_row": {
    "name": "italy_bld_big_flat_bricks_row",
    "mapTo": "italy_bld_big_flat_bricks_row",
    "class": "Material",
    "persistentId": "1890d79c-841a-4fa8-9558-237ef7c1f7db",
    "Stages": [
      {
        "colorMap": "levels/italy/art/shapes/buildings/Italy_bld_big_flat_bricks_row_d.dds",
        "detailNormalMapStrength": 0.5,
        "detailScale": [
          8,
          8
        ],
        "diffuseColor": [
          0.9960780143737792,
          0.9960780143737792,
          0.9960780143737792,
          1
        ],
        "normalMap": "levels/italy/art/shapes/buildings/Italy_bld_big_flat_bricks_row_n.dds",
        "specular": [
          0.9960780143737792,
          0.9960780143737792,
          0.9960780143737792,
          1
        ],
        "specularMap": "levels/italy/art/shapes/buildings/Italy_bld_big_flat_bricks_row_s.dds",
        "specularPower": 19,
        "vertColor": true
      },
      {},
      {},
      {}
    ],
    "annotation": "BUILDINGS",
    "groundType": "ASPHALT_OLD",
    "materialTag0": "beamng",
    "materialTag1": "italy",
    "specularStrength0": "0.490196",
    "translucentBlendOp": "None"
  },
  "italy_bld_commercial_clutter": {
    "name": "italy_bld_commercial_clutter",
    "mapTo": "italy_bld_commercial_clutter",
    "class": "Material",
    "persistentId": "146c9a88-029b-418d-829c-fbc80ca541ae",
    "Stages": [
      {
        "colorMap": "levels/italy/art/shapes/buildings/Italy_bld_commercial_clutter.dds",
        "detailNormalMapStrength": 0.5,
        "detailScale": [
          3,
          3
        ],
        "diffuseColor": [
          0.9960780143737792,
          0.9960780143737792,
          0.9960780143737792,
          0.867999971
        ],
        "specular": [
          0.9960780143737792,
          0.9960780143737792,
          0.9960780143737792,
          1
        ],
        "specularPower": 66,
        "useAnisotropic": true,
        "vertColor": true
      },
      {},
      {},
      {}
    ],
    "alphaRef": 205,
    "alphaTest": true,
    "annotation": "BUILDINGS",
    "groundType": "METAL",
    "materialTag0": "beamng",
    "materialTag1": "italy",
    "specularStrength0": "0.490196",
    "translucentBlendOp": "Sub"
  },
  "italy_bld_concrete": {
    "name": "italy_bld_concrete",
    "mapTo": "italy_bld_concrete",
    "class": "Material",
    "persistentId": "d2c4e663-6c93-4b84-a2e8-ae15cebe5e5d",
    "Stages": [
      {
        "colorMap": "levels/italy/art/shapes/buildings/italy_bld_concrete_d.dds",
        "detailMap": "levels/italy/art/shapes/buildings/detail_grunge_03.dds",
        "detailNormalMapStrength": 0.5,
        "detailScale": [
          0.200000003,
          0.200000003
        ],
        "diffuseColor": [
          0.996078014,
          0.996078014,
          0.996078014,
          1
        ],
        "normalMap": "levels/italy/art/shapes/buildings/italy_bld_concrete_n.dds",
        "roughnessFactor": 0.690170288,
        "specular": [
          0.996078014,
          0.996078014,
          0.996078014,
          1
        ],
        "specularMap": "levels/italy/art/shapes/buildings/italy_bld_concrete_s.dds",
        "vertColor": true
      },
      {},
      {},
      {}
    ],
    "annotation": "BUILDINGS",
    "groundType": "ASPHALT_OLD",
    "materialTag0": "beamng",
    "materialTag1": "italy",
    "specularStrength0": "0.490196",
    "translucentBlendOp": "None"
  },
  "italy_bld_decals": {
    "name": "italy_bld_decals",
    "mapTo": "italy_bld_decals",
    "class": "Material",
    "persistentId": "99a4e03f-efbb-42a2-b9f9-208454c89c0b",
    "Stages": [
      {
        "colorMap": "levels/italy/art/shapes/buildings/italy_bld_decals.dds",
        "detailNormalMapStrength": 0.5,
        "detailScale": [
          8,
          8
        ],
        "diffuseColor": [
          0.9960780143737792,
          0.9960780143737792,
          0.9960780143737792,
          0.702000022
        ],
        "normalMap": "levels/italy/art/shapes/buildings/italy_bld_decals_n.dds",
        "pixelSpecular": true,
        "specular": [
          0.9960780143737792,
          0.9960780143737792,
          0.9960780143737792,
          1
        ],
        "specularPower": 26,
        "vertColor": true
      },
      {},
      {},
      {}
    ],
    "alphaRef": 0,
    "alphaTest": true,
    "annotation": "BUILDINGS",
    "groundType": "SOFT_COLLISION_GENERAL",
    "materialTag0": "beamng",
    "materialTag1": "italy",
    "specularStrength0": "0.490196",
    "translucent": true,
    "translucentZWrite": true
  },
  "italy_bld_decals_graffiti": {
    "name": "italy_bld_decals_graffiti",
    "mapTo": "italy_bld_decals_graffiti",
    "class": "Material",
    "persistentId": "6467225a-0d3e-4407-924a-8d7028f499a6",
    "Stages": [
      {
        "colorMap": "levels/italy/art/shapes/buildings/italy_bld_decals_graffiti.dds",
        "detailNormalMapStrength": 0.5,
        "detailScale": [
          8,
          8
        ],
        "diffuseColor": [
          0.9960780143737792,
          0.9960780143737792,
          0.9960780143737792,
          0.867999971
        ],
        "pixelSpecular": true,
        "specular": [
          0.9960780143737792,
          0.9960780143737792,
          0.9960780143737792,
          1
        ],
        "specularPower": 26,
        "vertColor": true
      },
      {},
      {},
      {}
    ],
    "alphaRef": 0,
    "alphaTest": true,
    "annotation": "BUILDINGS",
    "groundType": "SOFT_COLLISION_GENERAL",
    "materialTag0": "beamng",
    "materialTag1": "italy",
    "specularStrength0": "0.490196",
    "translucent": true,
    "translucentZWrite": true
  },
  "italy_bld_details_metal": {
    "name": "italy_bld_details_metal",
    "mapTo": "italy_bld_details_metal",
    "class": "Material",
    "persistentId": "20d1bae6-c4bc-4c68-89d0-1daa2c769fde",
    "Stages": [
      {
        "colorMap": "levels/italy/art/shapes/buildings/italy_bld_metal_details_d.dds",
        "detailNormalMapStrength": 0.5,
        "detailScale": [
          0.5,
          0.5
        ],
        "diffuseColor": [
          0.9960780143737792,
          0.9960780143737792,
          0.9960780143737792,
          0.1570000052452087
        ],
        "normalMap": "levels/italy/art/shapes/buildings/italy_bld_metal_details_n.dds",
        "specular": [
          0.9960780143737792,
          0.9960780143737792,
          0.9960780143737792,
          1
        ],
        "specularMap": "levels/italy/art/shapes/buildings/italy_bld_metal_details_s.dds",
        "specularPower": 16,
        "vertColor": true
      },
      {},
      {},
      {}
    ],
    "alphaRef": 8,
    "alphaTest": true,
    "annotation": "BUILDINGS",
    "cubemap": "global_cubemap_metalblurred",
    "groundType": "METAL",
    "materialTag0": "beamng",
    "materialTag1": "italy",
    "specularStrength0": "0.490196",
    "translucentBlendOp": "None"
  },
  "italy_bld_electric_wire": {
    "name": "italy_bld_electric_wire",
    "mapTo": "italy_bld_electric_wire",
    "class": "Material",
    "persistentId": "cc041b86-994b-45b6-9d94-774eef038956",
    "Stages": [
      {
        "colorMap": "levels/italy/art/shapes/buildings/italy_bld_electric_wire_d.dds",
        "detailNormalMapStrength": 0.5,
        "detailScale": [
          0.5,
          0.5
        ],
        "diffuseColor": [
          0.623529434,
          0.623529434,
          0.627451003,
          1
        ],
        "normalMap": "levels/italy/art/shapes/buildings/italy_bld_electric_wire_n.dds",
        "specular": [
          0.9960780143737792,
          0.9960780143737792,
          0.9960780143737792,
          1
        ],
        "specularMap": "levels/italy/art/shapes/buildings/italy_bld_electric_wire_s.dds",
        "specularPower": 19,
        "vertColor": true
      },
      {},
      {},
      {}
    ],
    "alphaRef": 113,
    "alphaTest": true,
    "annotation": "BUILDINGS",
    "groundType": "SOFT_COLLISION_GENERAL",
    "materialTag0": "beamng",
    "materialTag1": "italy",
    "specularStrength0": "0.490196"
  },
  "italy_bld_fabric": {
    "name": "italy_bld_fabric",
    "mapTo": "italy_bld_fabric",
    "class": "Material",
    "persistentId": "0cf9636b-11f1-47cc-8b3d-fe67ec0dd413",
    "Stages": [
      {
        "colorMap": "levels/italy/art/shapes/buildings/italy_bld_fabric_d.dds",
        "detailNormalMapStrength": 0.5,
        "detailScale": [
          1,
          1
        ],
        "diffuseColor": [
          0.9960780143737792,
          0.9960780143737792,
          0.9960780143737792,
          1
        ],
        "normalMap": "levels/italy/art/shapes/buildings/italy_bld_fabric_n.dds",
        "specular": [
          0.9960780143737792,
          0.9960780143737792,
          0.9960780143737792,
          1
        ],
        "specularMap": "levels/italy/art/shapes/buildings/italy_bld_fabric_s.dds",
        "specularPower": 1,
        "vertColor": true
      },
      {},
      {},
      {}
    ],
    "alphaRef": 220,
    "alphaTest": true,
    "annotation": "BUILDINGS",
    "doubleSided": true,
    "groundType": "SOFT_COLLISION_GENERAL",
    "invertBackFaceNormals": true,
    "materialTag0": "beamng",
    "materialTag1": "italy",
    "specularStrength0": "0.490196",
    "translucentBlendOp": "None"
  },
  "italy_bld_glass": {
    "name": "italy_bld_glass",
    "mapTo": "italy_bld_glass",
    "class": "Material",
    "persistentId": "91f4eadb-07a6-47a3-8e8a-5b3b28c068b7",
    "Stages": [
      {
        "colorMap": "levels/italy/art/shapes/buildings/Italy_bld_glass_d.dds",
        "detailScale": [
          0.300000012,
          0.300000012
        ],
        "diffuseColor": [
          0.988235354,
          0.988235354,
          0.988235354,
          0.347000003
        ],
        "roughnessFactor": 0.690170348,
        "specular": [
          0.996078014,
          0.996078014,
          0.996078014,
          1
        ]
      },
      {
        "detailNormalMapStrength": 0.5,
        "useAnisotropic": true,
        "vertColor": true
      },
      {},
      {}
    ],
    "annotation": "BUILDINGS",
    "cubemap": "cubemap_italy_city_reflection",
    "groundType": "PLASTIC",
    "materialTag0": "beamng",
    "materialTag1": "italy",
    "order_simset": -1082130432,
    "specularStrength0": "0.490196",
    "translucentBlendOp": "None"
  },
  "italy_bld_glass_transparent": {
    "name": "italy_bld_glass_transparent",
    "mapTo": "italy_bld_glass_transparent",
    "class": "Material",
    "persistentId": "966c21a4-9d74-4958-9612-b543977f49db",
    "Stages": [
      {
        "colorMap": "levels/italy/art/shapes/buildings/italy_bld_glass_d.dds",
        "detailNormalMapStrength": 0.5,
        "detailScale": [
          8,
          8
        ],
        "diffuseColor": [
          0,
          0.662744999,
          1,
          0.54430002
        ],
        "roughnessFactor": 0.690170348,
        "specular": [
          0.996078014,
          0.996078014,
          0.996078014,
          1
        ],
        "specularMap": "levels/italy/art/shapes/buildings/Italy_bld_glass_s.dds"
      },
      {},
      {},
      {}
    ],
    "alphaRef": 0,
    "annotation": "BUILDINGS",
    "cubemap": "cubemap_italy_city_reflection",
    "groundType": "METAL",
    "materialTag0": "beamng",
    "materialTag1": "italy",
    "order_simset": -1082130432,
    "specularStrength0": "0.490196",
    "translucent": true,
    "translucentBlendOp": "Sub"
  },
  "italy_bld_hpaver": {
    "name": "italy_bld_hpaver",
    "mapTo": "italy_bld_hpaver",
    "class": "Material",
    "persistentId": "2a3da325-e0af-4ec4-b455-3e88d7bd6247",
    "Stages": [
      {
        "colorMap": "italy_hpaver_d.dds",
        "detailNormalMapStrength": 0.5,
        "detailScale": [
          0.400000006,
          0.400000006
        ],
        "diffuseColor": [
          0.9960780143737792,
          0.9960780143737792,
          0.9960780143737792,
          1
        ],
        "normalMap": "italy_hpaver_n.dds",
        "specular": [
          0.9960780143737792,
          0.9960780143737792,
          0.9960780143737792,
          1
        ],
        "specularMap": "italy_hpaver_s.dds",
        "specularPower": 19,
        "useAnisotropic": true
      },
      {},
      {},
      {}
    ],
    "doubleSided": true,
    "groundType": "COBBLESTONE",
    "materialTag0": "beamng",
    "materialTag1": "italy",
    "translucentBlendOp": "None"
  },
  "italy_bld_ind_windows": {
    "name": "italy_bld_ind_windows",
    "mapTo": "Italy_bld_ind_windows",
    "class": "Material",
    "persistentId": "18209761-a1b1-42ea-8047-f65f67e56056",
    "Stages": [
      {
        "colorMap": "levels/italy/art/shapes/buildings/Italy_bld_ind_windows_d.dds",
        "detailNormalMapStrength": 0.5,
        "detailScale": [
          8,
          8
        ],
        "diffuseColor": [
          0.996078014,
          0.996078014,
          0.996078014,
          0.867999971
        ],
        "normalMap": "levels/italy/art/shapes/buildings/Italy_bld_ind_windows_n.dds",
        "reflectivityMap": "levels/italy/art/shapes/buildings/Italy_bld_ind_windows_r.dds",
        "roughnessFactor": 0.690170348,
        "specular": [
          0.996078014,
          0.996078014,
          0.996078014,
          1
        ],
        "specularMap": "levels/italy/art/shapes/buildings/Italy_bld_ind_windows_s.dds",
        "vertColor": true
      },
      {},
      {},
      {}
    ],
    "alphaRef": 197,
    "alphaTest": true,
    "cubemap": "cubemap_italy_city_reflection",
    "groundType": "PLASTIC",
    "materialTag0": "beamng",
    "materialTag1": "italy",
    "order_simset": -1082130432,
    "specularStrength0": "0.490196"
  },
  "italy_bld_light_glow": {
    "name": "italy_bld_light_glow",
    "mapTo": "italy_bld_light_glow",
    "class": "Material",
    "persistentId": "2bef7fed-a451-4b5d-95a2-8ebe0cc5d5d1",
    "Stages": [
      {
        "diffuseColor": [
          1,
          0.9999899864196776,
          0.9999899864196776,
          1
        ],
        "emissive": true,
        "glow": true,
        "pixelSpecular": true,
        "specularPower": 32,
        "useAnisotropic": true,
        "vertColor": true
      },
      {},
      {},
      {}
    ],
    "alphaRef": 239,
    "annotation": "TRAFFIC_SIGNALS",
    "castShadows": false,
    "groundType": "PLASTIC",
    "materialTag0": "beamng",
    "materialTag1": "vehicle",
    "translucent": true,
    "translucentBlendOp": "AddAlpha"
  },
  "italy_bld_metal": {
    "name": "italy_bld_metal",
    "mapTo": "italy_bld_metal",
    "class": "Material",
    "persistentId": "6919d035-1fff-49a6-a29d-d31038008aa0",
    "Stages": [
      {
        "colorMap": "levels/italy/art/shapes/buildings/italy_bld_metal_d.dds",
        "detailNormalMapStrength": 0.5,
        "detailScale": [
          1,
          1
        ],
        "diffuseColor": [
          0.9960780143737792,
          0.9960780143737792,
          0.9960780143737792,
          0.074000001
        ],
        "normalMap": "levels/italy/art/shapes/buildings/italy_bld_metal_n.dds",
        "specular": [
          0.9960780143737792,
          0.9960780143737792,
          0.9960780143737792,
          1
        ],
        "specularMap": "levels/italy/art/shapes/buildings/italy_bld_metal_s.dds",
        "specularPower": 36,
        "vertColor": true
      },
      {},
      {},
      {}
    ],
    "alphaRef": 0,
    "cubemap": "global_cubemap_metalblurred",
    "doubleSided": true,
    "groundType": "METAL",
    "materialTag0": "beamng",
    "materialTag1": "italy",
    "specularStrength0": "0.490196",
    "translucentBlendOp": "None"
  },
  "italy_bld_object_atlas": {
    "name": "italy_bld_object_atlas",
    "mapTo": "italy_bld_object_atlas",
    "class": "Material",
    "persistentId": "9324086f-6225-4580-86fa-04c50a1718f1",
    "Stages": [
      {
        "colorMap": "levels/italy/art/shapes/buildings/italy_bld_object_atlas_d.dds",
        "detailMap": "levels/italy/art/shapes/buildings/detail_grunge_03.dds",
        "detailNormalMapStrength": 0.5,
        "detailScale": [
          0.300000011920929,
          0.300000011920929
        ],
        "diffuseColor": [
          0.9960780143737792,
          0.9960780143737792,
          0.9960780143737792,
          1
        ],
        "normalMap": "levels/italy/art/shapes/buildings/italy_bld_object_atlas_n.dds",
        "pixelSpecular": true,
        "specular": [
          0.9960780143737792,
          0.9960780143737792,
          0.9960780143737792,
          1
        ],
        "specularMap": "levels/italy/art/shapes/buildings/italy_bld_object_atlas_s.dds",
        "specularPower": 39,
        "vertColor": true
      },
      {},
      {},
      {}
    ],
    "annotation": "BUILDINGS",
    "doubleSided": true,
    "groundType": "ASPHALT_OLD",
    "materialTag0": "beamng",
    "materialTag1": "italy",
    "specularStrength0": "0.490196",
    "translucentBlendOp": "None"
  },
  "italy_bld_old_bricks": {
    "name": "italy_bld_old_bricks",
    "mapTo": "italy_bld_old_bricks",
    "class": "Material",
    "persistentId": "cbe45615-48ad-4ebf-b68d-8214024c0405",
    "Stages": [
      {
        "colorMap": "levels/italy/art/shapes/buildings/italy_bld_old_bricks_d.dds",
        "detailMap": "levels/italy/art/shapes/buildings/detail_map_leaks_01.dds",
        "detailNormalMapStrength": 0.5,
        "detailScale": [
          0.300000011920929,
          0.300000011920929
        ],
        "diffuseColor": [
          0.9960780143737792,
          0.9960780143737792,
          0.9960780143737792,
          1
        ],
        "normalMap": "levels/italy/art/shapes/buildings/italy_bld_old_bricks_n.dds",
        "specular": [
          0.9960780143737792,
          0.9960780143737792,
          0.9960780143737792,
          1
        ],
        "specularMap": "levels/italy/art/shapes/buildings/italy_bld_old_bricks_s.dds",
        "specularPower": 19,
        "vertColor": true
      },
      {},
      {},
      {}
    ],
    "annotation": "BUILDINGS",
    "groundType": "COBBLESTONE",
    "materialTag0": "beamng",
    "materialTag1": "italy",
    "specularStrength0": "0.490196",
    "translucentBlendOp": "None"
  },
  "italy_bld_old_concrete": {
    "name": "italy_bld_old_concrete",
    "mapTo": "italy_bld_old_concrete",
    "class": "Material",
    "persistentId": "d1c65b0d-2c03-4f31-9f2b-3641812cc801",
    "Stages": [
      {
        "colorMap": "/levels/italy/art/shapes/buildings/italy_bld_old_concrete_d.dds",
        "detailMap": "/levels/italy/art/shapes/buildings/t_grunge_03_detail.data.png",
        "detailNormalMapStrength": 0.400000006,
        "detailScale": [
          0.200000003,
          0.200000003
        ],
        "diffuseColor": [
          0.996078014,
          0.996078014,
          0.996078014,
          1
        ],
        "normalMap": "/levels/italy/art/shapes/buildings/italy_bld_old_concrete_n.dds",
        "specular": [
          0.996078014,
          0.996078014,
          0.996078014,
          1
        ],
        "specularMap": "/levels/italy/art/shapes/buildings/italy_bld_old_concrete_s.dds",
        "useAnisotropic": true,
        "vertColor": true
      },
      {},
      {},
      {}
    ],
    "annotation": "BUILDINGS",
    "groundType": "ASPHALT_OLD",
    "materialTag0": "beamng",
    "materialTag1": "italy",
    "specularStrength0": "0.490196",
    "translucentBlendOp": "None"
  },
  "italy_bld_ornaments_concrete": {
    "name": "italy_bld_ornaments_concrete",
    "mapTo": "italy_bld_ornaments_concrete",
    "class": "Material",
    "persistentId": "93e6cec0-5e31-4716-be71-5b050be2c353",
    "Stages": [
      {
        "colorMap": "levels/italy/art/shapes/buildings/Italy_bld_ornaments_concrete_d.dds",
        "detailNormalMapStrength": 0.5,
        "detailScale": [
          0.5,
          0.5
        ],
        "diffuseColor": [
          0.9960780143737792,
          0.9960780143737792,
          0.9960780143737792,
          1
        ],
        "normalMap": "levels/italy/art/shapes/buildings/Italy_bld_ornaments_concrete_n.dds",
        "specular": [
          0.9960780143737792,
          0.9960780143737792,
          0.9960780143737792,
          1
        ],
        "specularMap": "levels/italy/art/shapes/buildings/Italy_bld_ornaments_concrete_s.dds",
        "specularPower": 21,
        "vertColor": true
      },
      {},
      {},
      {}
    ],
    "alphaRef": 90,
    "alphaTest": true,
    "annotation": "BUILDINGS",
    "groundType": "SOFT_COLLISION_GENERAL",
    "materialTag0": "beamng",
    "materialTag1": "italy",
    "specularStrength0": "0.490196",
    "translucent": true,
    "translucentBlendOp": "None",
    "translucentZWrite": true
  },
  "italy_bld_rollupdoor": {
    "name": "italy_bld_rollupdoor",
    "mapTo": "italy_bld_rollupdoor",
    "class": "Material",
    "persistentId": "3b682c2f-71e1-45e8-b83f-59665a934f71",
    "Stages": [
      {
        "colorMap": "levels/italy/art/shapes/buildings/italy_bld_rollupdoor_d.dds",
        "detailNormalMapStrength": 0.5,
        "detailScale": [
          0.5,
          0.5
        ],
        "diffuseColor": [
          0.9960780143737792,
          0.9960780143737792,
          0.9960780143737792,
          0.2000000029802322
        ],
        "normalMap": "levels/italy/art/shapes/buildings/italy_bld_rollupdoor_n.dds",
        "pixelSpecular": true,
        "specular": [
          0.9960780143737792,
          0.9960780143737792,
          0.9960780143737792,
          1
        ],
        "specularMap": "levels/italy/art/shapes/buildings/italy_bld_rollupdoor_s.dds",
        "specularPower": 24,
        "vertColor": true
      },
      {},
      {},
      {}
    ],
    "annotation": "BUILDINGS",
    "cubemap": "global_cubemap_metalblurred",
    "groundType": "METAL",
    "materialTag0": "beamng",
    "materialTag1": "italy",
    "specularStrength0": "0.490196",
    "translucentBlendOp": "None"
  },
  "italy_bld_roof_tiles": {
    "name": "italy_bld_roof_tiles",
    "mapTo": "italy_bld_roof_tiles",
    "class": "Material",
    "persistentId": "827a6463-50c4-44f1-930c-8f54b5ec5d2f",
    "Stages": [
      {
        "colorMap": "levels/italy/art/shapes/buildings/Italy_bld_roof_tiles_d.dds",
        "detailMap": "levels/italy/art/shapes/buildings/detail_map_leaks_01.dds",
        "detailScale": [
          1,
          1
        ],
        "normalMap": "levels/italy/art/shapes/buildings/Italy_bld_roof_tiles_n.dds",
        "overlayMap": "levels/italy/art/shapes/buildings/Italy_bld_roof_tiles_dirt.dds",
        "pixelSpecular": true,
        "specularMap": "levels/italy/art/shapes/buildings/Italy_bld_roof_tiles_s.dds",
        "specularPower": 54,
        "vertColor": true
      },
      {},
      {},
      {}
    ],
    "groundType": "ROCK",
    "materialTag0": "beamng",
    "materialTag1": "italy",
    "specularStrength0": "0.490196"
  },
  "italy_bld_shopwindow_clutter": {
    "name": "italy_bld_shopwindow_clutter",
    "mapTo": "italy_bld_shopwindow_clutter",
    "class": "Material",
    "persistentId": "bc812ba5-0353-4366-8312-eadd7532e115",
    "Stages": [
      {
        "colorMap": "levels/italy/art/shapes/buildings/italy_bld_shopwindow_clutter_d.dds",
        "detailNormalMapStrength": 0.5,
        "detailScale": [
          8,
          8
        ],
        "diffuseColor": [
          0.9960780143737792,
          0.9960780143737792,
          0.9960780143737792,
          0.711000025
        ],
        "specular": [
          0.9960780143737792,
          0.9960780143737792,
          0.9960780143737792,
          1
        ],
        "specularMap": "levels/italy/art/shapes/buildings/italy_bld_shopwindow_clutter_s.dds",
        "specularPower": 26,
        "vertColor": true
      },
      {},
      {},
      {}
    ],
    "alphaRef": 197,
    "annotation": "BUILDINGS",
    "cubemap": "cubemap_italy_city_reflection_cubemap",
    "groundType": "SOFT_COLLISION_GENERAL",
    "materialTag0": "beamng",
    "materialTag1": "italy",
    "specularStrength0": "0.490196",
    "translucentBlendOp": "None"
  },
  "italy_bld_trim_concrete": {
    "name": "italy_bld_trim_concrete",
    "mapTo": "italy_bld_trim_concrete",
    "class": "Material",
    "persistentId": "465688da-69a8-4b4b-89e4-bdcd9a730b79",
    "Stages": [
      {
        "colorMap": "levels/italy/art/shapes/buildings/italy_bld_trim_concrete_d.dds",
        "detailNormalMapStrength": 0.5,
        "detailScale": [
          1,
          1
        ],
        "diffuseColor": [
          0.9960780143737792,
          0.9960780143737792,
          0.9960780143737792,
          0.0160000008
        ],
        "normalMap": "levels/italy/art/shapes/buildings/italy_bld_trim_concrete_n.dds",
        "specular": [
          0.9960780143737792,
          0.9960780143737792,
          0.9960780143737792,
          1
        ],
        "specularMap": "levels/italy/art/shapes/buildings/italy_bld_trim_concrete_s.dds",
        "specularPower": 19,
        "vertColor": true
      },
      {},
      {},
      {}
    ],
    "annotation": "BUILDINGS",
    "groundType": "SOFT_COLLISION_GENERAL",
    "materialTag0": "beamng",
    "materialTag1": "italy",
    "specularStrength0": "0.490196",
    "translucentBlendOp": "None"
  },
  "italy_bld_trim_metal": {
    "name": "italy_bld_trim_metal",
    "mapTo": "italy_bld_trim_metal",
    "class": "Material",
    "persistentId": "880141b1-c0d5-40e9-b097-89ab16f9c691",
    "Stages": [
      {
        "colorMap": "levels/italy/art/shapes/buildings/italy_bld_trim_metal_d.dds",
        "detailNormalMapStrength": 0.5,
        "detailScale": [
          0.5,
          0.5
        ],
        "diffuseColor": [
          0.9960780143737792,
          0.9960780143737792,
          0.9960780143737792,
          0.2000000029802322
        ],
        "normalMap": "levels/italy/art/shapes/buildings/italy_bld_trim_metal_n.dds",
        "pixelSpecular": true,
        "specular": [
          0.9960780143737792,
          0.9960780143737792,
          0.9960780143737792,
          1
        ],
        "specularMap": "levels/italy/art/shapes/buildings/italy_bld_trim_metal_s.dds",
        "specularPower": 51,
        "vertColor": true
      },
      {},
      {},
      {}
    ],
    "annotation": "BUILDINGS",
    "cubemap": "global_cubemap_metalblurred",
    "doubleSided": true,
    "groundType": "METAL",
    "invertBackFaceNormals": true,
    "materialTag0": "beamng",
    "materialTag1": "italy",
    "specularStrength0": "0.490196",
    "translucentBlendOp": "None"
  },
  "italy_bld_trim_wood": {
    "name": "italy_bld_trim_wood",
    "mapTo": "italy_bld_trim_wood",
    "class": "Material",
    "persistentId": "479729c7-2b90-4c71-b19d-3cfa2e3e9269",
    "Stages": [
      {
        "colorMap": "levels/italy/art/shapes/buildings/italy_bld_trim_wood_d.dds",
        "detailNormalMapStrength": 0.5,
        "detailScale": [
          1,
          1
        ],
        "diffuseColor": [
          0.9960780143737792,
          0.9960780143737792,
          0.9960780143737792,
          0.0160000008
        ],
        "normalMap": "levels/italy/art/shapes/buildings/italy_bld_trim_wood_n.dds",
        "specular": [
          0.9960780143737792,
          0.9960780143737792,
          0.9960780143737792,
          1
        ],
        "specularMap": "levels/italy/art/shapes/buildings/italy_bld_trim_wood_s.dds",
        "specularPower": 19,
        "vertColor": true
      },
      {},
      {},
      {}
    ],
    "annotation": "BUILDINGS",
    "cubemap": "global_cubemap_metalblurred",
    "groundType": "WOOD",
    "materialTag0": "beamng",
    "materialTag1": "italy",
    "specularStrength0": "0.490196",
    "translucentBlendOp": "None"
  },
  "italy_bld_windows": {
    "name": "italy_bld_windows",
    "mapTo": "italy_bld_windows",
    "class": "Material",
    "persistentId": "48813b69-f27b-45eb-946a-d4071163c614",
    "Stages": [
      {
        "colorMap": "levels/italy/art/shapes/buildings/Italy_bld_windows_d.dds",
        "detailNormalMapStrength": 0.5,
        "detailScale": [
          8,
          8
        ],
        "diffuseColor": [
          0.996078014,
          0.996078014,
          0.996078014,
          1
        ],
        "normalMap": "levels/italy/art/shapes/buildings/Italy_bld_windows_n.dds",
        "reflectivityMap": "levels/italy/art/shapes/buildings/Italy_bld_windows_r.dds",
        "roughnessFactor": 0.690170348,
        "specular": [
          0.996078014,
          0.996078014,
          0.996078014,
          1
        ],
        "specularMap": "levels/italy/art/shapes/buildings/Italy_bld_windows_s.dds",
        "vertColor": true
      },
      {},
      {},
      {}
    ],
    "alphaRef": 197,
    "alphaTest": true,
    "annotation": "BUILDINGS",
    "cubemap": "cubemap_italy_city_reflection",
    "groundType": "PLASTIC",
    "materialTag0": "beamng",
    "materialTag1": "italy",
    "order_simset": -1082130432,
    "specularStrength0": "0.490196"
  },
  "italy_bld_wood": {
    "name": "italy_bld_wood",
    "mapTo": "italy_bld_wood",
    "class": "Material",
    "persistentId": "63870c0b-e366-4984-b4ea-4611419f7b40",
    "Stages": [
      {
        "colorMap": "levels/italy/art/shapes/buildings/italy_bld_wood_d.dds",
        "detailNormalMapStrength": 0.5,
        "detailScale": [
          8,
          8
        ],
        "diffuseColor": [
          0.9960784912109376,
          0.9960784912109376,
          0.9960784912109376,
          0.00800000038
        ],
        "normalMap": "levels/italy/art/shapes/buildings/italy_bld_wood_n.dds",
        "specular": [
          0.9960780143737792,
          0.9960780143737792,
          0.9960780143737792,
          1
        ],
        "specularMap": "levels/italy/art/shapes/buildings/italy_bld_wood_s.dds",
        "specularPower": 19,
        "vertColor": true
      },
      {},
      {},
      {}
    ],
    "annotation": "BUILDINGS",
    "cubemap": "global_cubemap_metalblurred",
    "groundType": "WOOD",
    "materialTag0": "beamng",
    "materialTag1": "italy",
    "specularStrength0": "0.490196",
    "translucentBlendOp": "None"
  },
  "italy_castle_statue": {
    "name": "italy_castle_statue",
    "mapTo": "italy_castle_statue",
    "class": "Material",
    "persistentId": "a17da149-e358-46db-98ea-8285ae65d2c3",
    "Stages": [
      {
        "colorMap": "levels/italy/art/shapes/buildings/italy_castle_statue_d.dds",
        "detailScale": [
          6,
          6
        ],
        "normalMap": "levels/italy/art/shapes/buildings/italy_castle_statue_n.dds",
        "reflectivityMap": "levels/italy/art/shapes/buildings/italy_castle_statue_r.dds",
        "specularMap": "levels/italy/art/shapes/buildings/italy_castle_statue_s.dds",
        "specularPower": 1,
        "useAnisotropic": true,
        "vertColor": true
      },
      {
        "useAnisotropic": true,
        "vertColor": true
      },
      {},
      {}
    ],
    "cubemap": "global_cubemap_metalblurred",
    "groundType": "METAL",
    "materialTag0": "beamng",
    "materialTag1": "italy",
    "specularStrength0": "0.490196",
    "translucentBlendOp": "None"
  },
  "italy_castle_tourism_billboard": {
    "name": "italy_castle_tourism_billboard",
    "mapTo": "italy_castle_tourism_billboard",
    "class": "Material",
    "persistentId": "47ccc54e-53c7-4f08-8dd3-6f01abf9714b",
    "Stages": [
      {
        "colorMap": "/levels/italy/art/shapes/buildings/italy_castle_tourism_billboard_d.dds",
        "pixelSpecular": true,
        "specularPower": 41,
        "useAnisotropic": true
      },
      {},
      {},
      {}
    ],
    "annotation": "BUILDINGS",
    "groundType": "WOOD",
    "materialTag0": "beamng",
    "materialTag1": "sign",
    "materialTag2": "italy",
    "specularStrength0": "0.490196",
    "translucentBlendOp": "None"
  },
  "italy_cobblestone": {
    "name": "italy_cobblestone",
    "mapTo": "italy_cobblestone",
    "class": "Material",
    "persistentId": "2cb60c87-ff4e-4a9b-af90-a8d2852da579",
    "Stages": [
      {
        "colorMap": "levels/italy/art/shapes/buildings/italy_cobblestone_d.dds",
        "detailNormalMapStrength": 0.5,
        "detailScale": [
          0.400000006,
          0.400000006
        ],
        "diffuseColor": [
          0.9960780143737792,
          0.9960780143737792,
          0.9960780143737792,
          1
        ],
        "normalMap": "levels/italy/art/shapes/buildings/italy_cobblestone_n.dds",
        "specular": [
          0.9960780143737792,
          0.9960780143737792,
          0.9960780143737792,
          1
        ],
        "specularMap": "levels/italy/art/shapes/buildings/italy_cobblestone_s.dds",
        "specularPower": 19,
        "useAnisotropic": true,
        "vertColor": true
      },
      {},
      {},
      {}
    ],
    "groundType": "COBBLESTONE",
    "materialTag0": "beamng",
    "materialTag1": "italy",
    "specularStrength0": "0.490196",
    "translucentBlendOp": "None"
  },
  "italy_cobblestone_patterned": {
    "name": "italy_cobblestone_patterned",
    "mapTo": "italy_cobblestone_patterned",
    "class": "Material",
    "persistentId": "c8f53bb4-3695-4941-8b96-0b0ec365efaa",
    "Stages": [
      {
        "colorMap": "levels/italy/art/shapes/buildings/italy_cobblestone_patterned_d.dds",
        "detailNormalMapStrength": 0.5,
        "detailScale": [
          0.400000006,
          0.400000006
        ],
        "diffuseColor": [
          0.9960780143737792,
          0.9960780143737792,
          0.9960780143737792,
          1
        ],
        "normalMap": "levels/italy/art/shapes/buildings/italy_cobblestone_patterned_n.dds",
        "specular": [
          0.9960780143737792,
          0.9960780143737792,
          0.9960780143737792,
          1
        ],
        "specularMap": "levels/italy/art/shapes/buildings/italy_cobblestone_patterned_s.dds",
        "specularPower": 19,
        "useAnisotropic": true,
        "vertColor": true
      },
      {},
      {},
      {}
    ],
    "groundType": "COBBLESTONE",
    "materialTag0": "beamng",
    "materialTag1": "italy",
    "translucentBlendOp": "None"
  },
  "italy_concrete_sidewalk": {
    "name": "italy_concrete_sidewalk",
    "mapTo": "italy_concrete_sidewalk",
    "class": "Material",
    "persistentId": "ef493bae-4360-4647-bdd6-4e7fba8430e8",
    "Stages": [
      {
        "colorMap": "levels/italy/art/shapes/buildings/italy_concrete_sidewalk_d.dds",
        "detailScale": [
          6,
          6
        ],
        "normalMap": "levels/italy/art/shapes/buildings/italy_concrete_sidewalk_n.dds",
        "specularMap": "levels/italy/art/shapes/buildings/italy_concrete_sidewalk_s.dds",
        "useAnisotropic": true
      },
      {},
      {},
      {}
    ],
    "groundType": "ASPHALT_OLD",
    "materialTag0": "beamng",
    "materialTag1": "italy",
    "translucentBlendOp": "None"
  },
  "italy_corrugated_metal": {
    "name": "italy_corrugated_metal",
    "mapTo": "italy_corrugated_metal",
    "class": "Material",
    "persistentId": "30694842-5204-4322-b612-6724a2a409f6",
    "Stages": [
      {
        "colorMap": "levels/italy/art/shapes/buildings/null.dds",
        "detailScale": [
          0.300000011920929,
          0.300000011920929
        ],
        "normalMap": "levels/italy/art/shapes/buildings/italy_corrugated_metal_n.dds",
        "specular": [
          0.9960780143737792,
          0.9960780143737792,
          0.9960780143737792,
          1
        ],
        "specularPower": 19
      },
      {
        "colorMap": "levels/italy/art/shapes/buildings/italy_corrugated_metal_d.dds",
        "detailNormalMapStrength": 0.5,
        "specularMap": "levels/italy/art/shapes/buildings/italy_corrugated_metal_s.dds",
        "useAnisotropic": true,
        "vertColor": true
      },
      {},
      {}
    ],
    "annotation": "BUILDINGS",
    "cubemap": "global_cubemap_metalblurred",
    "doubleSided": true,
    "groundType": "METAL",
    "materialTag0": "beamng",
    "materialTag1": "italy",
    "specularStrength0": "0.490196",
    "translucentBlendOp": "None"
  },
  "italy_curb_concrete": {
    "name": "italy_curb_concrete",
    "mapTo": "italy_curb_concrete",
    "class": "Material",
    "persistentId": "e2ef0c7a-3e38-4689-962c-cf8a8de05200",
    "Stages": [
      {
        "colorMap": "/levels/italy/art/shapes/buildings/italy_curb_concrete_d.dds",
        "detailScale": [
          6,
          6
        ],
        "normalMap": "/levels/italy/art/shapes/buildings/italy_curb_concrete_n.dds",
        "specularMap": "/levels/italy/art/shapes/buildings/italy_curb_concrete_s.dds",
        "useAnisotropic": true,
        "vertColor": true
      },
      {},
      {},
      {}
    ],
    "annotation": "SIDEWALK",
    "groundType": "ASPHALT_OLD",
    "materialTag0": "beamng",
    "materialTag1": "italy",
    "translucentBlendOp": "None"
  },
  "italy_dealership_logo": {
    "name": "italy_dealership_logo",
    "mapTo": "italy_dealership_logo",
    "class": "Material",
    "persistentId": "68035330-21b3-42de-8d7b-10a97f6d5bc4",
    "Stages": [
      {
        "colorMap": "/levels/italy/art/shapes/buildings/logos_dealership_garage_italy_d.color.png",
        "detailScale": [
          1,
          1
        ],
        "glowFactor": [
          1,
          0.999989986,
          0.999989986
        ],
        "normalMap": "/levels/italy/art/shapes/buildings/italy_plastic_n.dds",
        "pixelSpecular": true,
        "specular": [
          0.382995993,
          0.382991999,
          0.382991999,
          1
        ],
        "useAnisotropic": true
      },
      {},
      {},
      {}
    ],
    "order_simset": -1115675998
  },
  "italy_guardrails": {
    "name": "italy_guardrails",
    "mapTo": "italy_guardrails",
    "class": "Material",
    "persistentId": "b3993ff9-24fd-43bf-a8af-2d85193dae5d",
    "Stages": [
      {
        "colorMap": "levels/italy/art/shapes/buildings/italy_guardrails_d.dds",
        "detailScale": [
          6,
          6
        ],
        "normalMap": "levels/italy/art/shapes/buildings/italy_guardrails_n.dds",
        "reflectivityMap": "levels/italy/art/shapes/buildings/italy_guardrails_r.dds",
        "specularMap": "levels/italy/art/shapes/buildings/italy_guardrails_s.dds",
        "specularPower": 1,
        "useAnisotropic": true,
        "vertColor": true
      },
      {
        "useAnisotropic": true,
        "vertColor": true
      },
      {},
      {}
    ],
    "cubemap": "global_cubemap_metalblurred",
    "groundType": "METAL",
    "materialTag0": "beamng",
    "materialTag1": "italy",
    "specularStrength0": "0.490196",
    "translucentBlendOp": "None"
  },
  "italy_medieval_stone_wall": {
    "name": "italy_medieval_stone_wall",
    "mapTo": "italy_medieval_stone_wall",
    "class": "Material",
    "persistentId": "efefa195-84cc-4af8-9738-95893ba65cf1",
    "Stages": [
      {
        "colorMap": "levels/italy/art/shapes/buildings/italy_medieval_stone_wall_d.dds",
        "detailMap": "levels/italy/art/shapes/buildings/detail_grunge_03.dds",
        "detailNormalMap": "levels/italy/art/terrains/Rock-05-N2.dds",
        "detailNormalMapStrength": 0.1000000014901161,
        "detailScale": [
          0.1000000014901161,
          0.1000000014901161
        ],
        "diffuseColor": [
          0.9960780143737792,
          0.9960780143737792,
          0.9960780143737792,
          1
        ],
        "normalMap": "levels/italy/art/shapes/buildings/italy_medieval_stone_wall_n.dds",
        "specular": [
          0.9960780143737792,
          0.9960780143737792,
          0.9960780143737792,
          1
        ],
        "specularMap": "levels/italy/art/shapes/buildings/italy_medieval_stone_wall_s.dds",
        "specularPower": 19,
        "useAnisotropic": true,
        "vertColor": true
      },
      {},
      {},
      {}
    ],
    "groundType": "COBBLESTONE",
    "materialTag0": "beamng",
    "materialTag1": "italy",
    "specularStrength0": "0.490196",
    "translucentBlendOp": "None"
  },
  "italy_medieval_stone_wall_decals": {
    "name": "italy_medieval_stone_wall_decals",
    "mapTo": "italy_medieval_stone_wall_decals",
    "class": "Material",
    "persistentId": "c4106637-bbdf-4160-8305-6d76390b1183",
    "Stages": [
      {
        "colorMap": "levels/italy/art/shapes/buildings/italy_medieval_stone_wall_decals_d.dds",
        "detailNormalMapStrength": 0.5,
        "detailScale": [
          0.400000006,
          0.400000006
        ],
        "diffuseColor": [
          0.9960780143737792,
          0.9960780143737792,
          0.9960780143737792,
          1
        ],
        "normalMap": "levels/italy/art/shapes/buildings/italy_medieval_stone_wall_decals_n.dds",
        "specular": [
          0.9960780143737792,
          0.9960780143737792,
          0.9960780143737792,
          1
        ],
        "specularPower": 19,
        "useAnisotropic": true,
        "vertColor": true
      },
      {},
      {},
      {}
    ],
    "alphaRef": 229,
    "alphaTest": true,
    "groundType": "ROCK",
    "materialTag0": "beamng",
    "materialTag1": "italy",
    "specularStrength0": "0.490196"
  },
  "italy_mesh_fence": {
    "name": "italy_mesh_fence",
    "mapTo": "italy_mesh_fence",
    "class": "Material",
    "persistentId": "3b915875-5f5f-4d2a-ae1d-5d61c4fa19b5",
    "Stages": [
      {
        "colorMap": "levels/italy/art/shapes/buildings/italy_mesh_fence_d.dds",
        "detailScale": [
          6,
          6
        ],
        "normalMap": "levels/italy/art/shapes/buildings/italy_mesh_fence_n.dds",
        "specularMap": "levels/italy/art/shapes/buildings/italy_mesh_fence_s.dds",
        "useAnisotropic": true
      },
      {},
      {},
      {}
    ],
    "alphaRef": 63,
    "alphaTest": true,
    "annotation": "OBSTACLES",
    "groundType": "METAL",
    "materialTag0": "beamng",
    "materialTag1": "italy",
    "specularStrength0": "0.490196"
  },
  "italy_orange_plastic_net": {
    "name": "italy_orange_plastic_net",
    "mapTo": "italy_orange_plastic_net",
    "class": "Material",
    "persistentId": "79cbaff3-a790-4772-98f3-fcf6feafa92e",
    "Stages": [
      {
        "colorMap": "levels/italy/art/shapes/buildings/italy_construction_site_net_d.dds",
        "detailNormalMapStrength": 0.5,
        "detailScale": [
          0.300000011920929,
          0.300000011920929
        ],
        "normalMap": "levels/italy/art/shapes/buildings/italy_construction_site_net_n.dds",
        "specular": [
          0.9960780143737792,
          0.9960780143737792,
          0.9960780143737792,
          1
        ],
        "specularMap": "levels/italy/art/shapes/buildings/italy_construction_site_net_s.dds",
        "specularPower": 19,
        "useAnisotropic": true,
        "vertColor": true
      },
      {},
      {},
      {}
    ],
    "alphaRef": 130,
    "alphaTest": true,
    "annotation": "BUILDINGS",
    "groundType": "SOFT_COLLISION_GENERAL",
    "materialTag0": "beamng",
    "materialTag1": "italy",
    "specularStrength0": "0.490196"
  },
  "italy_plastic": {
    "name": "italy_plastic",
    "mapTo": "italy_plastic",
    "class": "Material",
    "persistentId": "b99d83b8-4e4d-489d-a81c-fcd610d76b40",
    "Stages": [
      {
        "colorMap": "levels/italy/art/shapes/buildings/italy_plastic_d.dds",
        "detailNormalMapStrength": 0.5,
        "detailScale": [
          0.200000003,
          0.200000003
        ],
        "diffuseColor": [
          1,
          0.999989986,
          0.999989986,
          1
        ],
        "instanceDiffuse": true,
        "normalMap": "/levels/italy/art/shapes/buildings/italy_plastic_n.dds",
        "pixelSpecular": true,
        "specular": [
          0.382995993,
          0.382991999,
          0.382991999,
          1
        ],
        "useAnisotropic": true,
        "vertColor": true
      },
      {},
      {},
      {}
    ],
    "annotation": "BUILDINGS",
    "groundType": "PLASTIC",
    "materialTag0": "beamng",
    "materialTag1": "italy",
    "order_simset": -1082130432,
    "specularStrength0": "0.490196",
    "translucentBlendOp": "None"
  },
  "italy_plastic_trim": {
    "name": "italy_plastic_trim",
    "mapTo": "italy_plastic_trim",
    "class": "Material",
    "persistentId": "4c6a614f-7f1b-4ca8-b129-4a53f00f0974",
    "Stages": [
      {
        "colorMap": "levels/italy/art/shapes/buildings/italy_plastic_trim_d.dds",
        "detailNormalMapStrength": 0.5,
        "detailScale": [
          0.2000000029802322,
          0.2000000029802322
        ],
        "instanceDiffuse": true,
        "normalMap": "levels/italy/art/shapes/buildings/italy_plastic_trim_n.dds",
        "specular": [
          0.9960780143737792,
          0.9960780143737792,
          0.9960780143737792,
          1
        ],
        "specularMap": "levels/italy/art/shapes/buildings/italy_plastic_trim_s.dds",
        "specularPower": 19,
        "useAnisotropic": true,
        "vertColor": true
      },
      {},
      {},
      {}
    ],
    "annotation": "BUILDINGS",
    "groundType": "SOFT_COLLISION_GENERAL",
    "materialTag0": "beamng",
    "materialTag1": "italy",
    "specularStrength0": "0.490196",
    "translucentBlendOp": "None"
  },
  "italy_poles_lights_etc": {
    "name": "italy_poles_lights_etc",
    "mapTo": "italy_poles_lights_etc",
    "class": "Material",
    "persistentId": "fb7b5ba3-4468-4353-bdca-a4c9141054db",
    "Stages": [
      {
        "colorMap": "levels/italy/art/shapes/buildings/italy_poles_lights_etc_d.dds",
        "detailScale": [
          6,
          6
        ],
        "normalMap": "levels/italy/art/shapes/buildings/italy_poles_lights_etc_n.dds",
        "specularMap": "levels/italy/art/shapes/buildings/italy_poles_lights_etc_s.dds",
        "useAnisotropic": true,
        "vertColor": true
      },
      {},
      {},
      {}
    ],
    "doubleSided": true,
    "groundType": "METAL",
    "materialTag0": "beamng",
    "materialTag1": "italy",
    "translucentBlendOp": "None"
  },
  "italy_road_signs": {
    "name": "italy_road_signs",
    "mapTo": "italy_road_signs",
    "class": "Material",
    "persistentId": "5a028931-65f2-4d6a-b378-62b56f89de67",
    "Stages": [
      {
        "colorMap": "levels/italy/art/shapes/buildings/italy_road_signs.dds",
        "detailNormalMapStrength": 0.5,
        "detailScale": [
          80,
          80
        ],
        "diffuseColor": [
          0.9960780143737792,
          0.9960780143737792,
          0.9960780143737792,
          0.867999971
        ],
        "specular": [
          0.9960780143737792,
          0.9960780143737792,
          0.9960780143737792,
          1
        ],
        "specularPower": 26,
        "useAnisotropic": true,
        "vertColor": true
      },
      {},
      {},
      {}
    ],
    "alphaRef": 100,
    "alphaTest": true,
    "castShadows": false,
    "groundType": "METAL",
    "materialTag0": "beamng",
    "materialTag1": "italy",
    "materialTag2": "east_coast_usa",
    "specularColor0": "0.1 0.1 0.1 0.1",
    "specularStrength0": "0.490196",
    "translucentZWrite": true
  },
  "italy_road_signs_BG": {
    "name": "italy_road_signs_BG",
    "mapTo": "italy_road_signs_BG",
    "class": "Material",
    "persistentId": "36d4fa11-ece1-4065-9d2e-16ba10bb16c7",
    "Stages": [
      {
        "colorMap": "levels/italy/art/shapes/buildings/italy_road_sign_BG.dds",
        "detailNormalMapStrength": 0.5,
        "detailScale": [
          60,
          60
        ],
        "diffuseColor": [
          0.9960780143737792,
          0.9960780143737792,
          0.9960780143737792,
          0.975000023841858
        ],
        "pixelSpecular": true,
        "specular": [
          0.9960780143737792,
          0.9960780143737792,
          0.9960780143737792,
          1
        ],
        "specularPower": 26,
        "vertColor": true
      },
      {},
      {},
      {}
    ],
    "alphaRef": 95,
    "alphaTest": true,
    "groundType": "METAL",
    "materialTag0": "beamng",
    "materialTag1": "italy",
    "specularStrength0": "0.490196"
  },
  "italy_rock_wall_tiling": {
    "name": "italy_rock_wall_tiling",
    "mapTo": "italy_rock_wall_tiling",
    "class": "Material",
    "persistentId": "f80b908e-e2c8-41b7-a45e-e05ad4112876",
    "Stages": [
      {
        "colorMap": "levels/italy/art/shapes/buildings/italy_rock_wall_tiling_d.dds",
        "detailScale": [
          6,
          6
        ],
        "normalMap": "levels/italy/art/shapes/buildings/italy_rock_wall_tiling_n.dds",
        "specularMap": "levels/italy/art/shapes/buildings/italy_rock_wall_tiling_s.dds",
        "useAnisotropic": true
      },
      {},
      {},
      {}
    ],
    "doubleSided": true,
    "groundType": "ROCK",
    "materialTag0": "beamng",
    "materialTag1": "italy",
    "translucentBlendOp": "None"
  },
  "italy_rock_wall_tiling_alt": {
    "name": "italy_rock_wall_tiling_alt",
    "mapTo": "italy_rock_wall_tiling_alt",
    "class": "Material",
    "persistentId": "c0d511bd-0f03-4811-9d40-028f0373bfa7",
    "Stages": [
      {
        "colorMap": "levels/italy/art/shapes/buildings/italy_rock_wall_tiling_d.dds",
        "detailMap": "levels/italy/art/shapes/buildings/italy_rock_wall_tiling_alt_macro_d.dds",
        "detailNormalMap": "levels/italy/art/shapes/buildings/italy_rock_wall_tiling_alt_macro_n.dds",
        "detailNormalMapStrength": 0.5,
        "detailScale": [
          0.1000000014901161,
          0.1000000014901161
        ],
        "normalMap": "levels/italy/art/shapes/buildings/italy_rock_wall_tiling_alt_n.dds",
        "specularMap": "levels/italy/art/shapes/buildings/italy_rock_wall_tiling_s.dds",
        "useAnisotropic": true
      },
      {},
      {},
      {}
    ],
    "doubleSided": true,
    "groundType": "ROCK",
    "materialTag0": "beamng",
    "materialTag1": "italy",
    "specularStrength0": "0.490196",
    "translucentBlendOp": "None"
  },
  "italy_rock_wall_top": {
    "name": "italy_rock_wall_top",
    "mapTo": "italy_rock_wall_top",
    "class": "Material",
    "persistentId": "2f1a78ae-69d1-4b6c-be38-6d39fdfead0b",
    "Stages": [
      {
        "colorMap": "levels/italy/art/shapes/buildings/italy_rock_wall_top_d.dds",
        "detailScale": [
          6,
          6
        ],
        "normalMap": "levels/italy/art/shapes/buildings/italy_rock_wall_top_n.dds",
        "specularMap": "levels/italy/art/shapes/buildings/italy_rock_wall_top_s.dds",
        "useAnisotropic": true
      },
      {},
      {},
      {}
    ],
    "doubleSided": true,
    "groundType": "ROCK",
    "materialTag0": "beamng",
    "materialTag1": "italy",
    "translucentBlendOp": "None"
  },
  "italy_rust": {
    "name": "italy_rust",
    "mapTo": "italy_rust",
    "class": "Material",
    "persistentId": "4bf04a67-03e1-40ec-b884-09e7794e0c66",
    "Stages": [
      {
        "colorMap": "levels/italy/art/shapes/buildings/italy_rust_d.dds",
        "detailMap": "levels/italy/art/shapes/buildings/detail_grunge_03.dds",
        "detailNormalMapStrength": 0.5,
        "detailScale": [
          0.2000000029802322,
          0.2000000029802322
        ],
        "normalMap": "levels/italy/art/shapes/buildings/italy_rust_n.dds",
        "specular": [
          0.9960780143737792,
          0.9960780143737792,
          0.9960780143737792,
          1
        ],
        "specularMap": "levels/italy/art/shapes/buildings/italy_rust_s.dds",
        "specularPower": 19,
        "useAnisotropic": true,
        "vertColor": true
      },
      {},
      {},
      {}
    ],
    "annotation": "BUILDINGS",
    "groundType": "METAL",
    "materialTag0": "beamng",
    "materialTag1": "italy",
    "specularStrength0": "0.490196",
    "translucentBlendOp": "None"
  },
  "italy_sidewalk_tiles": {
    "name": "italy_sidewalk_tiles",
    "mapTo": "italy_sidewalk_tiles",
    "class": "Material",
    "persistentId": "2f982a0e-3627-41dc-afa4-6224e5f58a0b",
    "Stages": [
      {
        "colorMap": "levels/italy/art/shapes/buildings/italy_sidewalk_tiles_d.dds",
        "detailScale": [
          6,
          6
        ],
        "normalMap": "levels/italy/art/shapes/buildings/italy_sidewalk_tiles_n.dds",
        "specularMap": "levels/italy/art/shapes/buildings/italy_sidewalk_tiles_s.dds",
        "useAnisotropic": true,
        "vertColor": true
      },
      {},
      {},
      {}
    ],
    "groundType": "ASPHALT_OLD",
    "materialTag0": "beamng",
    "materialTag1": "italy",
    "translucentBlendOp": "None"
  },
  "italy_sidewalk_tiles_2": {
    "name": "italy_sidewalk_tiles_2",
    "mapTo": "italy_sidewalk_tiles_2",
    "class": "Material",
    "persistentId": "10a785f4-7ab0-42e3-9f5e-bf75eb0d4221",
    "Stages": [
      {
        "colorMap": "levels/italy/art/shapes/buildings/italy_sidewalk_tiles_2_d.dds",
        "detailScale": [
          6,
          6
        ],
        "normalMap": "levels/italy/art/shapes/buildings/italy_sidewalk_tiles_2_n.dds",
        "specularMap": "levels/italy/art/shapes/buildings/italy_sidewalk_tiles_2_s.dds",
        "useAnisotropic": true,
        "vertColor": true
      },
      {},
      {},
      {}
    ],
    "groundType": "ASPHALT_OLD",
    "materialTag0": "beamng",
    "materialTag1": "italy",
    "translucentBlendOp": "None"
  },
  "italy_terrain_dirt": {
    "name": "italy_terrain_dirt",
    "mapTo": "italy_terrain_dirt",
    "class": "Material",
    "persistentId": "93028d27-ad3e-476e-a08d-d484cd229b6a",
    "Stages": [
      {
        "colorMap": "levels/italy/art/terrains/utah_texture_dirt_01_d.dds",
        "detailScale": [
          0.200000003,
          0.200000003
        ],
        "normalMap": "levels/italy/art/terrains/utah_texture_dirt_01_n.dds",
        "roughnessFactor": 0.690170288,
        "specular": [
          0.301961005,
          0.301961005,
          0.301961005,
          1
        ],
        "useAnisotropic": true,
        "vertColor": true
      },
      {},
      {},
      {}
    ],
    "annotation": "NATURE",
    "doubleSided": true,
    "groundType": "DIRT",
    "materialTag0": "beamng",
    "materialTag1": "italy",
    "translucentBlendOp": "None"
  },
  "m_concrete_old": {
    "name": "m_concrete_old",
    "mapTo": "m_concrete_old",
    "class": "Material",
    "persistentId": "f2f9afda-3f23-4686-92b2-1faa4178f27d",
    "Stages": [
      {
        "ambientOcclusionMap": "/levels/italy/art/shapes/buildings/t_concrete_damaged_ao.data.png",
        "baseColorMap": "/levels/italy/art/shapes/buildings/t_concrete_damaged_b.color.png",
        "detailMap": "/levels/italy/art/shapes/buildings/t_macro_concrete_detail.data.png",
        "detailNormalMap": "/levels/italy/art/shapes/buildings/t_macro_concrete_nm.normal.png",
        "detailNormalMapStrength": 0.699999988,
        "detailScale": [
          0.100000001,
          0.100000001
        ],
        "normalMap": "/levels/italy/art/shapes/buildings/t_concrete_damaged_nm.normal.png",
        "roughnessMap": "/levels/italy/art/shapes/buildings/t_concrete_damaged_r.data.png"
      },
      {},
      {},
      {}
    ],
    "groundType": "ASPHALT_OLD",
    "version": 1.5
  },
  "misc_billboard_title": {
    "name": "misc_billboard_title",
    "mapTo": "misc_billboard_title",
    "class": "Material",
    "persistentId": "6b8957da-0a0d-4c4d-829e-ad80362879f4",
    "Stages": [
      {
        "colorMap": "levels/Industrial/art/shapes/misc/billboards_01b.dds",
        "detailScale": [
          10,
          10
        ],
        "pixelSpecular": true,
        "specular": [
          0.5,
          0.5,
          0.5,
          1
        ],
        "specularPower": 1,
        "useAnisotropic": true
      },
      {},
      {},
      {}
    ],
    "doubleSided": true,
    "groundType": "WOOD",
    "materialTag0": "Industrial",
    "materialTag1": "beamng",
    "materialTag2": "Miscellaneous",
    "materialTag3": "Natural",
    "translucentBlendOp": "None"
  },
  "moderncorrugated_tin": {
    "name": "moderncorrugated_tin",
    "mapTo": "moderncorrugated_tin",
    "class": "Material",
    "persistentId": "09198305-ba95-4017-b1f0-f0a079fff073",
    "Stages": [
      {
        "colorMap": "eca_bld_moderncorrugated_tin_d.dds",
        "normalMap": "eca_bld_moderncorrugated_tin_n.dds",
        "specularMap": "eca_bld_moderncorrugated_tin_s.dds",
        "specularPower": 1,
        "useAnisotropic": true,
        "vertColor": true
      },
      {},
      {},
      {}
    ],
    "annotation": "BUILDINGS",
    "groundType": "METAL",
    "materialTag0": "beamng",
    "materialTag1": "building",
    "materialTag2": "east_coast_usa",
    "specularStrength0": "0.490196",
    "translucentBlendOp": "None"
  },
  "trafficlight": {
    "name": "trafficlight",
    "mapTo": "trafficlight",
    "class": "Material",
    "persistentId": "1512a988-cd79-44c5-af98-e60fb22510f6",
    "Stages": [
      {
        "animFlags": 16,
        "colorMap": "levels/italy/art/shapes/buildings/traffic_cycle.png",
        "emissive": true,
        "glow": true,
        "pixelSpecular": true,
        "sequenceFramePerSec": 10,
        "sequenceSegmentSize": 0.00139999995,
        "specularPower": 32,
        "useAnisotropic": true,
        "vertColor": true
      },
      {},
      {},
      {}
    ],
    "alphaRef": 239,
    "annotation": "TRAFFIC_SIGNALS",
    "castShadows": false,
    "groundType": "METAL",
    "materialTag0": "beamng",
    "materialTag1": "vehicle",
    "translucent": true,
    "translucentBlendOp": "AddAlpha"
  },
  "wood_01": {
    "name": "wood_01",
    "mapTo": "unmapped_mat",
    "class": "Material",
    "persistentId": "7aace615-3cec-4eed-a080-ab151c4b48ca",
    "Stages": [
      {
        "colorMap": "levels/italy/art/shapes/buildings/wood_01_d.dds",
        "detailMap": "levels/italy/art/shapes/buildings/wood_01_overlay.dds",
        "detailScale": [
          0.1000000014901161,
          0.1000000014901161
        ],
        "diffuseColor": [
          0.9960780143737792,
          0.9960780143737792,
          0.9960780143737792,
          1
        ],
        "normalMap": "levels/italy/art/shapes/buildings/wood_01_n.dds",
        "specular": [
          0.9960780143737792,
          0.9960780143737792,
          0.9960780143737792,
          1
        ],
        "specularMap": "levels/italy/art/shapes/buildings/wood_01_s.dds",
        "specularPower": 19
      },
      {},
      {},
      {}
    ],
    "doubleSided": true,
    "groundType": "WOOD",
    "materialTag0": "RoadAndPath",
    "materialTag1": "beamng",
    "specularStrength0": "0.490196",
    "translucentBlendOp": "None"
  }
}