{
  "sumo_canal": {
    "name": "sumo_canal",
    "mapTo": "sumo_canal",
    "class": "Material",
    "persistentId": "0b2a4111-4209-46a8-aaee-6ffd27c82c66",
    "Stages": [
      {
        "colorMap": "/art/SumoMaterials/buildings/canal_d.dds",
        "detailMap": "/art/SumoMaterials/roads/Concrete-04-diff.dds",
        "detailScale": [
          6,
          6
        ],
        "normalMap": "/art/SumoMaterials/buildings/canal_n.dds",
        "pixelSpecular": true,
        "reflectivityMap": "/art/SumoMaterials/buildings/canal_r.dds",
        "roughnessFactor": 0.607767701,
        "specularMap": "/art/SumoMaterials/buildings/canal_s.dds",
        "useAnisotropic": true,
        "vertColor": true
      },
      {},
      {},
      {}
    ],
    "alphaRef": 0,
    "annotation": "BUILDINGS",
    "cubemap": "global_cubemap_metalblurred",
    "materialTag0": "beamng",
    "materialTag1": "building",
    "translucentBlendOp": "None"
  },
  "balustrades1": {
    "name": "balustrades1",
    "mapTo": "balustrades1",
    "class": "Material",
    "persistentId": "eb6142c5-f746-41d9-98d9-ea02a7fd55dc",
    "Stages": [
      {
        "colorMap": "/levels/driver_training/art/shapes/buildings/balustrades1_d.color.png",
        "normalMap": "/levels/driver_training/art/shapes/buildings/balustrades1_n.normal.png",
        "pixelSpecular": true,
        "roughnessFactor": 0.607767701,
        "specularMap": "/levels/driver_training/art/shapes/buildings/balustrades1_s.color.png",
        "useAnisotropic": true
      },
      {},
      {},
      {}
    ],
    "alphaRef": 101,
    "alphaTest": true,
    "doubleSided": true,
    "groundType": "WOOD",
    "materialTag0": "beamng",
    "materialTag1": "building",
    "translucentBlendOp": "None"
  },
  "balustrades1_ztransp": {
    "name": "balustrades1_ztransp",
    "mapTo": "balustrades1_ztransp",
    "class": "Material",
    "persistentId": "c3019067-f100-402f-8df6-12a073aea4de",
    "Stages": [
      {
        "colorMap": "/levels/driver_training/art/shapes/buildings/balustrades1_d.color.png",
        "normalMap": "/levels/driver_training/art/shapes/buildings/balustrades1_n.normal.png",
        "pixelSpecular": true,
        "reflectivityMap": "/levels/driver_training/art/shapes/buildings/balustrades1_ref.data.png",
        "reflectivityMapFactor": 0.5,
        "roughnessFactor": 0.607767701,
        "specularMap": "/levels/driver_training/art/shapes/buildings/balustrades1_s.color.png",
        "useAnisotropic": true
      },
      {},
      {},
      {}
    ],
    "alphaRef": 0,
    "cubemap": "cubemap_driver_training_reflection",
    "doubleSided": true,
    "groundType": "WOOD",
    "materialTag0": "beamng",
    "materialTag1": "building",
    "translucent": true,
    "translucentRecvShadows": true
  },
  "curtainwall1": {
    "name": "curtainwall1",
    "mapTo": "curtainwall1",
    "class": "Material",
    "persistentId": "91dd6a1c-7bff-462c-b6e8-e764100a2342",
    "Stages": [
      {
        "colorMap": "levels/driver_training/art/shapes/buildings/curtainwall1_d.dds",
        "pixelSpecular": true,
        "reflectivityMap": "levels/driver_training/art/shapes/buildings/curtainwall1_r.dds",
        "roughnessFactor": 0.607767701,
        "specularMap": "levels/driver_training/art/shapes/buildings/curtainwall1_s.dds",
        "useAnisotropic": true
      },
      {},
      {},
      {}
    ],
    "alphaRef": 0,
    "castShadows": false,
    "cubemap": "cubemap_driver_training_reflection",
    "groundType": "ASPHALT_OLD",
    "materialTag0": "beamng",
    "materialTag1": "building",
    "translucent": true
  },
  "curtainwall2": {
    "name": "curtainwall2",
    "mapTo": "curtainwall2",
    "class": "Material",
    "persistentId": "dcfb6035-71e9-4ab1-9722-9eb581376035",
    "Stages": [
      {
        "colorMap": "levels/driver_training/art/shapes/buildings/curtainwall2_d.dds",
        "pixelSpecular": true,
        "reflectivityMap": "levels/driver_training/art/shapes/buildings/curtainwall2_r.dds",
        "roughnessFactor": 0.607767701,
        "specularMap": "levels/driver_training/art/shapes/buildings/curtainwall1_s.dds",
        "useAnisotropic": true
      },
      {},
      {},
      {}
    ],
    "alphaRef": 0,
    "alphaTest": true,
    "castShadows": false,
    "cubemap": "cubemap_driver_training_reflection",
    "doubleSided": true,
    "groundType": "ASPHALT_OLD",
    "materialTag0": "beamng",
    "materialTag1": "building",
    "translucent": true
  },
  "eca_bld_sidewalks": {
    "name": "eca_bld_sidewalks",
    "mapTo": "eca_bld_sidewalks",
    "class": "Material",
    "persistentId": "6fc92ea6-b388-4cad-aea7-c020387fd048",
    "Stages": [
      {
        "colorMap": "/levels/driver_training/art/shapes/buildings/eca_bld_sidewalks_d.dds",
        "normalMap": "/levels/driver_training/art/shapes/buildings/eca_bld_sidewalks_n.dds",
        "specularMap": "/levels/driver_training/art/shapes/buildings/eca_bld_sidewalks_s.dds",
        "specularPower": 1,
        "useAnisotropic": true
      },
      {},
      {},
      {}
    ],
    "groundType": "WOOD",
    "materialTag0": "beamng",
    "materialTag1": "building",
    "materialTag2": "east_coast_usa",
    "translucentBlendOp": "None"
  },
  "facade_corporate": {
    "name": "facade_corporate",
    "mapTo": "facade_corporate",
    "class": "Material",
    "persistentId": "6acd48b4-28c6-48a0-9470-ab2643e23e9b",
    "Stages": [
      {
        "colorMap": "levels/driver_training/art/shapes/buildings/ornament_corporate1_d.dds",
        "normalMap": "levels/driver_training/art/shapes/buildings/ornament_corporate1_n.dds",
        "pixelSpecular": true,
        "reflectivityMap": "levels/driver_training/art/shapes/buildings/ornament_corporate1_r.dds",
        "specularMap": "levels/driver_training/art/shapes/buildings/ornament_corporate1_s.dds",
        "specularPower": 32,
        "useAnisotropic": true
      },
      {},
      {},
      {}
    ],
    "alphaRef": 0,
    "cubemap": "global_cubemap_metalblurred",
    "groundType": "METAL",
    "materialTag0": "beamng",
    "materialTag1": "building",
    "translucentBlendOp": "None"
  },
  "italy_medieval_stone_wall": {
    "name": "italy_medieval_stone_wall",
    "mapTo": "italy_medieval_stone_wall",
    "class": "Material",
    "persistentId": "33d2ef11-d550-4440-aa5e-f7aeaeb59260",
    "Stages": [
      {
        "colorMap": "/levels/driver_training/art/shapes/buildings/italy_medieval_stone_wall_d.color.png",
        "overlayMap": "/levels/driver_training/art/shapes/objects/utah_breakup_texture.dds",
        "pixelSpecular": true,
        "roughnessFactor": 0.897000015,
        "specularMap": "/levels/driver_training/art/shapes/buildings/si_roof_shingles_moss_s.color.png",
        "useAnisotropic": true,
        "vertColor": true
      },
      {},
      {},
      {}
    ]
  },
  "italy_sidewalk_tiles_2": {
    "name": "italy_sidewalk_tiles_2",
    "mapTo": "italy_sidewalk_tiles_2",
    "class": "Material",
    "persistentId": "10a785f4-7ab0-42e3-9f5e-bf75eb0d4221",
    "Stages": [
      {
        "colorMap": "levels/driver_training/art/shapes/buildings/italy_sidewalk_tiles_2_d.dds",
        "detailScale": [
          6,
          6
        ],
        "normalMap": "levels/driver_training/art/shapes/buildings/italy_sidewalk_tiles_2_n.dds",
        "specularMap": "levels/driver_training/art/shapes/buildings/italy_sidewalk_tiles_2_s.dds",
        "useAnisotropic": true,
        "vertColor": true
      },
      {},
      {},
      {}
    ],
    "groundType": "ASPHALT_OLD",
    "materialTag0": "beamng",
    "materialTag1": "italy",
    "translucentBlendOp": "None"
  },
  "m_concrete_plain": {
    "name": "m_concrete_plain",
    "mapTo": "m_concrete_plain",
    "class": "Material",
    "persistentId": "dbc0c87b-9ef2-46c3-9bba-8f21b3a060d2",
    "Stages": [
      {
        "colorMap": "/levels/driver_training/art/shapes/misc/t_gm_concrete_plain_d.color.png",
        "detailMap": "/levels/driver_training/art/shapes/misc/t_gm_concrete_plain_detail.data.png",
        "detailScale": [
          4,
          4
        ],
        "diffuseColor": [
          1,
          0.999989986,
          0.999989986,
          1
        ],
        "normalMap": "/levels/driver_training/art/shapes/misc/t_gm_concrete_plain_nm.normal.png",
        "overlayMap": "/levels/driver_training/art/shapes/objects/utah_breakup_texture.dds",
        "pixelSpecular": true,
        "specularMap": "/levels/driver_training/art/shapes/misc/t_gm_concrete_plain_s.color.png",
        "useAnisotropic": true,
        "vertColor": true
      },
      {},
      {},
      {}
    ],
    "groundType": "ASPHALT_OLD"
  },
  "m_edge_decal": {
    "name": "m_edge_decal",
    "mapTo": "m_edge_decal",
    "class": "Material",
    "persistentId": "697d82c9-1d1c-4e29-a624-be57cf5d8c0b",
    "Stages": [
      {
        "colorMap": "/levels/driver_training/art/shapes/buildings/t_gm_edge_decal_d.color.png",
        "normalMap": "/levels/driver_training/art/shapes/buildings/t_gm_edge_decal_nm.normal.png",
        "pixelSpecular": true,
        "specularMap": "/levels/driver_training/art/shapes/buildings/t_gm_edge_decal_s.color.png",
        "useAnisotropic": true,
        "vertColor": true
      },
      {},
      {},
      {}
    ],
    "alphaRef": 0,
    "castShadows": false,
    "translucent": true,
    "translucentRecvShadows": true,
    "translucentZWrite": true
  },
  "m_glass_transparent": {
    "name": "m_glass_transparent",
    "mapTo": "m_glass_transparent",
    "class": "Material",
    "persistentId": "75ef7c79-ec27-4af0-847a-01964708054b",
    "Stages": [
      {
        "diffuseColor": [
          0.148919001,
          0.185554996,
          0.185554996,
          0.78281498
        ],
        "pixelSpecular": true,
        "reflectivityMap": "/levels/driver_training/art/shapes/buildings/ut_metal_clean_ref.data.png",
        "reflectivityMapFactor": 0.100000001,
        "roughnessFactor": 0.400000006,
        "specular": [
          1,
          0.999989986,
          0.999989986,
          1
        ],
        "specularMap": "/levels/driver_training/art/shapes/buildings/t_stone_cinderblocks_detail.data.DDS",
        "useAnisotropic": true,
        "vertColor": true
      },
      {},
      {},
      {}
    ],
    "cubemap": "global_cubemap_metalblurred",
    "translucent": true
  },
  "m_metal_brushed": {
    "name": "m_metal_brushed",
    "mapTo": "m_metal_brushed",
    "class": "Material",
    "persistentId": "9023f687-e701-4c31-b186-338e391a3733",
    "Stages": [
      {
        "colorMap": "/levels/driver_training/art/shapes/buildings/t_metal_brushed_d.color.png",
        "diffuseColor": [
          0.891407013,
          0.891398013,
          0.891398013,
          1
        ],
        "normalMap": "/levels/driver_training/art/shapes/buildings/t_metal_brushed_nm.normal.png",
        "pixelSpecular": true,
        "reflectivityMap": "/levels/driver_training/art/shapes/buildings/t_metal_brushed_ref.data.png",
        "reflectivityMapFactor": 0.847000003,
        "roughnessFactor": 0.338999987,
        "specular": [
          0.486647993,
          0.486651003,
          0.486653,
          1
        ],
        "specularMap": "/levels/driver_training/art/shapes/buildings/t_metal_brushed_s.color.png",
        "useAnisotropic": true
      },
      {},
      {},
      {}
    ],
    "cubemap": "global_cubemap_metalblurred",
    "groundType": "METAL",
    "materialTag0": "beamng",
    "materialTag1": "building",
    "materialTag2": "utah",
    "translucentBlendOp": "None"
  },
  "m_metal_claddedzinc": {
    "name": "m_metal_claddedzinc",
    "mapTo": "m_metal_claddedzinc",
    "class": "Material",
    "persistentId": "f3a7758f-8270-4f02-bfa2-af157e01c099",
    "Stages": [
      {
        "colorMap": "/levels/driver_training/art/shapes/buildings/t_metal_claddedzinc_d.color.png",
        "detailMap": "/levels/driver_training/art/shapes/buildings/t_metal_brushed_detail.data.png",
        "detailNormalMap": "/levels/driver_training/art/shapes/buildings/t_metal_brushed_nm.normal.png",
        "detailNormalMapStrength": 1.09000003,
        "diffuseColor": [
          0.817358971,
          0.817363024,
          0.817367017,
          1
        ],
        "normalMap": "/levels/driver_training/art/shapes/buildings/t_metal_claddedzinc_nm.normal.png",
        "pixelSpecular": true,
        "reflectivityMap": "/levels/driver_training/art/shapes/buildings/t_metal_claddedzinc_ref.data.png",
        "roughnessFactor": 0.247999996,
        "specularMap": "/levels/driver_training/art/shapes/buildings/t_metal_claddedzinc_s.color.png",
        "useAnisotropic": true
      },
      {},
      {},
      {}
    ],
    "alphaRef": 0,
    "cubemap": "global_cubemap_metalblurred",
    "groundType": "METAL",
    "materialTag0": "beamng",
    "materialTag1": "building",
    "translucentBlendOp": "None"
  },
  "m_plastic_trim": {
    "name": "m_plastic_trim",
    "mapTo": "m_plastic_trim",
    "class": "material",
    "persistentId": "9144b2ae-bdc5-4f50-bbea-ece11426f744",
    "Stages": [
      {
        "colorMap": "/levels/driver_training/art/shapes/buildings/t_plastic_trim_d.color.png",
        "detailScale": [
          1,
          1
        ],
        "normalMap": "/levels/driver_training/art/shapes/buildings/t_plastic_trim_nm.normal.png",
        "pixelSpecular": true,
        "reflectivityMap": "/levels/driver_training/art/shapes/buildings/t_plastic_trim_ref.data.png",
        "reflectivityMapFactor": 0.00999999978,
        "specularMap": "/levels/driver_training/art/shapes/buildings/t_plastic_trim_s.color.png",
        "useAnisotropic": true,
        "vertColor": true
      },
      {},
      {},
      {}
    ],
    "alphaRef": 100,
    "alphaTest": true,
    "cubemap": "global_cubemap_metalblurred",
    "groundType": "PLASTIC",
    "materialTag0": "beamng",
    "materialTag1": "building",
    "materialTag2": "utah",
    "translucentBlendOp": "None",
    "translucentRecvShadows": true
  },
  "m_stone_cinderblocks": {
    "name": "m_stone_cinderblocks",
    "mapTo": "m_stone_cinderblocks",
    "class": "Material",
    "persistentId": "ebe96f9e-e5d8-4692-8d56-b615e4c6ce57",
    "Stages": [
      {
        "colorMap": "/levels/driver_training/art/shapes/buildings/t_stone_cinderblocks_d.color.png",
        "detailMap": "/levels/driver_training/art/shapes/buildings/t_stone_cinderblocks_detail.data.png",
        "detailScale": [
          0.200000003,
          0.200000003
        ],
        "diffuseColor": [
          0.78281498,
          0.782806993,
          0.782806993,
          1
        ],
        "normalMap": "/levels/driver_training/art/shapes/buildings/t_stone_cinderblocks_nm.normal.png",
        "pixelSpecular": true,
        "roughnessFactor": 0.699999988,
        "specularMap": "/levels/driver_training/art/shapes/buildings/t_stone_cinderblocks_s.color.png",
        "useAnisotropic": true,
        "vertColor": true
      },
      {},
      {},
      {}
    ],
    "translucentRecvShadows": true
  },
  "m_stone_facade": {
    "name": "m_stone_facade",
    "mapTo": "m_stone_facade",
    "class": "Material",
    "persistentId": "22604583-2244-4d67-9764-84be2cc8496e",
    "Stages": [
      {
        "colorMap": "levels/driver_training/art/shapes/buildings/t_stone_facade_d.color.png",
        "detailNormalMap": "/levels/driver_training/art/shapes/buildings/t_stone_facade_nm.normal.png",
        "detailNormalMapStrength": 0.300000012,
        "detailScale": [
          1,
          1
        ],
        "normalMap": "levels/driver_training/art/shapes/buildings/t_stone_facade_nm.normal.png",
        "pixelSpecular": true,
        "roughnessFactor": 0.400000006,
        "specular": [
          0.842046976,
          0.842038989,
          0.842038989,
          1
        ],
        "specularMap": "levels/driver_training/art/shapes/buildings/t_stone_facade_s.color.png",
        "useAnisotropic": true
      },
      {},
      {},
      {}
    ],
    "alphaRef": 0,
    "groundType": "WOOD",
    "materialTag0": "beamng",
    "materialTag1": "building",
    "translucentBlendOp": "None",
    "translucentRecvShadows": true,
    "translucentZWrite": true
  },
  "si_roof_shingles_moss": {
    "name": "si_roof_shingles_moss",
    "mapTo": "si_roof_shingles_moss",
    "class": "Material",
    "persistentId": "25aff17c-dace-49b5-9cee-0cda079a3dbd",
    "Stages": [
      {
        "colorMap": "/levels/driver_training/art/shapes/buildings/si_roof_shingles_moss_d.color.png",
        "overlayMap": "/levels/driver_training/art/shapes/objects/utah_breakup_texture.dds",
        "pixelSpecular": true,
        "roughnessFactor": 0.838,
        "specularMap": "/levels/driver_training/art/shapes/buildings/si_roof_shingles_moss_s.color.png",
        "useAnisotropic": true
      },
      {},
      {},
      {}
    ]
  },
  "ut_bld_metal_clean": {
    "name": "ut_bld_metal_clean",
    "mapTo": "ut_bld_metal_clean",
    "class": "Material",
    "persistentId": "0020c3da-ab62-4a56-98c8-90774c5b6230",
    "Stages": [
      {
        "colorMap": "levels/driver_training/art/shapes/buildings/ut_metal_clean_d.color.png",
        "normalMap": "levels/driver_training/art/shapes/buildings/ut_metal_clean_nm.normal.png",
        "reflectivityMap": "levels/driver_training/art/shapes/buildings/ut_metal_clean_ref.data.png",
        "specularMap": "levels/driver_training/art/shapes/buildings/ut_metal_clean_s.color.png",
        "specularPower": 1,
        "useAnisotropic": true,
        "vertColor": true
      },
      {},
      {},
      {}
    ],
    "cubemap": "global_cubemap_metalblurred",
    "groundType": "METAL",
    "materialTag0": "beamng",
    "materialTag1": "building",
    "materialTag2": "utah",
    "translucentBlendOp": "None"
  },
  "vertcolor_glow": {
    "name": "vertcolor_glow",
    "mapTo": "vertcolor_glow",
    "class": "Material",
    "persistentId": "fa7a2494-bbc3-4d4c-bb24-ca0cce972598",
    "Stages": [
      {
        "diffuseColor": [
          0.911150992,
          1,
          1,
          1
        ],
        "emissive": true,
        "glow": true,
        "glowFactor": [
          0.728518009,
          1,
          0.997619987
        ],
        "specular": [
          1,
          0.999989986,
          0.999989986,
          1
        ],
        "vertColor": true
      },
      {},
      {},
      {}
    ],
    "castShadows": false
  }
}